# CHAOS-8.7 core field spline coefficients
# License: CC BY 4.0 (https://creativecommons.org/licenses/by/4.0/)
# Extracted on 2026-09-30 14:46:39
   20    65     6
     1997.1019849418
     1997.1019849418
     1997.1019849418
     1997.1019849418
     1997.1019849418
     1997.1019849418
     1997.6016427105
     1998.1013004791
     1998.6009582478
     1999.1006160164
     1999.6002737851
     2000.1002053388
     2000.6012320329
     2001.1019849418
     2001.6016427105
     2002.1013004791
     2002.6009582478
     2003.1006160164
     2003.6002737851
     2004.1002053388
     2004.6012320329
     2005.1019849418
     2005.6016427105
     2006.1013004791
     2006.6009582478
     2007.1006160164
     2007.6002737851
     2008.1002053388
     2008.6012320329
     2009.1019849418
     2009.6016427105
     2010.1013004791
     2010.6009582478
     2011.1006160164
     2011.6002737851
     2012.1002053388
     2012.6012320329
     2013.1019849418
     2013.6016427105
     2014.1013004791
     2014.6009582478
     2015.1006160164
     2015.6002737851
     2016.1002053388
     2016.6012320329
     2017.1019849418
     2017.6016427105
     2018.1013004791
     2018.6009582478
     2019.1006160164
     2019.6002737851
     2020.1002053388
     2020.6012320329
     2021.1019849418
     2021.6016427105
     2022.1013004791
     2022.6009582478
     2023.1006160164
     2023.6002737851
     2024.1002053388
     2024.6012320329
     2025.1019849418
     2025.6016427105
     2026.1013004791
     2026.6009582478
     2027.1006160164
     2027.1006160164
     2027.1006160164
     2027.1006160164
     2027.1006160164
     2027.1006160164
   -2.9655229194e+04
   -1.7605245938e+03
    5.2537239786e+03
   -2.2287717030e+03
    3.0718208119e+03
   -2.4154243943e+03
    1.6799664508e+03
   -4.3333747160e+02
    1.3384789569e+03
   -2.2766965882e+03
   -2.4511638877e+02
    1.2510419158e+03
    3.0292284046e+02
    7.4274187611e+02
   -4.5493187369e+02
    9.3947019682e+02
    7.8271285408e+02
    2.6535710839e+02
    2.7388955688e+02
   -2.3416148541e+02
   -4.1200829066e+02
    1.0608554461e+02
    1.1622920442e+02
   -3.0436858729e+02
   -2.1529937767e+02
    3.5035033226e+02
    4.4776685398e+01
    2.3041179066e+02
    1.6702493739e+02
   -1.2571991402e+02
   -1.3954821590e+02
   -1.6755221889e+02
   -4.9265724614e+01
   -1.3806983721e+01
    1.0665840224e+02
    6.9873692702e+01
    6.7383034026e+01
   -1.6079814225e+01
    7.0361764681e+01
    6.8669895552e+01
   -1.6613813961e+02
    6.5797356491e+01
   -3.0574442638e+00
   -5.8965039573e+01
    1.8236675123e+01
    1.3749819834e+00
   -9.2066420447e+01
    3.8890283172e+01
    7.8175431248e+01
   -7.2500054159e+01
   -6.7592687885e+01
    7.1593590803e-01
   -2.5028573199e+01
    3.0629480458e+01
    5.7789288002e+00
    6.7776108009e+00
    2.2600480753e+01
    5.0693836686e+00
    1.5467491669e+01
    7.6138508320e+00
   -2.4248868666e+01
   -1.7564914392e+00
   -5.7562193474e+00
    2.4539545227e+01
    5.9522859744e+00
    1.1986445789e+01
   -7.7259015392e+00
   -2.1296435235e+01
   -8.2179224571e+00
    8.1823233329e+00
   -1.4996766327e+01
   -2.1808528669e+01
    8.3329460805e+00
    1.4860726477e+01
    5.4448300228e+00
    9.7162524980e+00
   -5.5909341474e+00
   -1.6077196481e+01
   -7.9293739251e+00
   -2.5514662236e+00
    5.0012406938e+00
    9.4583703810e+00
   -1.9657163854e+01
    2.5474721415e+00
    1.3568690057e+01
   -9.6380749115e+00
    1.2043547100e+01
    7.1508152947e+00
   -6.1576385512e+00
   -7.8380252849e+00
   -7.9430007921e+00
   -1.4684353512e+00
    8.6900864899e+00
    9.3236074269e+00
    4.6899139300e+00
   -2.9415192605e+00
   -8.2418513816e+00
   -7.9636429950e+00
    3.7521073668e+00
   -2.7437990549e+00
   -5.7077259320e+00
    1.4426058217e+00
    1.5566810190e+00
    1.5413465285e-01
   -3.3768127005e+00
    3.7868500645e+00
   -7.1258702327e-01
    5.0668632644e+00
    4.0261658607e+00
   -5.5214982114e+00
    1.5706789375e+00
   -1.2424608050e+00
    2.2132543929e+00
   -2.5085632706e+00
    4.5101443815e+00
    8.2847838668e-01
    7.4508791728e-01
   -2.0370974769e+00
   -7.3951252944e-01
   -7.0403863559e+00
    2.5516042950e+00
   -1.6776558043e+00
   -7.0058878135e-03
   -1.9977546453e+00
    1.0668193552e+00
    1.6120924233e+00
   -9.9220204507e-01
   -1.2711280145e-01
   -2.6703895565e+00
   -4.6829284201e-02
    9.4305151300e-01
   -6.0091677540e-01
   -7.3362558307e-01
    9.4014686816e-01
   -2.8376696663e+00
    1.7898840262e+00
   -8.5256352659e-01
    4.6112656720e-02
   -9.3399086411e-01
    1.1736662425e+00
   -2.1469337340e+00
    4.3279354918e+00
   -4.9395904791e-01
   -2.0437083674e+00
   -1.4134139346e-01
   -3.5522043389e-01
   -5.6528899199e-02
    1.9417101457e-01
    7.6329063932e-01
    2.6156765469e+00
    4.2017212324e-02
   -2.5539816486e+00
    8.3104914815e-01
    8.0477097659e-01
   -5.5230041992e-01
    1.9592101127e-01
    2.5490639428e-01
   -1.4529508007e-01
   -3.0774847801e-01
   -1.9793022891e-02
   -3.5592684676e-01
    2.6492712892e-01
   -1.9988361681e-01
   -9.3549239458e-01
    1.6594226043e-01
   -6.4792487570e-01
   -3.4698338060e-01
    8.8503648120e-01
   -5.9891890504e-02
   -7.8329699578e-01
   -7.5075863101e-01
    2.7204479487e-01
    4.0644213135e-01
    4.7853829173e-03
    1.8211674330e+00
   -2.9247571859e-01
   -3.8061034121e-01
    1.2089519699e+00
   -8.8419058681e-01
   -3.9828347610e-01
   -7.2562713794e-02
    6.4137542217e-01
    7.3252077203e-01
   -3.7710604677e-01
    1.3566966666e-01
    2.1001308130e-01
    6.2855677269e-01
   -1.5434728658e-02
    4.1198202692e-01
    3.8902370281e-01
   -3.0699307924e-01
    6.3453213926e-02
   -3.2186703659e-01
    2.6648636809e-01
   -9.5885921614e-01
   -2.6771965920e-01
    3.8270490035e-01
    3.3258128030e-01
   -1.9721947415e-01
   -8.4431371969e-01
   -2.3600728952e-01
    4.4920410730e-01
   -5.6150736221e-02
    4.1878505042e-01
    2.2803169218e-01
   -5.5625040256e-02
   -5.5681210919e-02
    2.8932479741e-01
   -2.3021286528e-02
    3.0103144633e-01
    1.6460114685e-01
    2.7331521960e-01
    1.0359812936e-02
    3.5502379777e-01
    4.6340625031e-01
    1.8765070326e-01
   -3.4730585816e-01
   -1.6633851444e-02
    2.0751320700e-01
    2.5694924668e-01
    2.5210986577e-01
    1.1658702810e-01
    5.8794706939e-01
   -1.9481854759e-01
    2.1595945735e-01
    4.2909118362e-01
    6.5140262504e-01
    3.3070906944e-02
    8.3952186041e-02
    5.4005481996e-01
    2.1575317100e-01
    2.7332717042e-02
    5.9182820408e-02
    6.4018735091e-02
   -1.3577422945e-01
   -1.6067926543e-01
    4.5524227686e-02
   -1.2066373233e-01
    3.0188840477e-01
    1.7771819481e-01
   -1.8342653246e-01
   -2.2870496562e-01
    6.5829842934e-02
   -1.8572451925e-01
    2.6049092140e-02
    2.9060899540e-01
   -7.9398094759e-02
    2.5613841480e-02
   -4.1561839228e-01
   -2.4326023399e-01
    1.2458122138e-01
    3.4157870781e-02
    5.7701927990e-02
   -1.6590998643e-01
    7.4095678148e-03
   -1.2321440040e-01
    1.1983282332e-01
    3.6554820676e-01
   -3.1346033935e-01
    1.4669841135e-01
    8.1459536120e-03
    2.0625672975e-01
    1.0788103087e-03
   -3.4137454362e-02
    1.8310541403e-02
   -1.2178018152e-01
    9.5659687986e-02
   -9.8824404372e-02
   -4.6434288467e-02
   -1.2896967169e-01
    1.9681547078e-01
    4.8619070233e-02
   -1.9090133764e-01
    1.5490433854e-02
    2.2959670749e-01
   -1.6803128895e-01
    1.7213011921e-01
   -4.0761337903e-02
    1.1968801657e-01
   -1.1335421575e-01
   -4.2685338707e-02
   -1.5368524622e-01
   -2.3814480287e-01
    2.1283883028e-01
   -8.9799469759e-03
   -7.5695730493e-02
   -1.0143375403e-01
   -2.6332058496e-01
    1.0336570865e-02
    2.2755474443e-02
    1.6102090371e-01
    3.0319553562e-02
   -2.1927979141e-01
    4.0464687025e-01
   -6.9799425010e-02
    2.7597687194e-01
   -1.1861742516e-01
   -5.1833929384e-02
   -2.7352338716e-01
    2.8646294698e-02
   -1.9772252988e-02
   -8.5757182698e-02
   -2.7579311826e-01
    1.7569916048e-01
    3.4457372229e-02
    8.4796641185e-02
   -6.1780896835e-02
    1.6415861475e-02
   -5.4850029380e-02
   -1.4271331598e-01
    1.2692404946e-01
   -1.5677603745e-01
    8.6373190739e-02
    6.2248422070e-02
   -2.2531806067e-02
    8.9864788378e-02
   -4.4282176980e-02
    1.2085419504e-02
    1.0424258123e-01
    1.0358502011e-01
   -4.1730779285e-01
   -1.5917026907e-01
   -1.1729693160e-01
    2.1167150308e-01
    6.9205057069e-02
    1.3994441472e-01
    8.5109644300e-02
    1.7926347171e-01
    1.8051225635e-01
   -1.3682979507e-01
   -8.3328504231e-02
    7.8653776756e-02
    4.8452677024e-02
   -3.2030493411e-02
    1.8126441077e-01
    6.9464040962e-02
   -3.9585100021e-02
   -1.9344623134e-01
    3.3503519197e-02
   -1.3246341499e-01
   -5.7352457033e-02
   -1.0625569922e-01
    1.1411695902e-01
    1.3874676523e-01
   -3.9340627255e-02
    1.1726018644e-01
   -5.0450219996e-02
   -1.3176680810e-01
   -7.0656986263e-02
   -3.9737022840e-02
   -2.5608346927e-02
    1.3273684422e-01
    4.4804625867e-02
   -9.3181408002e-02
   -1.9841816191e-02
    1.0255252497e-01
    1.6726591254e-01
    3.8017480647e-02
   -4.4338296171e-02
    5.2821570168e-02
   -4.3390196817e-02
    4.0691237307e-01
    1.5973477332e-01
   -4.1332819498e-02
    9.2040938049e-03
    1.0151978274e-01
   -5.4783599717e-02
    7.8918138649e-02
    1.0217245327e-01
    6.3929193905e-02
   -3.5092823618e-01
   -2.0774157973e-02
    1.1824692096e-03
    1.0934633982e-01
   -1.6015280561e-01
   -2.0584323324e-02
   -1.0818985052e-02
    1.0269792721e-01
   -4.1746958045e-02
   -8.0519866483e-02
    1.1216330572e-01
    4.3681921378e-02
    1.6324039345e-01
   -1.1499012224e-01
    1.0363525690e-03
   -6.3435468750e-03
    7.4766272805e-02
    8.3876189217e-02
   -1.1135529153e-01
    1.2850113947e-01
    8.4170642773e-02
    5.8865298087e-02
   -4.9617284502e-02
   -3.4073799038e-02
    1.2527365214e-02
    6.0978158137e-02
   -8.2895333950e-02
   -7.9424983933e-02
   -5.6687810190e-02
   -3.5794638625e-02
    2.0258783975e-01
    5.4054422582e-02
   -5.8165656444e-02
    2.4614383011e-01
    2.0900316516e-01
    4.9810755218e-02
   -2.1972599645e-01
   -3.5667410236e-01
    2.9270538897e-01
    7.8647282421e-02
    2.3825316698e-01
    1.1277476613e-01
   -8.3864849111e-02
    1.1311046345e-01
   -2.2908571540e-02
   -1.6468908935e-01
    6.8542063602e-02
   -1.7139921082e-01
    5.1515071816e-02
   -6.3905116811e-02
   -1.5683293877e-01
    2.7353478349e-02
   -1.0262950858e-02
    8.5445953576e-03
   -6.6640233264e-02
    2.8750613969e-02
    6.0278533214e-02
   -1.2938693725e-01
   -5.2248871129e-03
    2.5117987604e-02
    1.9317645702e-02
    6.2356603908e-02
   -1.9245016183e-02
    6.3025902483e-02
   -1.5322364351e-01
    1.4857613609e-01
    7.0866054601e-02
    2.1469352069e-02
    1.2476602724e-02
   -1.2297847907e-01
   -2.9654011358e+04
   -1.7595490849e+03
    5.2512638356e+03
   -2.2300511955e+03
    3.0717791464e+03
   -2.4177841662e+03
    1.6796874912e+03
   -4.3415453393e+02
    1.3385824736e+03
   -2.2770881290e+03
   -2.4445438443e+02
    1.2512101580e+03
    3.0265377730e+02
    7.4181640294e+02
   -4.5626930709e+02
    9.3925366915e+02
    7.8282378538e+02
    2.6564639504e+02
    2.7309653165e+02
   -2.3408038981e+02
   -4.1175055007e+02
    1.0654504586e+02
    1.1607417454e+02
   -3.0433945928e+02
   -2.1540112871e+02
    3.5037120166e+02
    4.4754428001e+01
    2.3009953107e+02
    1.6718830331e+02
   -1.2589558250e+02
   -1.3932903558e+02
   -1.6761439954e+02
   -4.8936026318e+01
   -1.3743392452e+01
    1.0664653027e+02
    6.9974097816e+01
    6.7397798380e+01
   -1.6126522335e+01
    7.0511943071e+01
    6.8503007252e+01
   -1.6595964735e+02
    6.5768290527e+01
   -3.1164847989e+00
   -5.9054359422e+01
    1.8180986900e+01
    1.3322059772e+00
   -9.2021855399e+01
    3.9062393175e+01
    7.8213690339e+01
   -7.2562577848e+01
   -6.7483026901e+01
    7.0061801199e-01
   -2.5002585421e+01
    3.0713919997e+01
    5.7929430022e+00
    6.8580860349e+00
    2.2656253632e+01
    5.1326576157e+00
    1.5466479622e+01
    7.6180580456e+00
   -2.4300599299e+01
   -1.7582794760e+00
   -5.7601982531e+00
    2.4533365890e+01
    5.9708674378e+00
    1.1984996474e+01
   -7.7816211252e+00
   -2.1299061877e+01
   -8.2084560987e+00
    8.1961736338e+00
   -1.5057410368e+01
   -2.1813112469e+01
    8.3561115531e+00
    1.4885520942e+01
    5.5003378236e+00
    9.6938577677e+00
   -5.6803929043e+00
   -1.6037804191e+01
   -7.9004232690e+00
   -2.5311939510e+00
    5.0054398474e+00
    9.4600854834e+00
   -1.9657701050e+01
    2.5615406987e+00
    1.3554785381e+01
   -9.5965942952e+00
    1.2060953377e+01
    7.1164337727e+00
   -6.1574228762e+00
   -7.8745643938e+00
   -7.9643523978e+00
   -1.4726287821e+00
    8.6842352156e+00
    9.3223082763e+00
    4.6534594486e+00
   -2.9907424593e+00
   -8.2444540409e+00
   -7.9739988572e+00
    3.7885195397e+00
   -2.7372492851e+00
   -5.7178972733e+00
    1.4522359009e+00
    1.5560384293e+00
    1.4810039144e-01
   -3.3679150358e+00
    3.8004797290e+00
   -7.0148439539e-01
    5.0651133216e+00
    4.0152556338e+00
   -5.5359851212e+00
    1.5523405609e+00
   -1.2420760604e+00
    2.2068037741e+00
   -2.5211045648e+00
    4.5054833353e+00
    8.0519504660e-01
    7.2947230686e-01
   -2.0416351687e+00
   -7.4882551692e-01
   -7.0630962541e+00
    2.5609814784e+00
   -1.6746693823e+00
   -4.6125896818e-03
   -1.9934203698e+00
    1.0726348567e+00
    1.6093274974e+00
   -9.9019179271e-01
   -1.2749894394e-01
   -2.6688333442e+00
   -4.2345397096e-02
    9.4429362850e-01
   -6.0388147242e-01
   -7.3130410561e-01
    9.3501045271e-01
   -2.8381490826e+00
    1.7915122909e+00
   -8.5513486443e-01
    4.5183857084e-02
   -9.3972600380e-01
    1.1738287953e+00
   -2.1419511537e+00
    4.3183284214e+00
   -5.0594803607e-01
   -2.0426575371e+00
   -1.4477739842e-01
   -3.5976239954e-01
   -5.4086697117e-02
    1.9415975368e-01
    7.6371711954e-01
    2.6145298631e+00
    3.8175829789e-02
   -2.5545739199e+00
    8.3586423347e-01
    8.0148683057e-01
   -5.5028948725e-01
    1.9796390367e-01
    2.5727928131e-01
   -1.4059628486e-01
   -3.0687459304e-01
   -1.8240645181e-02
   -3.5784792398e-01
    2.6487088679e-01
   -1.9428625700e-01
   -9.3286503078e-01
    1.5676994674e-01
   -6.4368092293e-01
   -3.4757029447e-01
    8.8242322550e-01
   -6.1543969451e-02
   -7.8458690521e-01
   -7.5223841677e-01
    2.7067001884e-01
    4.0358807202e-01
    8.1667136005e-03
    1.8198020279e+00
   -2.9519841669e-01
   -3.8334634512e-01
    1.2095714524e+00
   -8.8641012395e-01
   -3.9849340392e-01
   -7.1100787110e-02
    6.4286517561e-01
    7.3158101204e-01
   -3.7661676812e-01
    1.3869024191e-01
    2.1214837434e-01
    6.2772480395e-01
   -1.6515441188e-02
    4.1010071244e-01
    3.9026343293e-01
   -3.0434804102e-01
    6.4266207459e-02
   -3.2739635216e-01
    2.5718337430e-01
   -9.5560293113e-01
   -2.6874193025e-01
    3.8198525893e-01
    3.3255451341e-01
   -1.9804184590e-01
   -8.4178283350e-01
   -2.3569488077e-01
    4.4858047827e-01
   -5.6450563898e-02
    4.1910135225e-01
    2.2860858546e-01
   -5.6138617767e-02
   -5.6560147850e-02
    2.9082317240e-01
   -2.4688922224e-02
    3.0032461746e-01
    1.6525272160e-01
    2.7344651886e-01
    8.9831377056e-03
    3.5490832838e-01
    4.6623493649e-01
    1.8867882434e-01
   -3.4658233098e-01
   -1.5988452688e-02
    2.0939257403e-01
    2.5544387287e-01
    2.5326418914e-01
    1.1152335868e-01
    5.8144375878e-01
   -1.9766146174e-01
    2.1605070680e-01
    4.2908891251e-01
    6.5175676021e-01
    3.3661809797e-02
    8.3877829207e-02
    5.3884799817e-01
    2.1577267887e-01
    2.6220733961e-02
    5.9142739229e-02
    6.4654479077e-02
   -1.3372616774e-01
   -1.6027862763e-01
    4.6185883582e-02
   -1.2127061255e-01
    3.0156581958e-01
    1.7711328214e-01
   -1.8407854948e-01
   -2.2945032053e-01
    6.6214544861e-02
   -1.8581909462e-01
    2.4943840484e-02
    2.8982285881e-01
   -7.9404900416e-02
    2.5031374187e-02
   -4.1414223105e-01
   -2.4157668934e-01
    1.2622192073e-01
    3.5580108944e-02
    5.6862050774e-02
   -1.6510303057e-01
    7.7234290346e-03
   -1.2319795555e-01
    1.1980105501e-01
    3.6572532179e-01
   -3.1377388960e-01
    1.4650434109e-01
    9.0289576122e-03
    2.0706428115e-01
    1.1995681800e-03
   -3.4375435034e-02
    1.8542932067e-02
   -1.2166175319e-01
    9.5588470692e-02
   -9.8480744458e-02
   -4.6292278640e-02
   -1.2855953544e-01
    1.9677909575e-01
    4.7890439832e-02
   -1.9087215532e-01
    1.5091374611e-02
    2.2962757018e-01
   -1.6772668642e-01
    1.7272709283e-01
   -4.0600651972e-02
    1.1829217430e-01
   -1.1335541613e-01
   -4.3632024094e-02
   -1.5319188716e-01
   -2.3662938429e-01
    2.1312012785e-01
   -9.0750359880e-03
   -7.5438933848e-02
   -1.0132319656e-01
   -2.6208368234e-01
    1.0026913356e-02
    2.2446233378e-02
    1.6144998709e-01
    3.0518548799e-02
   -2.1945936543e-01
    4.0391811300e-01
   -6.9594600297e-02
    2.7570116771e-01
   -1.1878222982e-01
   -5.1456106336e-02
   -2.7317202356e-01
    2.8615302426e-02
   -1.9996806692e-02
   -8.5552567971e-02
   -2.7601337781e-01
    1.7545521341e-01
    3.4163777082e-02
    8.4862380045e-02
   -6.1812946815e-02
    1.6252187436e-02
   -5.5065550009e-02
   -1.4275369312e-01
    1.2708520063e-01
   -1.5663448283e-01
    8.6911242441e-02
    6.1658505514e-02
   -2.2871694321e-02
    8.9202478448e-02
   -4.4767656157e-02
    1.2133300304e-02
    1.0442406257e-01
    1.0266480306e-01
   -4.1646081850e-01
   -1.5898142008e-01
   -1.1625303104e-01
    2.1166194340e-01
    6.9072178866e-02
    1.4010949480e-01
    8.5452403849e-02
    1.7894017255e-01
    1.8053513884e-01
   -1.3672509321e-01
   -8.3275921781e-02
    7.8650002872e-02
    4.8717426738e-02
   -3.2044255458e-02
    1.8132294878e-01
    6.9602247078e-02
   -3.9622475243e-02
   -1.9360450867e-01
    3.3631187101e-02
   -1.3244614747e-01
   -5.7357749568e-02
   -1.0652216221e-01
    1.1408406957e-01
    1.3889463752e-01
   -3.9083477586e-02
    1.1716359423e-01
   -5.0626973845e-02
   -1.3165779690e-01
   -7.0375756232e-02
   -3.9849822533e-02
   -2.5306600261e-02
    1.3286421569e-01
    4.4730080179e-02
   -9.2855278815e-02
   -1.9678456125e-02
    1.0221810995e-01
    1.6712306060e-01
    3.6990979781e-02
   -4.4163596081e-02
    5.3256017519e-02
   -4.3472829058e-02
    4.0687386388e-01
    1.5976216063e-01
   -4.1328381677e-02
    9.1429991190e-03
    1.0156606769e-01
   -5.4910779431e-02
    7.8657735778e-02
    1.0201438493e-01
    6.3875910444e-02
   -3.5091963685e-01
   -2.0645811821e-02
    1.0027343380e-03
    1.0930082142e-01
   -1.6018136097e-01
   -2.0417342484e-02
   -1.0879274491e-02
    1.0267517088e-01
   -4.1771408573e-02
   -8.0473988144e-02
    1.1194443225e-01
    4.3582685561e-02
    1.6332677133e-01
   -1.1485532955e-01
    1.1478863352e-03
   -6.4387909191e-03
    7.4682286562e-02
    8.3891113083e-02
   -1.1141163843e-01
    1.2853750119e-01
    8.4299344276e-02
    5.8915416438e-02
   -4.9578021640e-02
   -3.4036075633e-02
    1.2392456608e-02
    6.1242557215e-02
   -8.2953027597e-02
   -7.9259270460e-02
   -5.6380782543e-02
   -3.5755783203e-02
    2.0255428714e-01
    5.4227504129e-02
   -5.8046413457e-02
    2.4605624386e-01
    2.0894153420e-01
    4.9802699127e-02
   -2.1968171834e-01
   -3.5654631791e-01
    2.9278234588e-01
    7.8595426396e-02
    2.3823839863e-01
    1.1271465645e-01
   -8.3865402924e-02
    1.1319585388e-01
   -2.2914144617e-02
   -1.6471595869e-01
    6.8484615050e-02
   -1.7140768357e-01
    5.1567089429e-02
   -6.3853721175e-02
   -1.5686694257e-01
    2.7349244515e-02
   -1.0305097755e-02
    8.5353095081e-03
   -6.6719531455e-02
    2.8752964933e-02
    6.0265294707e-02
   -1.2946371578e-01
   -5.2275902867e-03
    2.5078351170e-02
    1.9312866164e-02
    6.2329214948e-02
   -1.9245526342e-02
    6.2790375887e-02
   -1.5317176590e-01
    1.4864456421e-01
    7.0756175437e-02
    2.1404740592e-02
    1.2374710854e-02
   -1.2273506739e-01
   -2.9651563741e+04
   -1.7575903781e+03
    5.2463506115e+03
   -2.2326136661e+03
    3.0716936893e+03
   -2.4225004384e+03
    1.6791271514e+03
   -4.3579000515e+02
    1.3387875467e+03
   -2.2778706989e+03
   -2.4313071352e+02
    1.2515451364e+03
    3.0211320611e+02
    7.3996539734e+02
   -4.5894421565e+02
    9.3881922627e+02
    7.8304555988e+02
    2.6622485801e+02
    2.7151024787e+02
   -2.3391866358e+02
   -4.1123450995e+02
    1.0746431397e+02
    1.1576385073e+02
   -3.0428098318e+02
   -2.1560488465e+02
    3.5041285159e+02
    4.4709837321e+01
    2.2947516496e+02
    1.6751472982e+02
   -1.2624672566e+02
   -1.3889052220e+02
   -1.6773859317e+02
   -4.8276446475e+01
   -1.3616357153e+01
    1.0662272141e+02
    7.0174845309e+01
    6.7427324440e+01
   -1.6219964699e+01
    7.0812259080e+01
    6.8169231096e+01
   -1.6560261963e+02
    6.5710177019e+01
   -3.2345632784e+00
   -5.9232918128e+01
    1.8069633834e+01
    1.2466990428e+00
   -9.1932719398e+01
    3.9406624127e+01
    7.8290195462e+01
   -7.2687617355e+01
   -6.7263731413e+01
    6.6995942940e-01
   -2.4950612613e+01
    3.0882802622e+01
    5.8209442700e+00
    7.0190417705e+00
    2.2767809852e+01
    5.2592158271e+00
    1.5464417671e+01
    7.6264277210e+00
   -2.4404033470e+01
   -1.7618280830e+00
   -5.7681360459e+00
    2.4521014015e+01
    6.0080338756e+00
    1.1982097823e+01
   -7.8930506461e+00
   -2.1304310659e+01
   -8.1895247369e+00
    8.2238708143e+00
   -1.5178691125e+01
   -2.1822264701e+01
    8.4024436113e+00
    1.4935115148e+01
    5.6113512010e+00
    9.6490643137e+00
   -5.8593060544e+00
   -1.5959018585e+01
   -7.8425209145e+00
   -2.4906517806e+00
    5.0138441874e+00
    9.4635161919e+00
   -1.9658777797e+01
    2.5896785608e+00
    1.3526978825e+01
   -9.5136352979e+00
    1.2095762049e+01
    7.0476741260e+00
   -6.1569932125e+00
   -7.9476420875e+00
   -8.0070497283e+00
   -1.4810131744e+00
    8.6725301841e+00
    9.3197068964e+00
    4.5805536810e+00
   -3.0891842113e+00
   -8.2496571766e+00
   -7.9947088414e+00
    3.8613424746e+00
   -2.7241481668e+00
   -5.7382394074e+00
    1.4714944028e+00
    1.5547533709e+00
    1.3603355844e-01
   -3.3501184743e+00
    3.8277375930e+00
   -6.7927929045e-01
    5.0616121172e+00
    3.9934354444e+00
   -5.5649581346e+00
    1.5156655924e+00
   -1.2413060575e+00
    2.1939037298e+00
   -2.5461875737e+00
    4.4961608053e+00
    7.5862894972e-01
    6.9824269905e-01
   -2.0507101278e+00
   -7.6745192657e-01
   -7.1085149750e+00
    2.5797353137e+00
   -1.6686968483e+00
    1.7380303491e-04
   -1.9847521798e+00
    1.0842650802e+00
    1.6037970736e+00
   -9.8617103113e-01
   -1.2827141575e-01
   -2.6657203573e+00
   -3.3377884565e-02
    9.4677766878e-01
   -6.0981070527e-01
   -7.2666163781e-01
    9.2473761782e-01
   -2.8391076230e+00
    1.7947686734e+00
   -8.6027759564e-01
    4.3326700662e-02
   -9.5119650918e-01
    1.1741534578e+00
   -2.1319863884e+00
    4.2991143827e+00
   -5.2992587030e-01
   -2.0405560894e+00
   -1.5164929573e-01
   -3.6884615593e-01
   -4.9202197039e-02
    1.9413715051e-01
    7.6457019339e-01
    2.6122366271e+00
    3.0492930759e-02
   -2.5557585506e+00
    8.4549380021e-01
    7.9491870203e-01
   -5.4626751091e-01
    2.0204957768e-01
    2.6202521288e-01
   -1.3119914498e-01
   -3.0512700051e-01
   -1.5136128796e-02
   -3.6168974391e-01
    2.6475848063e-01
   -1.8309167679e-01
   -9.2761051941e-01
    1.3842533277e-01
   -6.3519293050e-01
   -3.4874389646e-01
    8.7719679378e-01
   -6.4848072964e-02
   -7.8716677523e-01
   -7.5519787839e-01
    2.6792054758e-01
    3.9788005869e-01
    1.4929363755e-02
    1.8170712926e+00
   -3.0064377938e-01
   -3.8881828945e-01
    1.2108102693e+00
   -8.9084918266e-01
   -3.9891325374e-01
   -6.8177036077e-02
    6.4584473039e-01
    7.2970143412e-01
   -3.7563808844e-01
    1.4473121801e-01
    2.1641894894e-01
    6.2606083585e-01
   -1.8676847492e-02
    4.0633823513e-01
    3.9274280365e-01
   -2.9905804779e-01
    6.5892045300e-02
   -3.3845482714e-01
    2.3857747213e-01
   -9.4909038910e-01
   -2.7078643842e-01
    3.8054594777e-01
    3.3250104488e-01
   -1.9968653968e-01
   -8.3672110576e-01
   -2.3507004168e-01
    4.4733323557e-01
   -5.7050198801e-02
    4.1973396355e-01
    2.2976231859e-01
   -5.7165764100e-02
   -5.8317993433e-02
    2.9381987624e-01
   -2.8024183565e-02
    2.9891098110e-01
    1.6655591039e-01
    2.7370907570e-01
    6.2298409225e-03
    3.5467740983e-01
    4.7189228174e-01
    1.9073503839e-01
   -3.4513535804e-01
   -1.4697643593e-02
    2.1315127214e-01
    2.5243313948e-01
    2.5557280971e-01
    1.0139603823e-01
    5.6843715198e-01
   -2.0334728649e-01
    2.1623320716e-01
    4.2908437885e-01
    6.5246503174e-01
    3.4843623533e-02
    8.3729105409e-02
    5.3643436560e-01
    2.1581169800e-01
    2.3996781942e-02
    5.9062566229e-02
    6.5925945403e-02
   -1.2963005488e-01
   -1.5947734800e-01
    4.7509180504e-02
   -1.2248435576e-01
    3.0092064183e-01
    1.7590348016e-01
   -1.8538257782e-01
   -2.3094102163e-01
    6.6983952498e-02
   -1.8600824984e-01
    2.2733369041e-02
    2.8825059153e-01
   -7.9418521924e-02
    2.3866437922e-02
   -4.1118992297e-01
   -2.3820960446e-01
    1.2950330260e-01
    3.8424582624e-02
    5.5182303307e-02
   -1.6348912494e-01
    8.3511404342e-03
   -1.2316505925e-01
    1.1973752094e-01
    3.6607955010e-01
   -3.1440098972e-01
    1.4611620515e-01
    1.0794968042e-02
    2.0867938138e-01
    1.4410874741e-03
   -3.4851400822e-02
    1.9007710400e-02
   -1.2142489847e-01
    9.5446036637e-02
   -9.7793424753e-02
   -4.6008252290e-02
   -1.2773926144e-01
    1.9670635238e-01
    4.6433184318e-02
   -1.9081379149e-01
    1.4293266538e-02
    2.2968929174e-01
   -1.6711747862e-01
    1.7392103056e-01
   -4.0279283301e-02
    1.1550049664e-01
   -1.1335782139e-01
   -4.5525393044e-02
   -1.5220517118e-01
   -2.3359854786e-01
    2.1368272261e-01
   -9.2652182079e-03
   -7.4925333961e-02
   -1.0110208158e-01
   -2.5960987871e-01
    9.4075999978e-03
    2.1827752884e-02
    1.6230815230e-01
    3.0916538371e-02
   -2.1981851229e-01
    4.0246059983e-01
   -6.9184952919e-02
    2.7514975847e-01
   -1.1911183740e-01
   -5.0700457807e-02
   -2.7246929690e-01
    2.8553316254e-02
   -2.0445912964e-02
   -8.5143337425e-02
   -2.7645389622e-01
    1.7496732080e-01
    3.3576587620e-02
    8.4993857374e-02
   -6.1877044059e-02
    1.5924838781e-02
   -5.5496590277e-02
   -1.4283444680e-01
    1.2740750075e-01
   -1.5635137058e-01
    8.7987342768e-02
    6.0478675087e-02
   -2.3551471386e-02
    8.7877858358e-02
   -4.5738613204e-02
    1.2229063375e-02
    1.0478702488e-01
    1.0082436975e-01
   -4.1476687163e-01
   -1.5860372165e-01
   -1.1416523029e-01
    2.1164282381e-01
    6.8806423313e-02
    1.4043965446e-01
    8.6137922287e-02
    1.7829357501e-01
    1.8058090342e-01
   -1.3651568972e-01
   -8.3170756667e-02
    7.8642455796e-02
    4.9246926297e-02
   -3.2071779559e-02
    1.8144002408e-01
    6.9878659646e-02
   -3.9697225486e-02
   -1.9392106346e-01
    3.3886522830e-02
   -1.3241161247e-01
   -5.7368333908e-02
   -1.0705508794e-01
    1.1401829081e-01
    1.3919038299e-01
   -3.8569177796e-02
    1.1697040962e-01
   -5.0980480740e-02
   -1.3143977508e-01
   -6.9813295695e-02
   -4.0075420810e-02
   -2.4703106713e-02
    1.3311895837e-01
    4.4580988951e-02
   -9.2203020764e-02
   -1.9351736269e-02
    1.0154927902e-01
    1.6683735655e-01
    3.4937978471e-02
   -4.3814196525e-02
    5.4124912485e-02
   -4.3638093451e-02
    4.0679684551e-01
    1.5981693545e-01
   -4.1319506164e-02
    9.0208098353e-03
    1.0165863748e-01
   -5.5165139033e-02
    7.8136929767e-02
    1.0169824813e-01
    6.3769343508e-02
   -3.5090243787e-01
   -2.0389119381e-02
    6.4326457351e-04
    1.0920978444e-01
   -1.6023847182e-01
   -2.0083380741e-02
   -1.0999853314e-02
    1.0262965852e-01
   -4.1820309636e-02
   -8.0382231397e-02
    1.1150668524e-01
    4.3384214205e-02
    1.6349952721e-01
   -1.1458574404e-01
    1.3709539097e-03
   -6.6292790361e-03
    7.4514314047e-02
    8.3920960664e-02
   -1.1152433258e-01
    1.2861022478e-01
    8.4556747843e-02
    5.9015653159e-02
   -4.9499496010e-02
   -3.3960628564e-02
    1.2122639275e-02
    6.1771354782e-02
   -8.3068414748e-02
   -7.8927843456e-02
   -5.5766727189e-02
   -3.5678072356e-02
    2.0248718192e-01
    5.4573667310e-02
   -5.7807927499e-02
    2.4588107132e-01
    2.0881827225e-01
    4.9786586916e-02
   -2.1959316202e-01
   -3.5629074896e-01
    2.9293625976e-01
    7.8491714418e-02
    2.3820886197e-01
    1.1259443717e-01
   -8.3866510556e-02
    1.1336663477e-01
   -2.2925290848e-02
   -1.6476969739e-01
    6.8369718104e-02
   -1.7142462908e-01
    5.1671124651e-02
   -6.3750929919e-02
   -1.5693495006e-01
    2.7340776927e-02
   -1.0389391511e-02
    8.5167377745e-03
   -6.6878127791e-02
    2.8757666841e-02
    6.0238817557e-02
   -1.2961727294e-01
   -5.2329964704e-03
    2.4999078108e-02
    1.9303307030e-02
    6.2274436917e-02
   -1.9246546741e-02
    6.2319322434e-02
   -1.5306801064e-01
    1.4878142045e-01
    7.0536416941e-02
    2.1275517502e-02
    1.2170927021e-02
   -1.2224824397e-01
   -2.9647840866e+04
   -1.7546131967e+03
    5.2390165965e+03
   -2.2364703623e+03
    3.0715527616e+03
   -2.4295532302e+03
    1.6782651147e+03
   -4.3825476449e+02
    1.3390774134e+03
   -2.2790431856e+03
   -2.4115081442e+02
    1.2520266104e+03
    3.0128379617e+02
    7.3718092703e+02
   -4.6295887949e+02
    9.3815417117e+02
    7.8337893902e+02
    2.6708898589e+02
    2.6912450541e+02
   -2.3368062718e+02
   -4.1045434152e+02
    1.0884701428e+02
    1.1528980378e+02
   -3.0418634699e+02
   -2.1591393652e+02
    3.5047603190e+02
    4.4641486685e+01
    2.2854283091e+02
    1.6800016294e+02
   -1.2676989191e+02
   -1.3822867907e+02
   -1.6792086897e+02
   -4.7283868307e+01
   -1.3434027755e+01
    1.0658544595e+02
    7.0473892452e+01
    6.7472010528e+01
   -1.6359924621e+01
    7.1261413012e+01
    6.7668855664e+01
   -1.6506624729e+02
    6.5624198205e+01
   -3.4126805938e+00
   -5.9498109342e+01
    1.7903322687e+01
    1.1206126332e+00
   -9.1797172342e+01
    3.9923680574e+01
    7.8404177508e+01
   -7.2874517412e+01
   -6.6935649741e+01
    6.2270033915e-01
   -2.4872887417e+01
    3.1136528205e+01
    5.8619825302e+00
    7.2606759548e+00
    2.2935183669e+01
    5.4493320464e+00
    1.5459098497e+01
    7.6366695811e+00
   -2.4557340580e+01
   -1.7632889505e+00
   -5.7778621365e+00
    2.4502624310e+01
    6.0640466950e+00
    1.1977660151e+01
   -8.0597013368e+00
   -2.1312301907e+01
   -8.1610426456e+00
    8.2652169067e+00
   -1.5360168737e+01
   -2.1834864838e+01
    8.4721400207e+00
    1.5009683630e+01
    5.7775904227e+00
    9.5814938883e+00
   -6.1272218339e+00
   -1.5840810601e+01
   -7.7557489038e+00
   -2.4305861572e+00
    5.0269540441e+00
    9.4687149526e+00
   -1.9660618274e+01
    2.6319225176e+00
    1.3485439479e+01
   -9.3892717457e+00
    1.2147481903e+01
    6.9447928539e+00
   -6.1565282452e+00
   -8.0571585965e+00
   -8.0707408396e+00
   -1.4934080136e+00
    8.6546512159e+00
    9.3154433992e+00
    4.4714862768e+00
   -3.2362528103e+00
   -8.2572929023e+00
   -8.0253146911e+00
    3.9703170862e+00
   -2.7043265462e+00
   -5.7687510045e+00
    1.5000741087e+00
    1.5527685794e+00
    1.1808533062e-01
   -3.3232435985e+00
    3.8684770976e+00
   -6.4597585790e-01
    5.0561489643e+00
    3.9607840262e+00
   -5.6083422910e+00
    1.4608423480e+00
   -1.2401315313e+00
    2.1746197323e+00
   -2.5838339294e+00
    4.4821252659e+00
    6.8888415385e-01
    6.5161969823e-01
   -2.0642205975e+00
   -7.9556221388e-01
   -7.1762103722e+00
    2.6078078263e+00
   -1.6597440365e+00
    7.3193283336e-03
   -1.9717799177e+00
    1.1016240612e+00
    1.5954561761e+00
   -9.8013579457e-01
   -1.2944553098e-01
   -2.6610085471e+00
   -1.9919582745e-02
    9.5049057967e-01
   -6.1871600369e-01
   -7.1973753748e-01
    9.0932199846e-01
   -2.8405021576e+00
    1.7996502774e+00
   -8.6799575023e-01
    4.0635706652e-02
   -9.6843922256e-01
    1.1745770951e+00
   -2.1170946576e+00
    4.2703072750e+00
   -5.6577247627e-01
   -2.0374378778e+00
   -1.6195061795e-01
   -3.8244892311e-01
   -4.1867059569e-02
    1.9407939700e-01
    7.6585221013e-01
    2.6088200003e+00
    1.8940851350e-02
   -2.5575210609e+00
    8.5987494180e-01
    7.8507830048e-01
   -5.4022432327e-01
    2.0816715882e-01
    2.6916432615e-01
   -1.1714317404e-01
   -3.0251981640e-01
   -1.0502510027e-02
   -3.6741287508e-01
    2.6459515143e-01
   -1.6632223512e-01
   -9.1976269169e-01
    1.1091780589e-01
   -6.2244625894e-01
   -3.5041770603e-01
    8.6938717180e-01
   -6.9798301761e-02
   -7.9104394428e-01
   -7.5961942613e-01
    2.6380874322e-01
    3.8933035171e-01
    2.5078449871e-02
    1.8129844677e+00
   -3.0881318411e-01
   -3.9701865121e-01
    1.2126421317e+00
   -8.9749593079e-01
   -3.9954444086e-01
   -6.3801195688e-02
    6.5032112371e-01
    7.2687648728e-01
   -3.7415379798e-01
    1.5377199895e-01
    2.2282491416e-01
    6.2356258983e-01
   -2.1912457776e-02
    4.0071230255e-01
    3.9644169731e-01
   -2.9113632469e-01
    6.8309548136e-02
   -3.5501340392e-01
    2.1070430523e-01
   -9.3933235069e-01
   -2.7384862922e-01
    3.7838336444e-01
    3.3242979388e-01
   -2.0214849924e-01
   -8.2913566256e-01
   -2.3412732772e-01
    4.4546612449e-01
   -5.7946848536e-02
    4.2068323167e-01
    2.3148471063e-01
   -5.8703524039e-02
   -6.0952534073e-02
    2.9830773644e-01
   -3.3025211890e-02
    2.9679345339e-01
    1.6851709937e-01
    2.7409557595e-01
    2.1082389468e-03
    3.5433250869e-01
    4.8037574331e-01
    1.9381302702e-01
   -3.4297361362e-01
   -1.2759944251e-02
    2.1878466725e-01
    2.4792001274e-01
    2.5903135100e-01
    8.6210384725e-02
    5.4893733002e-01
   -2.1187353849e-01
    2.1650752358e-01
    4.2907996403e-01
    6.5352716058e-01
    3.6616851451e-02
    8.3503328259e-02
    5.3281647017e-01
    2.1587082378e-01
    2.0663888014e-02
    5.8940736681e-02
    6.7828958432e-02
   -1.2348847160e-01
   -1.5827575324e-01
    4.9491478241e-02
   -1.2430208930e-01
    2.9995220645e-01
    1.7409299014e-01
   -1.8733769513e-01
   -2.3317463974e-01
    6.8138242770e-02
   -1.8629107729e-01
    1.9423273126e-02
    2.8589349308e-01
   -7.9440770087e-02
    2.2119119210e-02
   -4.0676390656e-01
   -2.3315979818e-01
    1.3442061055e-01
    4.2689413794e-02
    5.2663979559e-02
   -1.6107451095e-01
    9.2876782750e-03
   -1.2311409889e-01
    1.1964258072e-01
    3.6661067351e-01
   -3.1534113385e-01
    1.4553485353e-01
    1.3443360238e-02
    2.1110087459e-01
    1.8038778301e-03
   -3.5566337820e-02
    1.9704151087e-02
   -1.2107003851e-01
    9.5232813024e-02
   -9.6762432247e-02
   -4.5581459493e-02
   -1.2650871814e-01
    1.9659850900e-01
    4.4248913401e-02
   -1.9072639971e-01
    1.3097793748e-02
    2.2978104557e-01
   -1.6620307400e-01
    1.7571015354e-01
   -3.9798079348e-02
    1.1131461513e-01
   -1.1336206294e-01
   -4.8364516340e-02
   -1.5072604717e-01
   -2.2905327380e-01
    2.1452565238e-01
   -9.5513034080e-03
   -7.4153438276e-02
   -1.0077021789e-01
   -2.5590075282e-01
    8.4791160641e-03
    2.0900518332e-02
    1.6359480036e-01
    3.1513018792e-02
   -2.2035658287e-01
    4.0027503477e-01
   -6.8571393568e-02
    2.7432251694e-01
   -1.1960532322e-01
   -4.9566224979e-02
   -2.7141568509e-01
    2.8459968428e-02
   -2.1118936574e-02
   -8.4529457107e-02
   -2.7711442771e-01
    1.7423588043e-01
    3.2696270645e-02
    8.5191037112e-02
   -6.1972700902e-02
    1.5433976064e-02
   -5.6142620242e-02
   -1.4295534111e-01
    1.2789029467e-01
   -1.5592613539e-01
    8.9600233629e-02
    5.8709987981e-02
   -2.4570910376e-02
    8.5891426579e-02
   -4.7194005281e-02
    1.2373209806e-02
    1.0533081685e-01
    9.8064901757e-02
   -4.1222765744e-01
   -1.5803699274e-01
   -1.1103421839e-01
    2.1161401727e-01
    6.8408177384e-02
    1.4093471879e-01
    8.7165763920e-02
    1.7732406713e-01
    1.8064934438e-01
   -1.3620173122e-01
   -8.3012951625e-02
    7.8631383513e-02
    5.0041221585e-02
   -3.2113228671e-02
    1.8161538279e-01
    7.0293337803e-02
   -3.9809227513e-02
   -1.9439581278e-01
    3.4269379212e-02
   -1.3235978040e-01
   -5.7383991949e-02
   -1.0785430905e-01
    1.1391979374e-01
    1.3963415452e-01
   -3.7797703077e-02
    1.1668072613e-01
   -5.1510414027e-02
   -1.3111300356e-01
   -6.8969640039e-02
   -4.0413555873e-02
   -2.3798129741e-02
    1.3350096333e-01
    4.4357330230e-02
   -9.1224840805e-02
   -1.8861841420e-02
    1.0054587374e-01
    1.6640866345e-01
    3.1859664434e-02
   -4.3290725935e-02
    5.5428129251e-02
   -4.3886003671e-02
    4.0668138836e-01
    1.5989920915e-01
   -4.1306279875e-02
    8.8375750205e-03
    1.0179736749e-01
   -5.5546619355e-02
    7.7355887389e-02
    1.0122413208e-01
    6.3609690676e-02
   -3.5087648604e-01
   -2.0004088504e-02
    1.0411589407e-04
    1.0907322569e-01
   -1.6032414978e-01
   -1.9582514295e-02
   -1.1180686053e-02
    1.0256147374e-01
   -4.1893627507e-02
   -8.0244549545e-02
    1.1085014657e-01
    4.3086645249e-02
    1.6375864831e-01
   -1.1418140429e-01
    1.7054819918e-03
   -6.9149281858e-03
    7.4262411152e-02
    8.3965736521e-02
   -1.1169346825e-01
    1.2871939587e-01
    8.4942856365e-02
    5.9165940968e-02
   -4.9381696682e-02
   -3.3847365508e-02
    1.1717964214e-02
    6.2563912016e-02
   -8.3241400727e-02
   -7.8430762306e-02
   -5.4845737166e-02
   -3.5561563563e-02
    2.0238651933e-01
    5.5092945660e-02
   -5.7450205358e-02
    2.4561831251e-01
    2.0863337976e-01
    4.9762414785e-02
   -2.1946031552e-01
   -3.5590742341e-01
    2.9316717902e-01
    7.8336212074e-02
    2.3816457651e-01
    1.1241416505e-01
   -8.3868164643e-02
    1.1362278733e-01
   -2.2942021911e-02
   -1.6485031051e-01
    6.8197410832e-02
   -1.7145005767e-01
    5.1827141030e-02
   -6.3596756533e-02
   -1.5703690851e-01
    2.7328089807e-02
   -1.0515809772e-02
    8.4888716319e-03
   -6.7116008718e-02
    2.8764729707e-02
    6.0199068867e-02
   -1.2984759868e-01
   -5.2410827876e-03
    2.4880163403e-02
    1.9288937485e-02
    6.2192311596e-02
   -1.9248073811e-02
    6.1612827174e-02
   -1.5291239361e-01
    1.4898668338e-01
    7.0206740253e-02
    2.1081650039e-02
    1.1865181128e-02
   -1.2151813174e-01
   -2.9642701658e+04
   -1.7505028720e+03
    5.2293418610e+03
   -2.2416496947e+03
    3.0712864575e+03
   -2.4388758556e+03
    1.6770131075e+03
   -4.4160205031e+02
    1.3393810286e+03
   -2.2806031818e+03
   -2.3855390537e+02
    1.2525380210e+03
    3.0009930031e+02
    7.3337200073e+02
   -4.6833004298e+02
    9.3720501623e+02
    7.8383779522e+02
    2.6821671378e+02
    2.6589922006e+02
   -2.3338334184e+02
   -4.0937898912e+02
    1.1071255393e+02
    1.1460795400e+02
   -3.0402310633e+02
   -2.1634362183e+02
    3.5057088529e+02
    4.4540971933e+01
    2.2732820851e+02
    1.6862709813e+02
   -1.2744814617e+02
   -1.3732188316e+02
   -1.6814041531e+02
   -4.5941475755e+01
   -1.3248614128e+01
    1.0652435177e+02
    7.0859077938e+01
    6.7535127267e+01
   -1.6544316340e+01
    7.1851169518e+01
    6.7003431886e+01
   -1.6434654429e+02
    6.5517590059e+01
   -3.6610531599e+00
   -5.9834123217e+01
    1.7686597327e+01
    9.6798529383e-01
   -9.1602635091e+01
    4.0617988673e+01
    7.8550458933e+01
   -7.3117910946e+01
   -6.6504312398e+01
    5.5128549875e-01
   -2.4770685620e+01
    3.1478367065e+01
    5.9109163331e+00
    7.5837647135e+00
    2.3157541623e+01
    5.7042302716e+00
    1.5435771812e+01
    7.6344024225e+00
   -2.4747178271e+01
   -1.7354273853e+00
   -5.7760057512e+00
    2.4479198425e+01
    6.1404747732e+00
    1.1970787397e+01
   -8.2786201964e+00
   -2.1323852411e+01
   -8.1219575570e+00
    8.3191438891e+00
   -1.5598580929e+01
   -2.1843181594e+01
    8.5664313624e+00
    1.5109891441e+01
    5.9969222904e+00
    9.4886193750e+00
   -6.4805115103e+00
   -1.5683138161e+01
   -7.6411978338e+00
   -2.3560648385e+00
    5.0476121410e+00
    9.4762078072e+00
   -1.9664784106e+01
    2.6885398943e+00
    1.3431247482e+01
   -9.2242347741e+00
    1.2212866599e+01
    6.8096083598e+00
   -6.1573872435e+00
   -8.2026641667e+00
   -8.1528796287e+00
   -1.5086123991e+00
    8.6284269374e+00
    9.3069779480e+00
    4.3283102370e+00
   -3.4280909980e+00
   -8.2663558224e+00
   -8.0627751926e+00
    4.1137182275e+00
   -2.6767003242e+00
   -5.8093442653e+00
    1.5358847626e+00
    1.5497344436e+00
    9.5400683867e-02
   -3.2861164477e+00
    3.9216643715e+00
   -6.0170354718e-01
    5.0473841512e+00
    3.9177360566e+00
   -5.6656296801e+00
    1.3890587393e+00
   -1.2383848170e+00
    2.1494270792e+00
   -2.6341617970e+00
    4.4629286292e+00
    5.9665103724e-01
    5.9115304063e-01
   -2.0815226210e+00
   -8.3460097606e-01
   -7.2628302585e+00
    2.6447301439e+00
   -1.6479224925e+00
    1.6608013637e-02
   -1.9547212816e+00
    1.1241355404e+00
    1.5839752990e+00
   -9.7205312661e-01
   -1.3115186388e-01
   -2.6543447716e+00
   -1.9157143548e-03
    9.5529905274e-01
   -6.3067159526e-01
   -7.1077365706e-01
    8.8870592638e-01
   -2.8419835394e+00
    1.8060599836e+00
   -8.7829157486e-01
    3.7821391850e-02
   -9.9174605487e-01
    1.1745980786e+00
   -2.0976718420e+00
    4.2320293257e+00
   -6.1266064816e-01
   -2.0335502513e+00
   -1.7562574679e-01
   -4.0039529697e-01
   -3.2008614480e-02
    1.9385697296e-01
    7.6760222983e-01
    2.6044345786e+00
    3.3202498684e-03
   -2.5597817247e+00
    8.7854225214e-01
    7.7205908438e-01
   -5.3208526899e-01
    2.1626359671e-01
    2.7885646014e-01
   -9.8727688153e-02
   -2.9920322741e-01
   -4.5207427339e-03
   -3.7470207968e-01
    2.6442867607e-01
   -1.4417516542e-01
   -9.0959092695e-01
    7.4313067127e-02
   -6.0532111717e-01
   -3.5190766630e-01
    8.5924319955e-01
   -7.6346664980e-02
   -7.9627893139e-01
   -7.6537143479e-01
    2.5842661240e-01
    3.7802613205e-01
    3.8644129852e-02
    1.8076068105e+00
   -3.1970960896e-01
   -4.0790069771e-01
    1.2148902326e+00
   -9.0627909539e-01
   -4.0040014586e-01
   -5.8046958908e-02
    6.5634998244e-01
    7.2306292321e-01
   -3.7204313377e-01
    1.6565567210e-01
    2.3136929226e-01
    6.2021311374e-01
   -2.6182055488e-02
    3.9336946158e-01
    4.0120857040e-01
   -2.8069132667e-01
    7.1356223764e-02
   -3.7685290926e-01
    1.7383834230e-01
   -9.2642366717e-01
   -2.7789635767e-01
    3.7546843842e-01
    3.3241370018e-01
   -2.0538340258e-01
   -8.1908344820e-01
   -2.3283041392e-01
    4.4300329433e-01
   -5.9116800174e-02
    4.2194952003e-01
    2.3371567470e-01
   -6.0731952928e-02
   -6.4445307540e-02
    3.0423449213e-01
   -3.9680249108e-02
    2.9399437459e-01
    1.7118673813e-01
    2.7455440648e-01
   -3.3204370274e-03
    3.5388619477e-01
    4.9166251463e-01
    1.9787034604e-01
   -3.4017564185e-01
   -1.0165070585e-02
    2.2625336745e-01
    2.4193015711e-01
    2.6360682727e-01
    6.5999465113e-02
    5.2301602644e-01
   -2.2322768374e-01
    2.1687857696e-01
    4.2909261271e-01
    6.5494169354e-01
    3.8987837714e-02
    8.3181614247e-02
    5.2801272465e-01
    2.1595401121e-01
    1.6244074485e-02
    5.8765153978e-02
    7.0332510784e-02
   -1.1531929532e-01
   -1.5667506960e-01
    5.2113063872e-02
   -1.2670333327e-01
    2.9865443933e-01
    1.7171375000e-01
   -1.8993732957e-01
   -2.3613533444e-01
    6.9679830090e-02
   -1.8666316716e-01
    1.5057131267e-02
    2.8275973721e-01
   -7.9486873949e-02
    1.9789995948e-02
   -4.0088173528e-01
   -2.2643387195e-01
    1.4093907337e-01
    4.8363732460e-02
    4.9317047873e-02
   -1.5790236443e-01
    1.0490670631e-02
   -1.2303347661e-01
    1.1951919967e-01
    3.6731633065e-01
   -3.1659118034e-01
    1.4476647474e-01
    1.6971550004e-02
    2.1432102743e-01
    2.2922025138e-03
   -3.6527745570e-02
    2.0626534528e-02
   -1.2060038265e-01
    9.4951488696e-02
   -9.5387918916e-02
   -4.5005840077e-02
   -1.2486665570e-01
    1.9646526232e-01
    4.1348915046e-02
   -1.9061099359e-01
    1.1517938448e-02
    2.2989694505e-01
   -1.6497873742e-01
    1.7808080026e-01
   -3.9163046976e-02
    1.0574642706e-01
   -1.1337337881e-01
   -5.2143506170e-02
   -1.4876038107e-01
   -2.2299945129e-01
    2.1564295953e-01
   -9.9407146888e-03
   -7.3111508988e-02
   -1.0032673925e-01
   -2.5096755308e-01
    7.2449887189e-03
    1.9667887199e-02
    1.6530581061e-01
    3.2304715988e-02
   -2.2106940051e-01
    3.9736587232e-01
   -6.7759931023e-02
    2.7321844176e-01
   -1.2025679298e-01
   -4.8048293474e-02
   -2.7001414748e-01
    2.8332552410e-02
   -2.2011960471e-02
   -8.3710471347e-02
   -2.7799331018e-01
    1.7326373876e-01
    3.1525981265e-02
    8.5453567567e-02
   -6.2096111949e-02
    1.4780202599e-02
   -5.7000205639e-02
   -1.4311470182e-01
    1.2852897911e-01
   -1.5535421949e-01
    9.1741691432e-02
    5.6359440739e-02
   -2.5928896798e-02
    8.3245811569e-02
   -4.9127519195e-02
    1.2569514214e-02
    1.0605162836e-01
    9.4393529396e-02
   -4.0885382912e-01
   -1.5727957232e-01
   -1.0686446753e-01
    2.1157469776e-01
    6.7880001115e-02
    1.4159345025e-01
    8.8533124593e-02
    1.7603420003e-01
    1.8073911482e-01
   -1.3578416442e-01
   -8.2802110011e-02
    7.8618493860e-02
    5.1100607522e-02
   -3.2169565384e-02
    1.8184727377e-01
    7.0846792169e-02
   -3.9957700473e-02
   -1.9502833968e-01
    3.4778897752e-02
   -1.3229043711e-01
   -5.7403190103e-02
   -1.0891875666e-01
    1.1378955976e-01
    1.4022722173e-01
   -3.6768662626e-02
    1.1629501775e-01
   -5.2214591992e-02
   -1.3067917991e-01
   -6.7844778297e-02
   -4.0862144223e-02
   -2.2593031778e-02
    1.3400942801e-01
    4.4059028232e-02
   -8.9922063251e-02
   -1.8210061899e-02
    9.9206291361e-02
    1.6583608608e-01
    2.7762959938e-02
   -4.2597789234e-02
    5.7165438135e-02
   -4.4216623772e-02
    4.0652789300e-01
    1.6000972809e-01
   -4.1289282020e-02
    8.5936225048e-03
    1.0198148486e-01
   -5.6054950937e-02
    7.6315423855e-02
    1.0059247437e-01
    6.3398085027e-02
   -3.5084074732e-01
   -1.9490689590e-02
   -6.1440431033e-04
    1.0889105673e-01
   -1.6043851750e-01
   -1.8915149741e-02
   -1.1421528511e-02
    1.0247123928e-01
   -4.1991156643e-02
   -8.0060655748e-02
    1.0997525823e-01
    4.2690909580e-02
    1.6410411952e-01
   -1.1364245345e-01
    2.1510997115e-03
   -7.2952796827e-03
    7.3926893833e-02
    8.4025379682e-02
   -1.1191978776e-01
    1.2886557233e-01
    8.5458032007e-02
    5.9365912810e-02
   -4.9224616200e-02
   -3.3695516295e-02
    1.1178615698e-02
    6.3616228443e-02
   -8.3471343984e-02
   -7.7768224839e-02
   -5.3618226709e-02
   -3.5406589362e-02
    2.0225227334e-01
    5.5785590052e-02
   -5.6973299684e-02
    2.4526794300e-01
    2.0838683561e-01
    4.9730146256e-02
   -2.1928306071e-01
   -3.5539647663e-01
    2.9347542364e-01
    7.8129342736e-02
    2.3810567282e-01
    1.1217420765e-01
   -8.3870326072e-02
    1.1396420864e-01
   -2.2964445466e-02
   -1.6495783566e-01
    6.7967993597e-02
   -1.7148402576e-01
    5.2034929082e-02
   -6.3391288314e-02
   -1.5717245900e-01
    2.7311303545e-02
   -1.0684199967e-02
    8.4516466016e-03
   -6.7433073578e-02
    2.8774200304e-02
    6.0145788655e-02
   -1.3015469197e-01
   -5.2516272692e-03
    2.4721472865e-02
    1.9269541401e-02
    6.2083000952e-02
   -1.9250140455e-02
    6.0671160998e-02
   -1.5270496754e-01
    1.4926024041e-01
    6.9766787046e-02
    2.0822817687e-02
    1.1456884232e-02
   -1.2054523316e-01
   -2.9635949567e+04
   -1.7450333418e+03
    5.2174595411e+03
   -2.2482046614e+03
    3.0707683089e+03
   -2.4503777948e+03
    1.6753292572e+03
   -4.4578368683e+02
    1.3395745812e+03
   -2.2825649114e+03
   -2.3547271182e+02
    1.2528626419e+03
    2.9852881685e+02
    7.2823945430e+02
   -4.7505878234e+02
    9.3591544744e+02
    7.8452096158e+02
    2.6954058154e+02
    2.6175148406e+02
   -2.3302852423e+02
   -4.0793117113e+02
    1.1307053306e+02
    1.1372694841e+02
   -3.0379421115e+02
   -2.1690874926e+02
    3.5074862539e+02
    4.4391581221e+01
    2.2589239256e+02
    1.6939579939e+02
   -1.2825885274e+02
   -1.3614588722e+02
   -1.6835827124e+02
   -4.4235737884e+01
   -1.3116994814e+01
    1.0645463394e+02
    7.1298399651e+01
    6.7628788611e+01
   -1.6761273181e+01
    7.2553783335e+01
    6.6175173796e+01
   -1.6344056016e+02
    6.5413087441e+01
   -4.0390835691e+00
   -6.0214065246e+01
    1.7431318532e+01
    8.3231391945e-01
   -9.1307301725e+01
    4.1494262149e+01
    7.8712966229e+01
   -7.3394785337e+01
   -6.5984825401e+01
    4.3942106775e-01
   -2.4646309545e+01
    3.1922498600e+01
    5.9635244139e+00
    7.9874055045e+00
    2.3423437301e+01
    6.0228488553e+00
    1.5351721518e+01
    7.5853225192e+00
   -2.4933791012e+01
   -1.6219054218e+00
   -5.7452227274e+00
    2.4454662453e+01
    6.2407980506e+00
    1.1956275667e+01
   -8.5434921949e+00
   -2.1341825763e+01
   -8.0658191072e+00
    8.3851973500e+00
   -1.5881929734e+01
   -2.1821462375e+01
    8.6894295465e+00
    1.5232923377e+01
    6.2610857913e+00
    9.3629279681e+00
   -6.9045658135e+00
   -1.5486503642e+01
   -7.5058734640e+00
   -2.2799641528e+00
    5.0816681046e+00
    9.4888098183e+00
   -1.9676363114e+01
    2.7602068368e+00
    1.3367347823e+01
   -9.0222052440e+00
    1.2282002123e+01
    6.6479760553e+00
   -6.1650875776e+00
   -8.3837374253e+00
   -8.2446413862e+00
   -1.5230171792e+00
    8.5872767140e+00
    9.2869176269e+00
    4.1580861481e+00
   -3.6544805346e+00
   -8.2751931026e+00
   -8.1028786038e+00
    4.2884452644e+00
   -2.6382855114e+00
   -5.8592297355e+00
    1.5723211128e+00
    1.5445686642e+00
    7.2475451729e-02
   -3.2352205511e+00
    3.9838657059e+00
   -5.4772172012e-01
    5.0314729976e+00
    3.8651460508e+00
   -5.7353261141e+00
    1.3032494685e+00
   -1.2353376410e+00
    2.1198155379e+00
   -2.6970841828e+00
    4.4365776346e+00
    4.8420176973e-01
    5.2205402242e-01
   -2.1013508325e+00
   -8.9109633247e-01
   -7.3565961626e+00
    2.6885433822e+00
   -1.6340008076e+00
    2.7398962577e-02
   -1.9343459769e+00
    1.1499983125e+00
    1.5682466791e+00
   -9.6184268261e-01
   -1.3401423644e-01
   -2.6441546990e+00
    2.0921826184e-02
    9.6051108271e-01
   -6.4597785102e-01
   -7.0022750754e-01
    8.6256451632e-01
   -2.8419440531e+00
    1.8131829825e+00
   -8.9095190390e-01
    3.7557806731e-02
   -1.0223247052e+00
    1.1721786290e+00
   -2.0749024769e+00
    4.1849274608e+00
   -6.6797211457e-01
   -2.0298065066e+00
   -1.9240958789e-01
   -4.2203313562e-01
   -1.9327165438e-02
    1.9325875415e-01
    7.7009710385e-01
    2.5994562620e+00
   -1.7090917284e-02
   -2.5623388875e+00
    8.9983910350e-01
    7.5621301792e-01
   -5.2158069914e-01
    2.2636888218e-01
    2.9172132817e-01
   -7.6946908744e-02
   -2.9599444953e-01
    2.1621207839e-03
   -3.8225371942e-01
    2.6445697505e-01
   -1.1760869258e-01
   -8.9804094677e-01
    2.8825103194e-02
   -5.8341418764e-01
   -3.5088974851e-01
    8.4776072556e-01
   -8.4283472874e-02
   -8.0311967747e-01
   -7.7196962971e-01
    2.5209615454e-01
    3.6429069610e-01
    5.5698522421e-02
    1.8011644229e+00
   -3.3329233852e-01
   -4.2133728029e-01
    1.2169926345e+00
   -9.1701070647e-01
   -4.0153183425e-01
   -5.1186420362e-02
    6.6414591661e-01
    7.1810989425e-01
   -3.6887240628e-01
    1.7978168688e-01
    2.4208184735e-01
    6.1594477706e-01
   -3.1358445046e-02
    3.8492554737e-01
    4.0649327161e-01
   -2.6814865900e-01
    7.4420100650e-02
   -4.0317770892e-01
    1.2899603836e-01
   -9.1083422992e-01
   -2.8281743952e-01
    3.7168622695e-01
    3.3274142481e-01
   -2.0919917487e-01
   -8.0681373044e-01
   -2.3106240315e-01
    4.4002601059e-01
   -6.0459246164e-02
    4.2351559375e-01
    2.3623126097e-01
   -6.3184175650e-02
   -6.8706974976e-02
    3.1140577543e-01
   -4.7948544905e-02
    2.9060878968e-01
    1.7476655547e-01
    2.7490635998e-01
   -9.8276387095e-03
    3.5339174491e-01
    5.0563556922e-01
    2.0277369738e-01
   -3.3708422052e-01
   -6.8699542419e-03
    2.3539803954e-01
    2.3457583202e-01
    2.6916579000e-01
    4.0873527401e-02
    4.9093606450e-01
   -2.3738248492e-01
    2.1736931096e-01
    4.2918644462e-01
    6.5670233228e-01
    4.1991578166e-02
    8.2694740981e-02
    5.2209295015e-01
    2.1607415287e-01
    1.0820402795e-02
    5.8484644580e-02
    7.3317317346e-02
   -1.0519461444e-01
   -1.5467537649e-01
    5.5299824967e-02
   -1.2961271613e-01
    2.9700414319e-01
    1.6888422133e-01
   -1.9315064346e-01
   -2.3976979484e-01
    7.1623772855e-02
   -1.8711849938e-01
    9.8088300986e-03
    2.7886875112e-01
   -7.9620971673e-02
    1.6880787177e-02
   -3.9360735826e-01
   -2.1806513146e-01
    1.4892615357e-01
    5.5408632096e-02
    4.5177226108e-02
   -1.5413089286e-01
    1.1788199672e-02
   -1.2288006340e-01
    1.1938042491e-01
    3.6818589258e-01
   -3.1813937537e-01
    1.4383498440e-01
    2.1374132312e-02
    2.1831391142e-01
    2.9233045351e-03
   -3.7765009342e-02
    2.1750384555e-02
   -1.2002915811e-01
    9.4610899231e-02
   -9.3671428606e-02
   -4.4257024486e-02
   -1.2280737763e-01
    1.9634325234e-01
    3.7776438419e-02
   -1.9047196303e-01
    9.6052014572e-03
    2.3001407879e-01
   -1.6342492476e-01
    1.8097873122e-01
   -3.8393995433e-02
    9.8841032530e-02
   -1.1341226565e-01
   -5.6843164817e-02
   -1.4632516886e-01
   -2.1545611878e-01
    2.1701379397e-01
   -1.0464037517e-02
   -7.1754379764e-02
   -9.9770625744e-02
   -2.4485062442e-01
    5.7185939772e-03
    1.8142679946e-02
    1.6742645040e-01
    3.3279710036e-02
   -2.2194230655e-01
    3.9374908215e-01
   -6.6770985486e-02
    2.7183314995e-01
   -1.2104549430e-01
   -4.6128706233e-02
   -2.6827543830e-01
    2.8161024341e-02
   -2.3112680143e-02
   -8.2683980896e-02
   -2.7908398275e-01
    1.7206182662e-01
    3.0077884188e-02
    8.5779599847e-02
   -6.2231303440e-02
    1.3964380311e-02
   -5.8056578305e-02
   -1.4330680657e-01
    1.2930705504e-01
   -1.5461781975e-01
    9.4383310750e-02
    5.3450320110e-02
   -2.7621746518e-02
    7.9948970458e-02
   -5.1517922338e-02
    1.2832152199e-02
    1.0693741405e-01
    8.9833836228e-02
   -4.0468093258e-01
   -1.5632462587e-01
   -1.0167149979e-01
    2.1152194623e-01
    6.7231310183e-02
    1.4241148309e-01
    9.0230222719e-02
    1.7443330271e-01
    1.8084554533e-01
   -1.3526625347e-01
   -8.2537033013e-02
    7.8610399203e-02
    5.2425940627e-02
   -3.2243988164e-02
    1.8212927453e-01
    7.1540802497e-02
   -4.0139808956e-02
   -1.9581741061e-01
    3.5412195313e-02
   -1.3220241133e-01
   -5.7420403400e-02
   -1.1024439999e-01
    1.1363067225e-01
    1.4097489628e-01
   -3.5480373608e-02
    1.1581480266e-01
   -5.3085068871e-02
   -1.3014401273e-01
   -6.6438428061e-02
   -4.1413204744e-02
   -2.1091841971e-02
    1.3464122866e-01
    4.3686028947e-02
   -8.8299089835e-02
   -1.7401370994e-02
    9.7523892581e-02
    1.6511635810e-01
    2.2670305509e-02
   -4.1751673485e-02
    5.9337222088e-02
   -4.4630123234e-02
    4.0633758739e-01
    1.6015126761e-01
   -4.1270562986e-02
    8.2901489321e-03
    1.0220832959e-01
   -5.6689405828e-02
    7.5017833893e-02
    9.9804487595e-02
    6.3138180930e-02
   -3.5079153680e-01
   -1.8848673891e-02
   -1.5113956065e-03
    1.0866288948e-01
   -1.6058215935e-01
   -1.8082492324e-02
   -1.1721433151e-02
    1.0236134968e-01
   -4.2112134175e-02
   -7.9829601702e-02
    1.0888340388e-01
    4.2200278399e-02
    1.6453608552e-01
   -1.1296914517e-01
    2.7068477774e-03
   -7.7689877377e-03
    7.3508762929e-02
    8.4099470660e-02
   -1.1220618679e-01
    1.2905070290e-01
    8.6104311625e-02
    5.9614293615e-02
   -4.9028317178e-02
   -3.3502052747e-02
    1.0504946736e-02
    6.4914679424e-02
   -8.3756010857e-02
   -7.6940484417e-02
   -5.2085333453e-02
   -3.5214225450e-02
    2.0208436361e-01
    5.6652561465e-02
   -5.6377414814e-02
    2.4482980137e-01
    2.0807852070e-01
    4.9689606700e-02
   -2.1906090495e-01
   -3.5475828777e-01
    2.9386214582e-01
    7.7872583205e-02
    2.3803263796e-01
    1.1187585741e-01
   -8.3872833728e-02
    1.1439055986e-01
   -2.2993004407e-02
   -1.6509241158e-01
    6.7682664923e-02
   -1.7152669518e-01
    5.2293797266e-02
   -6.3134827111e-02
   -1.5734031185e-01
    2.7290898934e-02
   -1.0894020835e-02
    8.4048293295e-03
   -6.7828962904e-02
    2.8786199471e-02
    6.0077971473e-02
   -1.3053868025e-01
   -5.2637139566e-03
    2.4522356643e-02
    1.9244298437e-02
    6.1946840189e-02
   -1.9252986552e-02
    5.9494751726e-02
   -1.5244579855e-01
    1.4960176960e-01
    6.9215052619e-02
    2.0497687339e-02
    1.0943768734e-02
   -1.1933078643e-01
   -2.9629073407e+04
   -1.7391950183e+03
    5.2060634836e+03
   -2.2548678196e+03
    3.0702074585e+03
   -2.4617106166e+03
    1.6736794753e+03
   -4.4981976525e+02
    1.3394858900e+03
   -2.2845733452e+03
   -2.3254358419e+02
    1.2529552584e+03
    2.9689971137e+02
    7.2294643865e+02
   -4.8155942381e+02
    9.3460521295e+02
    7.8535004699e+02
    2.7075541435e+02
    2.5755305200e+02
   -2.3265647298e+02
   -4.0635890256e+02
    1.1539333603e+02
    1.1290835562e+02
   -3.0361839356e+02
   -2.1748440607e+02
    3.5099718179e+02
    4.4221552279e+01
    2.2453537055e+02
    1.7020161259e+02
   -1.2903952541e+02
   -1.3497770862e+02
   -1.6851415324e+02
   -4.2537016998e+01
   -1.3004567208e+01
    1.0643317955e+02
    7.1691422714e+01
    6.7745653570e+01
   -1.6962886335e+01
    7.3202241350e+01
    6.5346039721e+01
   -1.6253361006e+02
    6.5345208746e+01
   -4.5394974951e+00
   -6.0568810290e+01
    1.7192288849e+01
    7.6308271976e-01
   -9.0953999263e+01
    4.2367983675e+01
    7.8850104458e+01
   -7.3626340568e+01
   -6.5486690527e+01
    3.0749325666e-01
   -2.4523219853e+01
    3.2391783005e+01
    6.0257038847e+00
    8.3851968661e+00
    2.3661656371e+01
    6.3362354357e+00
    1.5199313052e+01
    7.4914641148e+00
   -2.5068318309e+01
   -1.4624368405e+00
   -5.7073267324e+00
    2.4438376615e+01
    6.3447262111e+00
    1.1931920912e+01
   -8.8030296335e+00
   -2.1363992572e+01
   -7.9970647699e+00
    8.4554401410e+00
   -1.6143701967e+01
   -2.1755660491e+01
    8.8195563180e+00
    1.5344963251e+01
    6.5115026315e+00
    9.2257306110e+00
   -7.3028062865e+00
   -1.5290728444e+01
   -7.3787879059e+00
   -2.2188677322e+00
    5.1220826284e+00
    9.5075993103e+00
   -1.9696587843e+01
    2.8323249731e+00
    1.3307907748e+01
   -8.8280777645e+00
    1.2335473659e+01
    6.4960052684e+00
   -6.1836736647e+00
   -8.5649412492e+00
   -8.3202257570e+00
   -1.5313210466e+00
    8.5366335867e+00
    9.2560832990e+00
    4.0015623047e+00
   -3.8674833409e+00
   -8.2830774534e+00
   -8.1432457607e+00
    4.4603723765e+00
   -2.5955073664e+00
   -5.9070774681e+00
    1.5979931049e+00
    1.5374597394e+00
    5.8167858640e-02
   -3.1787691019e+00
    4.0401050992e+00
   -4.9698359885e-01
    5.0095768043e+00
    3.8133529877e+00
   -5.8024494407e+00
    1.2212107593e+00
   -1.2306018035e+00
    2.0927824566e+00
   -2.7591213771e+00
    4.4061611539e+00
    3.7584324529e-01
    4.6197163484e-01
   -2.1204203810e+00
   -9.6037589117e-01
   -7.4307893274e+00
    2.7284540624e+00
   -1.6218880970e+00
    3.7154609033e-02
   -1.9155013804e+00
    1.1728500261e+00
    1.5506519018e+00
   -9.5152629950e-01
   -1.3822205260e-01
   -2.6307206235e+00
    4.4374540925e-02
    9.6428336555e-01
   -6.6186990103e-01
   -6.8999101510e-01
    8.3574188423e-01
   -2.8385138732e+00
    1.8183795464e+00
   -9.0306412571e-01
    4.2198109356e-02
   -1.0552470855e+00
    1.1658360473e+00
   -2.0539968637e+00
    4.1395711665e+00
   -7.1919775620e-01
   -2.0277724644e+00
   -2.0861431142e-01
   -4.4249585871e-01
   -6.0798495524e-03
    1.9256485572e-01
    7.7329035864e-01
    2.5948586910e+00
   -3.8811781303e-02
   -2.5646055218e+00
    9.1816613080e-01
    7.4105688252e-01
   -5.1059869139e-01
    2.3682084199e-01
    3.0573568301e-01
   -5.6865886601e-02
   -2.9460243727e-01
    7.6768058339e-03
   -3.8724830543e-01
    2.6488554348e-01
   -9.3180924827e-02
   -8.8813183607e-01
   -1.6319656569e-02
   -5.6095171531e-01
   -3.4586278679e-01
    8.3819713831e-01
   -9.1781093992e-02
   -8.1043492350e-01
   -7.7768539094e-01
    2.4633707913e-01
    3.5118327184e-01
    7.2843186031e-02
    1.7951404017e+00
   -3.4671855706e-01
   -4.3456702944e-01
    1.2181466489e+00
   -9.2747331701e-01
   -4.0275230720e-01
   -4.4833104541e-02
    6.7233222384e-01
    7.1289402777e-01
   -3.6492350996e-01
    1.9273996950e-01
    2.5285567178e-01
    6.1154544262e-01
   -3.6313149418e-02
    3.7771618080e-01
    4.1076876069e-01
   -2.5644772804e-01
    7.6308409738e-02
   -4.2804546444e-01
    8.6093169133e-02
   -8.9631038380e-01
   -2.8753268702e-01
    3.6768836340e-01
    3.3361535467e-01
   -2.1262983673e-01
   -7.9506030505e-01
   -2.2909288394e-01
    4.3720640824e-01
   -6.1602547389e-02
    4.2502781132e-01
    2.3832241155e-01
   -6.5515357238e-02
   -7.2766925643e-02
    3.1820241366e-01
   -5.6137876049e-02
    2.8742363050e-01
    1.7873202609e-01
    2.7493063348e-01
   -1.5902657467e-02
    3.5301197001e-01
    5.1933447023e-01
    2.0744511924e-01
   -3.3467336505e-01
   -3.4758087444e-03
    2.4422050905e-01
    2.2744737557e-01
    2.7444040341e-01
    1.5973989837e-02
    4.5939208900e-01
   -2.5148639938e-01
    2.1790813934e-01
    4.2940443487e-01
    6.5844745557e-01
    4.5072540961e-02
    8.2076926001e-02
    5.1630778826e-01
    2.1621778336e-01
    5.5563017631e-03
    5.8098242777e-02
    7.6071957670e-02
   -9.5222946552e-02
   -1.5267031304e-01
    5.8346724467e-02
   -1.3237753363e-01
    2.9531371869e-01
    1.6627180449e-01
   -1.9629067157e-01
   -2.4330629848e-01
    7.3604116275e-02
   -1.8757562361e-01
    4.9028821118e-03
    2.7500427128e-01
   -7.9882501294e-02
    1.3973516728e-02
   -3.8645704725e-01
   -2.0977812058e-01
    1.5664509440e-01
    6.2369905467e-02
    4.1102935200e-02
   -1.5066644608e-01
    1.2738674007e-02
   -1.2264401518e-01
    1.1926861121e-01
    3.6903600119e-01
   -3.1966206275e-01
    1.4295093619e-01
    2.5765643146e-02
    2.2226050918e-01
    3.5876513090e-03
   -3.9059045953e-02
    2.2824090839e-02
   -1.1948507136e-01
    9.4286732478e-02
   -9.1958026621e-02
   -4.3460701687e-02
   -1.2073604020e-01
    1.9628990573e-01
    3.4290496483e-02
   -1.9034385017e-01
    7.7950593883e-03
    2.3008426726e-01
   -1.6183174072e-01
    1.8376925701e-01
   -3.7658923648e-02
    9.2023626872e-02
   -1.1349015635e-01
   -6.1507190109e-02
   -1.4391970934e-01
   -2.0794902893e-01
    2.1834224340e-01
   -1.1043175392e-02
   -7.0310179473e-02
   -9.9212458844e-02
   -2.3881124638e-01
    4.2179711785e-03
    1.6643233530e-02
    1.6951934029e-01
    3.4230477325e-02
   -2.2278652514e-01
    3.9016452760e-01
   -6.5820030643e-02
    2.7043828996e-01
   -1.2179303306e-01
   -4.4174604066e-02
   -2.6655920282e-01
    2.7970379280e-02
   -2.4191082478e-02
   -8.1652128852e-02
   -2.8016076986e-01
    1.7088171252e-01
    2.8654519062e-02
    8.6101493791e-02
   -6.2333477201e-02
    1.3150031764e-02
   -5.9086657383e-02
   -1.4348889204e-01
    1.3005400519e-01
   -1.5384731267e-01
    9.6970372225e-02
    5.0583789973e-02
   -2.9306569096e-02
    7.6668001868e-02
   -5.3866117844e-02
    1.3122670003e-02
    1.0779930650e-01
    8.5320100566e-02
   -4.0057642029e-01
   -1.5535606248e-01
   -9.6509459855e-02
    2.1146341500e-01
    6.6601517796e-02
    1.4322144335e-01
    9.1908191144e-02
    1.7285097070e-01
    1.8094308318e-01
   -1.3475462356e-01
   -8.2270091246e-02
    7.8615884952e-02
    5.3752774572e-02
   -3.2324816865e-02
    1.8239872466e-01
    7.2237582632e-02
   -4.0316084967e-02
   -1.9660397909e-01
    3.6039694362e-02
   -1.3211142376e-01
   -5.7427108322e-02
   -1.1156165903e-01
    1.1347778428e-01
    1.4173339286e-01
   -3.4189388941e-02
    1.1533787087e-01
   -5.3939814429e-02
   -1.2961964448e-01
   -6.5032024682e-02
   -4.1949205054e-02
   -1.9598623804e-02
    1.3526685189e-01
    4.3312985273e-02
   -8.6684470025e-02
   -1.6602866918e-02
    9.5828657745e-02
    1.6438984846e-01
    1.7621529927e-02
   -4.0936188498e-02
    6.1509575634e-02
   -4.5043979066e-02
    4.0614961231e-01
    1.6029844162e-01
   -4.1255845047e-02
    7.9890051049e-03
    1.0242990586e-01
   -5.7322361378e-02
    7.3724900611e-02
    9.9018923865e-02
    6.2885552252e-02
   -3.5073518056e-01
   -1.8206225155e-02
   -2.4067761254e-03
    1.0843413570e-01
   -1.6072702010e-01
   -1.7252112056e-02
   -1.2019413036e-02
    1.0225613954e-01
   -4.2231495312e-02
   -7.9596686807e-02
    1.0779430271e-01
    4.1715813992e-02
    1.6496840582e-01
   -1.1229635447e-01
    3.2608747147e-03
   -8.2402361087e-03
    7.3092536318e-02
    8.4172777441e-02
   -1.1249815377e-01
    1.2923967930e-01
    8.6754606621e-02
    5.9859858803e-02
   -4.8831975149e-02
   -3.3302681508e-02
    9.8319622501e-03
    6.6186395343e-02
   -8.4036435419e-02
   -7.6113261335e-02
   -5.0554739768e-02
   -3.5023970966e-02
    2.0191627317e-01
    5.7521486822e-02
   -5.5781860910e-02
    2.4439128479e-01
    2.0776998302e-01
    4.9648680277e-02
   -2.1883781646e-01
   -3.5412083315e-01
    2.9425118479e-01
    7.7618680927e-02
    2.3796058406e-01
    1.1158002467e-01
   -8.3874927635e-02
    1.1481623678e-01
   -2.3022387805e-02
   -1.6522725642e-01
    6.7399670263e-02
   -1.7156966703e-01
    5.2551271581e-02
   -6.2878919705e-02
   -1.5750568366e-01
    2.7271413967e-02
   -1.1102847932e-02
    8.3575726092e-03
   -6.8224243333e-02
    2.8798436112e-02
    6.0008186058e-02
   -1.3092291418e-01
   -5.2740805293e-03
    2.4322056240e-02
    1.9217373624e-02
    6.1811408484e-02
   -1.9256283988e-02
    5.8319341068e-02
   -1.5218674189e-01
    1.4994269417e-01
    6.8660322809e-02
    2.0170010737e-02
    1.0426269694e-02
   -1.1811895875e-01
   -2.9622219375e+04
   -1.7332540021e+03
    5.1950312277e+03
   -2.2616723418e+03
    3.0696406295e+03
   -2.4729000046e+03
    1.6720922164e+03
   -4.5401138959e+02
    1.3390055580e+03
   -2.2866243825e+03
   -2.2963658581e+02
    1.2528167069e+03
    2.9505895913e+02
    7.1787078740e+02
   -4.8737874296e+02
    9.3333708671e+02
    7.8624546851e+02
    2.7186521034e+02
    2.5339757229e+02
   -2.3224934706e+02
   -4.0466540504e+02
    1.1767717596e+02
    1.1209425494e+02
   -3.0355343013e+02
   -2.1806299566e+02
    3.5126452966e+02
    4.4031806789e+01
    2.2323898031e+02
    1.7106023358e+02
   -1.2979058574e+02
   -1.3386929154e+02
   -1.6860165041e+02
   -4.0845427471e+01
   -1.2893229689e+01
    1.0639684150e+02
    7.2048074296e+01
    6.7891035015e+01
   -1.7162243707e+01
    7.3784476389e+01
    6.4505303612e+01
   -1.6162961498e+02
    6.5296854300e+01
   -5.1795261644e+00
   -6.0906018440e+01
    1.6965235935e+01
    7.3541144219e-01
   -9.0579551551e+01
    4.3215055409e+01
    7.8964110041e+01
   -7.3800198106e+01
   -6.5007584842e+01
    1.6338927644e-01
   -2.4399565645e+01
    3.2884129880e+01
    6.1156264848e+00
    8.7700333126e+00
    2.3862066671e+01
    6.6389383237e+00
    1.4978326804e+01
    7.3686226139e+00
   -2.5172744645e+01
   -1.2992470229e+00
   -5.6764749322e+00
    2.4433814661e+01
    6.4488988623e+00
    1.1898152154e+01
   -9.0655673058e+00
   -2.1386501867e+01
   -7.9149954691e+00
    8.5359612331e+00
   -1.6380973511e+01
   -2.1644868089e+01
    8.9544566923e+00
    1.5437304199e+01
    6.7506515823e+00
    9.0792789829e+00
   -7.6750520551e+00
   -1.5095864111e+01
   -7.2451223662e+00
   -2.1580988421e+00
    5.1627845112e+00
    9.5348334865e+00
   -1.9725974211e+01
    2.9038338818e+00
    1.3252527942e+01
   -8.6454490527e+00
    1.2375672272e+01
    6.3537448462e+00
   -6.2157594654e+00
   -8.7483358303e+00
   -8.3757301910e+00
   -1.5327550992e+00
    8.4802213491e+00
    9.2173231813e+00
    3.8630492102e+00
   -4.0740278876e+00
   -8.2911702305e+00
   -8.1913323497e+00
    4.6300634529e+00
   -2.5494391337e+00
   -5.9514609834e+00
    1.6140625373e+00
    1.5284362391e+00
    5.4418835006e-02
   -3.1174851239e+00
    4.0898624279e+00
   -4.5120857624e-01
    4.9827564188e+00
    3.7608952222e+00
   -5.8666131473e+00
    1.1410852537e+00
   -1.2232392642e+00
    2.0692302628e+00
   -2.8191640816e+00
    4.3703799365e+00
    2.7206042958e-01
    4.1097461459e-01
   -2.1407461308e+00
   -1.0443893378e+00
   -7.4856819052e+00
    2.7632539656e+00
   -1.6126056964e+00
    4.5955966923e-02
   -1.8987990258e+00
    1.1926473822e+00
    1.5311403697e+00
   -9.4095937053e-01
   -1.4428644615e-01
   -2.6128229855e+00
    6.8506386235e-02
    9.6609595730e-01
   -6.7833143281e-01
   -6.7944535150e-01
    8.0820960779e-01
   -2.8305822824e+00
    1.8207594357e+00
   -9.1444241424e-01
    5.2475761267e-02
   -1.0908639141e+00
    1.1547453332e+00
   -2.0349154666e+00
    4.0974701111e+00
   -7.6733489868e-01
   -2.0277925801e+00
   -2.2393269726e-01
   -4.6164906641e-01
    7.8862150704e-03
    1.9227933611e-01
    7.7769183202e-01
    2.5901660874e+00
   -6.1973739070e-02
   -2.5667756538e+00
    9.3309647100e-01
    7.2682653450e-01
   -4.9907605652e-01
    2.4809080909e-01
    3.2108184175e-01
   -3.8733687406e-02
   -2.9581167617e-01
    1.1764067895e-02
   -3.8900299600e-01
    2.6588926220e-01
   -7.1988065725e-02
   -8.8003079092e-01
   -6.1110816081e-02
   -5.3818272668e-01
   -3.3620826269e-01
    8.3109030343e-01
   -9.8653295842e-02
   -8.1832720620e-01
   -7.8238999519e-01
    2.4123023353e-01
    3.3890932977e-01
    9.0003005348e-02
    1.7896433343e+00
   -3.5978006037e-01
   -4.4756734861e-01
    1.2183292292e+00
   -9.3778098995e-01
   -4.0404317258e-01
   -3.9121661381e-02
    6.8094839944e-01
    7.0736704166e-01
   -3.6008964329e-01
    2.0416362282e-01
    2.6369053014e-01
    6.0697821605e-01
   -4.1022415970e-02
    3.7215579333e-01
    4.1386105870e-01
   -2.4592573072e-01
    7.6635350886e-02
   -4.5116639277e-01
    4.5727428415e-02
   -8.8336872111e-01
   -2.9199774462e-01
    3.6343067248e-01
    3.3516402284e-01
   -2.1554486914e-01
   -7.8401503995e-01
   -2.2691080851e-01
    4.3460141236e-01
   -6.2486066585e-02
    4.2644599673e-01
    2.3988483768e-01
   -6.7709244564e-02
   -7.6507929414e-02
    3.2451326911e-01
   -6.4224430298e-02
    2.8452382199e-01
    1.8316586988e-01
    2.7456070252e-01
   -2.1438438698e-02
    3.5281058239e-01
    5.3258659863e-01
    2.1184034671e-01
   -3.3316464986e-01
    8.1428244290e-05
    2.5257457092e-01
    2.2061634962e-01
    2.7927996897e-01
   -8.5717016481e-03
    4.2862886877e-01
   -2.6548490370e-01
    2.1851309553e-01
    4.2977761046e-01
    6.6016767736e-01
    4.8267032393e-02
    8.1300073133e-02
    5.1069280123e-01
    2.1639094805e-01
    4.9394567008e-04
    5.7564657474e-02
    7.8536829124e-02
   -8.5477062700e-02
   -1.5064625034e-01
    6.1221977196e-02
   -1.3495586611e-01
    2.9357912682e-01
    1.6391169488e-01
   -1.9930911393e-01
   -2.4672501874e-01
    7.5644610814e-02
   -1.8806183075e-01
    4.4615843925e-04
    2.7116350417e-01
   -8.0311834708e-02
    1.1064233886e-02
   -3.7947600520e-01
   -2.0163248733e-01
    1.6398174410e-01
    6.9204921516e-02
    3.7112487056e-02
   -1.4760062162e-01
    1.3197793658e-02
   -1.2230388909e-01
    1.1919423097e-01
    3.6986543424e-01
   -3.2114654204e-01
    1.4213049696e-01
    3.0141050623e-02
    2.2615564653e-01
    4.2945835273e-03
   -4.0423596755e-02
    2.3830190171e-02
   -1.1897888472e-01
    9.3981900822e-02
   -9.0247596893e-02
   -4.2601385763e-02
   -1.1864736066e-01
    1.9632070355e-01
    3.0920517270e-02
   -1.9023540320e-01
    6.1242376992e-03
    2.3008818956e-01
   -1.6018545357e-01
    1.8641564016e-01
   -3.6960787189e-02
    8.5321507271e-02
   -1.1361890063e-01
   -6.6126384838e-02
   -1.4155063520e-01
   -2.0048788600e-01
    2.1961224676e-01
   -1.1684902104e-02
   -6.8750516736e-02
   -9.8648689339e-02
   -2.3287282916e-01
    2.7499262738e-03
    1.5178768095e-02
    1.7157847471e-01
    3.5147119018e-02
   -2.2359297858e-01
    3.8662452634e-01
   -6.4915539182e-02
    2.6902875463e-01
   -1.2248476088e-01
   -4.2175211309e-02
   -2.6487534937e-01
    2.7755215125e-02
   -2.5243007598e-02
   -8.0611331537e-02
   -2.8121749351e-01
    1.6973121667e-01
    2.7264500349e-02
    8.6417306208e-02
   -6.2388838518e-02
    1.2337576217e-02
   -6.0079595535e-02
   -1.4366023650e-01
    1.3076160900e-01
   -1.5303289491e-01
    9.9486175955e-02
    4.7769279888e-02
   -3.0979909937e-02
    7.3408373790e-02
   -5.6156369864e-02
    1.3451713312e-02
    1.0862750524e-01
    8.0867515169e-02
   -3.9656128769e-01
   -1.5436877478e-01
   -9.1391172795e-02
    2.1139703457e-01
    6.5997513579e-02
    1.4402163869e-01
    9.3560768484e-02
    1.7129341410e-01
    1.8102942936e-01
   -1.3425116797e-01
   -8.2001595853e-02
    7.8640453030e-02
    5.5081555313e-02
   -3.2414422743e-02
    1.8265168345e-01
    7.2936574777e-02
   -4.0484046338e-02
   -1.9738721821e-01
    3.6659292693e-02
   -1.3201539196e-01
   -5.7420389135e-02
   -1.1286710979e-01
    1.1333294770e-01
    1.4250720071e-01
   -3.2896112205e-02
    1.1486582459e-01
   -5.4773413255e-02
   -1.2910921606e-01
   -6.3626025446e-02
   -4.2466311708e-02
   -1.8115946314e-02
    1.3588435964e-01
    4.2939928030e-02
   -8.5080691756e-02
   -1.5818464180e-02
    9.4115975409e-02
    1.6365330095e-01
    1.2630761683e-02
   -4.0160886762e-02
    6.3682658368e-02
   -4.5458340614e-02
    4.0596460900e-01
    1.6045348433e-01
   -4.1246467799e-02
    7.6908253372e-03
    1.0264435842e-01
   -5.7953289757e-02
    7.2438457784e-02
    9.8236658135e-02
    6.2642874118e-02
   -3.5066941562e-01
   -1.7563210082e-02
   -3.3004121441e-03
    1.0820493705e-01
   -1.6087362780e-01
   -1.6424483981e-02
   -1.2314782037e-02
    1.0215709667e-01
   -4.2348532863e-02
   -7.9361194003e-02
    1.0670885488e-01
    4.1239015911e-02
    1.6540135547e-01
   -1.1162427038e-01
    3.8128689363e-03
   -8.7085956906e-03
    7.2678640441e-02
    8.4245185284e-02
   -1.1279734735e-01
    1.2943394727e-01
    8.7410459089e-02
    6.0101084774e-02
   -4.8635209971e-02
   -3.3095282422e-02
    9.1597074723e-03
    6.7422070652e-02
   -8.4311379071e-02
   -7.5286833738e-02
   -4.9026963564e-02
   -3.4836498097e-02
    2.0174786212e-01
    5.8393282750e-02
   -5.5186484966e-02
    2.4395211085e-01
    2.0746113372e-01
    4.9607131919e-02
   -2.1861354188e-01
   -3.5348427635e-01
    2.9464346780e-01
    7.7368460094e-02
    2.3788985882e-01
    1.1128749076e-01
   -8.3876262815e-02
    1.1524107059e-01
   -2.3052754289e-02
   -1.6536246601e-01
    6.7119669645e-02
   -1.7161303260e-01
    5.2806829717e-02
   -6.2623637021e-02
   -1.5766788892e-01
    2.7253113114e-02
   -1.1310542325e-02
    8.3097439023e-03
   -6.8618968074e-02
    2.8810991883e-02
    5.9935730480e-02
   -1.3130752960e-01
   -5.2822804499e-03
    2.4120276234e-02
    1.9188036131e-02
    6.1677091346e-02
   -1.9260156185e-02
    5.7145299494e-02
   -1.5192775559e-01
    1.5028286803e-01
    6.8101333613e-02
    1.9838951500e-02
    9.9027809586e-03
   -1.1691071791e-01
   -2.9615131356e+04
   -1.7274275044e+03
    5.1840672666e+03
   -2.2686380643e+03
    3.0687502683e+03
   -2.4839333691e+03
    1.6705259983e+03
   -4.5865035253e+02
    1.3382994971e+03
   -2.2886280745e+03
   -2.2667945676e+02
    1.2523286453e+03
    2.9302252193e+02
    7.1311750867e+02
   -4.9233443306e+02
    9.3207028806e+02
    7.8713015275e+02
    2.7288460238e+02
    2.4926788129e+02
   -2.3178636556e+02
   -4.0282857046e+02
    1.2005823536e+02
    1.1121501067e+02
   -3.0363682214e+02
   -2.1865964451e+02
    3.5148150547e+02
    4.3806145525e+01
    2.2198584670e+02
    1.7193048385e+02
   -1.3051299158e+02
   -1.3284078361e+02
   -1.6863143576e+02
   -3.9096543753e+01
   -1.2808770132e+01
    1.0630191616e+02
    7.2377605561e+01
    6.8051853608e+01
   -1.7378027149e+01
    7.4302223273e+01
    6.3640998105e+01
   -1.6073258730e+02
    6.5226119946e+01
   -5.9154211118e+00
   -6.1203713608e+01
    1.6740937958e+01
    7.0277203524e-01
   -9.0230677463e+01
    4.4030419750e+01
    7.9060857235e+01
   -7.3914659243e+01
   -6.4552531371e+01
    1.2448670605e-02
   -2.4276386175e+01
    3.3388252848e+01
    6.2279690928e+00
    9.1393486420e+00
    2.4029934607e+01
    6.9268350622e+00
    1.4702947698e+01
    7.2341762212e+00
   -2.5268974571e+01
   -1.1276369425e+00
   -5.6509373481e+00
    2.4442608326e+01
    6.5505075555e+00
    1.1857757861e+01
   -9.3364010852e+00
   -2.1399780965e+01
   -7.8237467994e+00
    8.6265863228e+00
   -1.6593621394e+01
   -2.1497129296e+01
    9.0852949783e+00
    1.5508503195e+01
    6.9848476643e+00
    8.9291446654e+00
   -8.0260384649e+00
   -1.4901779657e+01
   -7.0820934631e+00
   -2.0703969067e+00
    5.1967584127e+00
    9.5702098178e+00
   -1.9763233849e+01
    2.9741269144e+00
    1.3200393370e+01
   -8.4773414548e+00
    1.2409283830e+01
    6.2198171767e+00
   -6.2603085184e+00
   -8.9370222092e+00
   -8.4086042072e+00
   -1.5273451870e+00
    8.4245655013e+00
    9.1762523258e+00
    3.7434375978e+00
   -4.2841507856e+00
   -8.2965664503e+00
   -8.2505955578e+00
    4.7946197662e+00
   -2.5020814374e+00
   -5.9909536234e+00
    1.6257405293e+00
    1.5187701414e+00
    6.1286319012e-02
   -3.0536034370e+00
    4.1336724358e+00
   -4.1105881558e-01
    4.9540060515e+00
    3.7054702051e+00
   -5.9280945404e+00
    1.0604351331e+00
   -1.2129344717e+00
    2.0508720414e+00
   -2.8767564576e+00
    4.3293390293e+00
    1.7254471790e-01
    3.6615253058e-01
   -2.1637103425e+00
   -1.1400852921e+00
   -7.5255209196e+00
    2.7924903103e+00
   -1.6068907946e+00
    5.4060961506e-02
   -1.8846741936e+00
    1.2099038029e+00
    1.5099869329e+00
   -9.2962297293e-01
   -1.5235865766e-01
   -2.5897277896e+00
    9.2792697641e-02
    9.6562305633e-01
   -6.9483039310e-01
   -6.6834992534e-01
    7.8051542562e-01
   -2.8181018109e+00
    1.8199868991e+00
   -9.2505876927e-01
    6.7925983705e-02
   -1.1286569835e+00
    1.1391771815e+00
   -2.0173022142e+00
    4.0605637893e+00
   -8.1484646202e-01
   -2.0298269831e+00
   -2.3799840558e-01
   -4.7961763509e-01
    2.2678995031e-02
    1.9300245998e-01
    7.8380976421e-01
    2.5847794508e+00
   -8.6349678052e-02
   -2.5693675741e+00
    9.4463720544e-01
    7.1367110777e-01
   -4.8695026935e-01
    2.6041782383e-01
    3.3760891347e-01
   -2.2789004050e-02
   -2.9994012392e-01
    1.4278389519e-02
   -3.8735764520e-01
    2.6756580676e-01
   -5.4825554768e-02
   -8.7370739718e-01
   -1.0551324886e-01
   -5.1544317865e-01
   -3.2179584103e-01
    8.2673756638e-01
   -1.0475601379e-01
   -8.2677951067e-01
   -7.8613151249e-01
    2.3677297768e-01
    3.2765896638e-01
    1.0700427972e-01
    1.7847648122e+00
   -3.7218507840e-01
   -4.6028604868e-01
    1.2176830703e+00
   -9.4816378585e-01
   -4.0528524507e-01
   -3.4176139009e-02
    6.8990958762e-01
    7.0148539217e-01
   -3.5439527790e-01
    2.1379265076e-01
    2.7453923795e-01
    6.0219207546e-01
   -4.5465888938e-02
    3.6848239489e-01
    4.1582626648e-01
   -2.3691140962e-01
    7.5050351378e-02
   -4.7241363883e-01
    8.4165710011e-03
   -8.7234672547e-01
   -2.9618152964e-01
    3.5891402471e-01
    3.3742259321e-01
   -2.1786441341e-01
   -7.7380076440e-01
   -2.2455033678e-01
    4.3227254472e-01
   -6.3079266046e-02
    4.2774793147e-01
    2.4086855336e-01
   -6.9778547860e-02
   -7.9797674080e-02
    3.3025573746e-01
   -7.2178280449e-02
    2.8197607465e-01
    1.8805591898e-01
    2.7376678002e-01
   -2.6371100228e-02
    3.5285088286e-01
    5.4520683799e-01
    2.1589943625e-01
   -3.3269739036e-01
    3.8712627270e-03
    2.6027931288e-01
    2.1412079567e-01
    2.8350732307e-01
   -3.2551539865e-02
    3.9893187935e-01
   -2.7920257842e-01
    2.1919214520e-01
    4.3031087965e-01
    6.6185296631e-01
    5.1592643918e-02
    8.0362699338e-02
    5.0527085365e-01
    2.1660058330e-01
   -4.3420098360e-03
    5.6855058180e-02
    8.0688865500e-02
   -7.6041159725e-02
   -1.4858724553e-01
    6.3913360834e-02
   -1.3731263940e-01
    2.9180420269e-01
    1.6179671465e-01
   -2.0214944078e-01
   -2.5001119509e-01
    7.7763117197e-02
   -1.8861394198e-01
   -3.4967836122e-03
    2.6735364241e-01
   -8.0928757571e-02
    8.1471052035e-03
   -3.7272011834e-01
   -1.9370123065e-01
    1.7080639419e-01
    7.5857733572e-02
    3.3227922425e-02
   -1.4500766025e-01
    1.3025541614e-02
   -1.2185095601e-01
    1.1916473533e-01
    3.7068075613e-01
   -3.2257996821e-01
    1.4138681620e-01
    3.4489478129e-02
    2.2999974682e-01
    5.0483669323e-03
   -4.1858380602e-02
    2.4759186092e-02
   -1.1852025754e-01
    9.3695779205e-02
   -8.8539386731e-02
   -4.1667056698e-02
   -1.1653996081e-01
    1.9644030681e-01
    2.7689822532e-02
   -1.9015718795e-01
    4.6233110106e-03
    2.3000871331e-01
   -1.5848007592e-01
    1.8888668329e-01
   -3.6299272423e-02
    7.8760547466e-02
   -1.1380985538e-01
   -7.0687965396e-02
   -1.3922829032e-01
   -1.9308622958e-01
    2.2081183512e-01
   -1.2380412109e-02
   -6.7052069981e-02
   -9.8071997493e-02
   -2.2705701203e-01
    1.3189984294e-03
    1.3758175334e-02
    1.7360066622e-01
    3.6019057828e-02
   -2.2435404471e-01
    3.8314427619e-01
   -6.4062505777e-02
    2.6760089268e-01
   -1.2310685296e-01
   -4.0122982206e-02
   -2.6323502261e-01
    2.7511420728e-02
   -2.6265290864e-02
   -7.9557614247e-02
   -2.8224788421e-01
    1.6861784673e-01
    2.5914431174e-02
    8.6725633627e-02
   -6.2385277685e-02
    1.1529358881e-02
   -6.1024590589e-02
   -1.4382232297e-01
    1.3142304925e-01
   -1.5216903556e-01
    1.0191346705e-01
    4.5016400389e-02
   -3.2637542409e-02
    7.0178176680e-02
   -5.8370886631e-02
    1.3829761383e-02
    1.0941018688e-01
    7.6494375709e-02
   -3.9265693986e-01
   -1.5335999891e-01
   -8.6336337486e-02
    2.1132100231e-01
    6.5425746313e-02
    1.4481065722e-01
    9.5181168489e-02
    1.6976676182e-01
    1.8110324517e-01
   -1.3375803921e-01
   -8.1732765111e-02
    7.8688901105e-02
    5.6411740558e-02
   -3.2514888713e-02
    1.8288501559e-01
    7.3635497532e-02
   -4.0641029014e-02
   -1.9816587394e-01
    3.7268440392e-02
   -1.3191239696e-01
   -5.7398151987e-02
   -1.1415661528e-01
    1.1319848540e-01
    1.4329970102e-01
   -3.1603531120e-02
    1.1440078013e-01
   -5.5580455536e-02
   -1.2861616274e-01
   -6.2221866308e-02
   -4.2962131417e-02
   -1.6647355923e-02
    1.3649202712e-01
    4.2567184912e-02
   -8.3491559774e-02
   -1.5051927790e-02
    9.2383311413e-02
    1.6290379191e-01
    7.7147136503e-03
   -3.9436008285e-02
    6.5854257651e-02
   -4.5872901398e-02
    4.0578329414e-01
    1.6061830326e-01
   -4.1243571615e-02
    7.3961902643e-03
    1.0284978320e-01
   -5.8581136028e-02
    7.1161717340e-02
    9.7459332017e-02
    6.2412952480e-02
   -3.5059249937e-01
   -1.6920100635e-02
   -4.1916366597e-03
    1.0797592161e-01
   -1.6102229068e-01
   -1.5600583249e-02
   -1.2606782987e-02
    1.0206538140e-01
   -4.2462555469e-02
   -7.9122504157e-02
    1.0562885916e-01
    4.0771168819e-02
    1.6583478275e-01
   -1.1095378045e-01
    4.3619807602e-03
   -9.1734559860e-03
    7.2267625277e-02
    8.4316879772e-02
   -1.1310468866e-01
    1.2963482727e-01
    8.8072537096e-02
    6.0336055486e-02
   -4.8437560710e-02
   -3.2878127397e-02
    8.4887366382e-03
    6.8611783348e-02
   -8.4579526193e-02
   -7.4462558177e-02
   -4.7503427994e-02
   -3.4652532947e-02
    2.0157907274e-01
    5.9268165857e-02
   -5.4591373489e-02
    2.4351234223e-01
    2.0715216872e-01
    4.9564719977e-02
   -2.1838817399e-01
   -3.5284930484e-01
    2.9503952053e-01
    7.7122696350e-02
    2.3782079520e-01
    1.1099914189e-01
   -8.3876380996e-02
    1.1566462421e-01
   -2.3084057360e-02
   -1.6549800348e-01
    6.6843247862e-02
   -1.7165687090e-01
    5.3059743678e-02
   -6.2369174038e-02
   -1.5782637037e-01
    2.7236177157e-02
   -1.1516988622e-02
    8.2612699092e-03
   -6.9013041796e-02
    2.8823936470e-02
    5.9860035406e-02
   -1.3169232498e-01
   -5.2880371555e-03
    2.3917026177e-02
    1.9155573092e-02
    6.1544541036e-02
   -1.9264645721e-02
    5.5974028448e-02
   -1.5166898078e-01
    1.5062184330e-01
    6.7537217126e-02
    1.9504052359e-02
    9.3721740522e-03
   -1.1570805907e-01
   -2.9607713846e+04
   -1.7215838014e+03
    5.1731785448e+03
   -2.2757233924e+03
    3.0672321757e+03
   -2.4948608667e+03
    1.6689208223e+03
   -4.6391613114e+02
    1.3378201205e+03
   -2.2904654417e+03
   -2.2375232419e+02
    1.2515569719e+03
    2.9103028509e+02
    7.0866221559e+02
   -4.9683798332e+02
    9.3072074940e+02
    7.8807231054e+02
    2.7383094911e+02
    2.4512331291e+02
   -2.3130782131e+02
   -4.0081488490e+02
    1.2262189895e+02
    1.1027279443e+02
   -3.0390839573e+02
   -2.1933253669e+02
    3.5167063728e+02
    4.3533861341e+01
    2.2075332616e+02
    1.7274185295e+02
   -1.3119913887e+02
   -1.3188582280e+02
   -1.6863611050e+02
   -3.7245003481e+01
   -1.2760346264e+01
    1.0619214482e+02
    7.2668990140e+01
    6.8207952418e+01
   -1.7631320702e+01
    7.4769575180e+01
    6.2758185141e+01
   -1.5982482845e+02
    6.5106515104e+01
   -6.6921667917e+00
   -6.1448955199e+01
    1.6508451535e+01
    6.3530067204e-01
   -8.9929986678e+01
    4.4838149399e+01
    7.9141518376e+01
   -7.3982196191e+01
   -6.4138661805e+01
   -1.3512101983e-01
   -2.4147462708e+01
    3.3899978681e+01
    6.3382300114e+00
    9.4966772818e+00
    2.4184001094e+01
    7.2015026019e+00
    1.4390780110e+01
    7.0938031133e+00
   -2.5368802400e+01
   -9.1660063813e-01
   -5.6258600595e+00
    2.4463869281e+01
    6.6492220507e+00
    1.1811467980e+01
   -9.6100067075e+00
   -2.1391114932e+01
   -7.7258427149e+00
    8.7240609137e+00
   -1.6781622419e+01
   -2.1325018451e+01
    9.2025904837e+00
    1.5565569855e+01
    7.2172691236e+00
    8.7815471758e+00
   -8.3592431443e+00
   -1.4708521337e+01
   -6.8823049276e+00
   -1.9295754511e+00
    5.2211059525e+00
    9.6097546615e+00
   -1.9805413611e+01
    3.0439426738e+00
    1.3150801318e+01
   -8.3244297799e+00
    1.2443798599e+01
    6.0929821479e+00
   -6.3119642458e+00
   -9.1329352592e+00
   -8.4191055864e+00
   -1.5165590219e+00
    8.3752859131e+00
    9.1389619141e+00
    3.6383147368e+00
   -4.5060512601e+00
   -8.2934009546e+00
   -8.3247241012e+00
    4.9495462125e+00
   -2.4554115962e+00
   -6.0245338465e+00
    1.6411265639e+00
    1.5108599881e+00
    7.6852022990e-02
   -2.9897161361e+00
    4.1728321194e+00
   -3.7604398805e-01
    4.9270879415e+00
    3.6451647267e+00
   -5.9882438375e+00
    9.7764478717e-01
   -1.2002998503e+00
    2.0396494380e+00
   -2.9330583649e+00
    4.2847045680e+00
    7.6331391332e-02
    3.2277644277e-01
   -2.1893191378e+00
   -1.2416920726e+00
   -7.5566547492e+00
    2.8169479972e+00
   -1.6048398026e+00
    6.1603680710e-02
   -1.8733675531e+00
    1.2253891133e+00
    1.4875722315e+00
   -9.1667314770e-01
   -1.6221001040e-01
   -2.5613968069e+00
    1.1604403296e-01
    9.6282277949e-01
   -7.1012035668e-01
   -6.5717829495e-01
    7.5356442764e-01
   -2.8023364130e+00
    1.8164430481e+00
   -9.3501051263e-01
    8.6796543006e-02
   -1.1678288160e+00
    1.1203898119e+00
   -2.0006094886e+00
    4.0309946225e+00
   -8.6431542817e-01
   -2.0333682265e+00
   -2.5039845872e-01
   -4.9670070913e-01
    3.8318013002e-02
    1.9514503124e-01
    7.9196460974e-01
    2.5781775768e+00
   -1.1148242440e-01
   -2.5731612607e+00
    9.5302625217e-01
    7.0166011822e-01
   -4.7398621043e-01
    2.7364522668e-01
    3.5482328938e-01
   -9.3951822539e-03
   -3.0667510960e-01
    1.5247202295e-02
   -3.8274680103e-01
    2.6979458825e-01
   -4.1702820639e-02
   -8.6918281802e-01
   -1.4946989836e-01
   -4.9289426419e-01
   -3.0309335589e-01
    8.2525568247e-01
   -1.1002437686e-01
   -8.3564564131e-01
   -7.8908291636e-01
    2.3291444453e-01
    3.1759863216e-01
    1.2357155101e-01
    1.7805755941e+00
   -3.8360974087e-01
   -4.7260992022e-01
    1.2163712557e+00
   -9.5888224606e-01
   -4.0621716844e-01
   -3.0108045032e-02
    6.9902755560e-01
    6.9520432499e-01
   -3.4792308701e-01
    2.2148952973e-01
    2.8529695371e-01
    5.9705466739e-01
   -4.9579976426e-02
    3.6668921851e-01
    4.1693841505e-01
   -2.2965204731e-01
    7.1227235550e-02
   -4.9173349213e-01
   -2.5442861128e-02
   -8.6334786723e-01
   -3.0004907572e-01
    3.5418522845e-01
    3.4033485134e-01
   -2.1957188535e-01
   -7.6443926189e-01
   -2.2207462955e-01
    4.3027955933e-01
   -6.3394728278e-02
    4.2894331233e-01
    2.4125938684e-01
   -7.1759085220e-02
   -8.2498588514e-02
    3.3537968760e-01
   -7.9956222675e-02
    2.7982468016e-01
    1.9330580305e-01
    2.7253959951e-01
   -3.0660209391e-02
    3.5317011511e-01
    5.5705275652e-01
    2.1952518426e-01
   -3.3331125658e-01
    7.9614868425e-03
    2.6712260454e-01
    2.0795013629e-01
    2.8694264091e-01
   -5.5696531741e-02
    3.7057961637e-01
   -2.9233416598e-01
    2.1993827216e-01
    4.3098090568e-01
    6.6349376030e-01
    5.5038340654e-02
    7.9288495416e-02
    5.0005215856e-01
    2.1685606002e-01
   -8.9463238329e-03
    5.5954739671e-02
    8.2539619127e-02
   -6.7000479442e-02
   -1.4647913653e-01
    6.6425127912e-02
   -1.3941414032e-01
    2.9000129755e-01
    1.5988610727e-01
   -2.0475359062e-01
   -2.5314709358e-01
    7.9961175827e-02
   -1.8926646326e-01
   -6.9135379082e-03
    2.6359629405e-01
   -8.1728849778e-02
    5.2118431672e-03
   -3.6625396670e-01
   -1.8605240377e-01
    1.7698068908e-01
    8.2266499492e-02
    2.9475368838e-02
   -1.4297582711e-01
    1.2098990419e-02
   -1.2128972680e-01
    1.1918317578e-01
    3.7149682897e-01
   -3.2395173887e-01
    1.4072926196e-01
    3.8795228628e-02
    2.3379760481e-01
    5.8472082241e-03
   -4.3349129422e-02
    2.5611708346e-02
   -1.1811764047e-01
    9.3424144327e-02
   -8.6831430992e-02
   -4.0648015586e-02
   -1.1441605132e-01
    1.9664222659e-01
    2.4613890271e-02
   -1.9011861492e-01
    3.3135080824e-03
    2.2983317921e-01
   -1.5672063430e-01
    1.9115939548e-01
   -3.5674930950e-02
    7.2364237134e-02
   -1.1407737955e-01
   -7.5175154094e-02
   -1.3696775561e-01
   -1.8575818580e-01
    2.2193736369e-01
   -1.3111083977e-02
   -6.5196937365e-02
   -9.7474318737e-02
   -2.2137988595e-01
   -7.2713587642e-05
    1.2389508088e-02
    1.7558555927e-01
    3.6836083092e-02
   -2.2506347560e-01
    3.7974127990e-01
   -6.3263397404e-02
    2.6615306314e-01
   -1.2364687366e-01
   -3.8012301952e-02
   -2.6164948822e-01
    2.7235299951e-02
   -2.7254407358e-02
   -7.8486274079e-02
   -2.8324653325e-01
    1.6754774574e-01
    2.4607987575e-02
    8.7026313927e-02
   -6.2313633107e-02
    1.0730380262e-02
   -6.1912037433e-02
   -1.4397822731e-01
    1.3203175711e-01
   -1.5125412837e-01
    1.0423337470e-01
    4.2336199855e-02
   -3.4275406387e-02
    6.6987742478e-02
   -6.0489942402e-02
    1.4267071965e-02
    1.1013449076e-01
    7.2221090771e-02
   -3.8888431456e-01
   -1.5232959724e-01
   -8.1369046128e-02
    2.1123372988e-01
    6.4891900022e-02
    1.4558734625e-01
    9.6762560650e-02
    1.6827667160e-01
    1.8116405766e-01
   -1.3327785113e-01
   -8.1465507763e-02
    7.8764845098e-02
    5.7742406824e-02
   -3.2628141128e-02
    1.8309634109e-01
    7.4330997702e-02
   -4.0784293436e-02
   -1.9893848160e-01
    3.7863968536e-02
   -1.3180121437e-01
   -5.7358937228e-02
   -1.1542595360e-01
    1.1307725247e-01
    1.4411298197e-01
   -3.0316912993e-02
    1.1394502584e-01
   -5.6355741989e-02
   -1.2814457265e-01
   -6.0821093826e-02
   -4.3435874491e-02
   -1.5197184926e-02
    1.3708867378e-01
    4.2195200312e-02
   -8.1921795916e-02
   -1.4306548776e-02
    9.0629840629e-02
    1.6213876414e-01
    2.8914962045e-03
   -3.8772117486e-02
    6.8020480601e-02
   -4.6286983903e-02
    4.0560648959e-01
    1.6079442736e-01
   -4.1248037696e-02
    7.1055564732e-03
    1.0304427318e-01
   -5.9204405429e-02
    6.9898950039e-02
    9.6689176075e-02
    6.2198611248e-02
   -3.5050324796e-01
   -1.6277826750e-02
   -5.0793814433e-03
    1.0774806810e-01
   -1.6117311031e-01
   -1.4781794885e-02
   -1.2894722566e-02
    1.0198173128e-01
   -4.2573063533e-02
   -7.8879951170e-02
    1.0455679299e-01
    4.0313404285e-02
    1.6626811312e-01
   -1.1028628872e-01
    4.9067675215e-03
   -9.6339699254e-03
    7.1860085415e-02
    8.4388448091e-02
   -1.1342044384e-01
    1.2984363005e-01
    8.8740770060e-02
    6.0562706685e-02
   -4.8238516874e-02
   -3.2649928212e-02
    7.8200218508e-03
    6.9745287095e-02
   -8.4839484642e-02
   -7.3642504581e-02
   -4.5986056255e-02
   -3.4472833862e-02
    2.0140987452e-01
    6.0145843621e-02
   -5.3996690970e-02
    2.4307230850e-01
    2.0684349675e-01
    4.9521217794e-02
   -2.1816211430e-01
   -3.5221699356e-01
    2.9543951527e-01
    7.6882055540e-02
    2.3775368021e-01
    1.1071588753e-01
   -8.3874768144e-02
    1.1608629586e-01
   -2.3116062863e-02
   -1.6563373454e-01
    6.6570826319e-02
   -1.7170129005e-01
    5.3309156945e-02
   -6.2115794216e-02
   -1.5798072117e-01
    2.7220686778e-02
   -1.1722112093e-02
    8.2121127921e-03
   -6.9406239139e-02
    2.8837321207e-02
    5.9780662612e-02
   -1.3207686016e-01
   -5.2912150116e-03
    2.3712542356e-02
    1.9119333028e-02
    6.1414639419e-02
   -1.9269706982e-02
    5.4807640193e-02
   -1.5141066777e-01
    1.5095895535e-01
    6.6967361214e-02
    1.9165100087e-02
    8.8336367197e-03
   -1.1451367369e-01
   -2.9600900905e+04
   -1.7156383814e+03
    5.1625505261e+03
   -2.2829691704e+03
    3.0653140755e+03
   -2.5059334973e+03
    1.6672617168e+03
   -4.6967774002e+02
    1.3375468504e+03
   -2.2921580649e+03
   -2.2095132813e+02
    1.2508324040e+03
    2.8913404703e+02
    7.0450247133e+02
   -5.0117691066e+02
    9.2928645206e+02
    7.8910877198e+02
    2.7473827649e+02
    2.4104755113e+02
   -2.3086025150e+02
   -3.9863239388e+02
    1.2523313700e+02
    1.0928576731e+02
   -3.0422992033e+02
   -2.2012577433e+02
    3.5193242351e+02
    4.3274020863e+01
    2.1951116273e+02
    1.7346859236e+02
   -1.3184694602e+02
   -1.3094472589e+02
   -1.6864280947e+02
   -3.5323732762e+01
   -1.2776385696e+01
    1.0605592443e+02
    7.2896527308e+01
    6.8354617723e+01
   -1.7929315207e+01
    7.5185169881e+01
    6.1883005723e+01
   -1.5887327663e+02
    6.4960137772e+01
   -7.5178267357e+00
   -6.1662636930e+01
    1.6273177015e+01
    5.3409250461e-01
   -8.9667387478e+01
    4.5630161048e+01
    7.9205883230e+01
   -7.4028290526e+01
   -6.3783567153e+01
   -2.6845660007e-01
   -2.3994713521e+01
    3.4426054779e+01
    6.4268104587e+00
    9.8412899016e+00
    2.4346333379e+01
    7.4683536447e+00
    1.4047589533e+01
    6.9396041289e+00
   -2.5478579481e+01
   -6.5275760750e-01
   -5.5876928658e+00
    2.4497244299e+01
    6.7484606305e+00
    1.1756282877e+01
   -9.8733110109e+00
   -2.1351980414e+01
   -7.6200134643e+00
    8.8299520138e+00
   -1.6946568214e+01
   -2.1143189315e+01
    9.3036417847e+00
    1.5620314434e+01
    7.4489626645e+00
    8.6403212669e+00
   -8.6806601553e+00
   -1.4517291916e+01
   -6.6660449028e+00
   -1.7327608537e+00
    5.2401668601e+00
    9.6474351144e+00
   -1.9849621611e+01
    3.1138661564e+00
    1.3102821508e+01
   -8.1835276830e+00
    1.2483585687e+01
    5.9723692856e+00
   -6.3635522818e+00
   -9.3343421268e+00
   -8.4116210694e+00
   -1.5026872949e+00
    8.3352451100e+00
    9.1081673694e+00
    3.5422739013e+00
   -4.7423541341e+00
   -8.2784007608e+00
   -8.4172257788e+00
    5.0910915088e+00
   -2.4105882578e+00
   -6.0516518015e+00
    1.6680678848e+00
    1.5068372921e+00
    9.7713334817e-02
   -2.9275566747e+00
    4.2091091045e+00
   -3.4527615336e-01
    4.9046663377e+00
    3.5797672958e+00
   -6.0491553004e+00
    8.9323664802e-01
   -1.1861496463e+00
    2.0361411898e+00
   -2.9906504413e+00
    4.2379302480e+00
   -1.8420612162e-02
    2.7669040749e-01
   -2.2161492667e+00
   -1.3452670224e+00
   -7.5859023758e+00
    2.8387937660e+00
   -1.6057345521e+00
    6.8351632845e-02
   -1.8653064243e+00
    1.2398364814e+00
    1.4642830258e+00
   -9.0128215118e-01
   -1.7362335768e-01
   -2.5285819495e+00
    1.3680900283e-01
    9.5803328103e-01
   -7.2246211277e-01
   -6.4693923779e-01
    7.2792235395e-01
   -2.7853164888e+00
    1.8111566227e+00
   -9.4478960275e-01
    1.0654188166e-01
   -1.2081296735e+00
    1.0998958846e+00
   -1.9844054054e+00
    4.0104476488e+00
   -9.1691903780e-01
   -2.0374781950e+00
   -2.6075267632e-01
   -5.1323284773e-01
    5.4643801795e-02
    1.9873068323e-01
    8.0214777236e-01
    2.5699711827e+00
   -1.3688350650e-01
   -2.5789231020e+00
    9.5860703829e-01
    6.9080502018e-01
   -4.5974349305e-01
    2.8732296886e-01
    3.7200534003e-01
    1.0506223199e-03
   -3.1519255489e-01
    1.4879606387e-02
   -3.7612200451e-01
    2.7227622860e-01
   -3.1684304102e-02
   -8.6658876701e-01
   -1.9292653601e-01
   -4.7055817773e-01
   -2.8101241595e-01
    8.2671701261e-01
   -1.1447647484e-01
   -8.4466766717e-01
   -7.9146737307e-01
    2.2961907197e-01
    3.0885009189e-01
    1.3937032774e-01
    1.7771163335e+00
   -3.9376860707e-01
   -4.8435509198e-01
    1.2144474857e+00
   -9.7012193383e-01
   -4.0647222559e-01
   -2.6973458124e-02
    7.0806328660e-01
    6.8848963826e-01
   -3.4074533522e-01
    2.2722099163e-01
    2.9579568829e-01
    5.9135572841e-01
   -5.3253699609e-02
    3.6651496225e-01
    4.1755557844e-01
   -2.2428349130e-01
    6.4851389607e-02
   -5.0905878882e-01
   -5.5637001776e-02
   -8.5622902236e-01
   -3.0354245987e-01
    3.4932904531e-01
    3.4377827369e-01
   -2.2070738483e-01
   -7.5584504341e-01
   -2.1954751706e-01
    4.2867145921e-01
   -6.3496232709e-02
    4.3007897620e-01
    2.4104825917e-01
   -7.3694964790e-02
   -8.4484123482e-02
    3.3986331981e-01
   -8.7499984271e-02
    2.7809897374e-01
    1.9878746469e-01
    2.7086438789e-01
   -3.4267047933e-02
    3.5376863793e-01
    5.6806644708e-01
    2.2259199509e-01
   -3.3492653961e-01
    1.2417600674e-02
    2.7290037419e-01
    2.0202304624e-01
    2.8944623247e-01
   -7.7753311103e-02
    3.4377732081e-01
   -3.0452007286e-01
    2.2072768743e-01
    4.3174333476e-01
    6.6507972867e-01
    5.8569176116e-02
    7.8115154926e-02
    4.9503221437e-01
    2.1716811952e-01
   -1.3332875605e-02
    5.4858348066e-02
    8.4121699523e-02
   -5.8424776032e-02
   -1.4431131835e-01
    6.8770324358e-02
   -1.4122452065e-01
    2.8819161750e-01
    1.5812561833e-01
   -2.0706965512e-01
   -2.5610824654e-01
    8.2223401256e-02
   -1.9004148877e-01
   -9.8359627917e-03
    2.5992960198e-01
   -8.2687825283e-02
    2.2391158431e-03
   -3.6013818249e-01
   -1.7872957918e-01
    1.8237776979e-01
    8.8376909423e-02
    2.5883227741e-02
   -1.4164522720e-01
    1.0324495949e-02
   -1.2063526201e-01
    1.1924760467e-01
    3.7233491923e-01
   -3.2525375455e-01
    1.4016245467e-01
    4.3040652925e-02
    2.3755859294e-01
    6.6830439229e-03
   -4.4874042530e-02
    2.6395933894e-02
   -1.1777751649e-01
    9.3160917504e-02
   -8.5119397388e-02
   -3.9535306162e-02
   -1.1227822859e-01
    1.9691089338e-01
    2.1700092845e-02
   -1.9012614442e-01
    2.2047122442e-03
    2.2955353655e-01
   -1.5492201772e-01
    1.9322360228e-01
   -3.5091717649e-02
    6.6149952380e-02
   -1.1443986814e-01
   -7.9570072536e-02
   -1.3478801458e-01
   -1.7851195477e-01
    2.2299346936e-01
   -1.3858466839e-02
   -6.3172672515e-02
   -9.6851355517e-02
   -2.1584873776e-01
   -1.4255772694e-03
    1.1078829981e-02
    1.7753543020e-01
    3.7589554785e-02
   -2.2571580200e-01
    3.7643283592e-01
   -6.2519079488e-02
    2.6468473247e-01
   -1.2409463769e-01
   -3.5837213437e-02
   -2.6012871843e-01
    2.6923024517e-02
   -2.8205616720e-02
   -7.7391736125e-02
   -2.8420964847e-01
    1.6652461117e-01
    2.3345730132e-02
    8.7320782138e-02
   -6.2168483303e-02
    9.9478694133e-03
   -6.2734398657e-02
   -1.4413103868e-01
    1.3258131242e-01
   -1.5028918118e-01
    1.0642671872e-01
    3.9740141076e-02
   -3.5890501332e-02
    6.3847410287e-02
   -6.2492370496e-02
    1.4773960464e-02
    1.1078782599e-01
    6.8066495717e-02
   -3.8526097292e-01
   -1.5127899137e-01
   -7.6511497369e-02
    2.1113361331e-01
    6.4400535194e-02
    1.4635118346e-01
    9.8299125323e-02
    1.6682752154e-01
    1.8121187998e-01
   -1.3281353863e-01
   -8.1201883874e-02
    7.8870452214e-02
    5.9073664218e-02
   -3.2756428470e-02
    1.8328396709e-01
    7.5019749801e-02
   -4.0911115650e-02
   -1.9970373280e-01
    3.8442064518e-02
   -1.3168148618e-01
   -5.7301718166e-02
   -1.1667202260e-01
    1.1297274797e-01
    1.4494832491e-01
   -2.9042368738e-02
    1.1350050740e-01
   -5.7095009958e-02
   -1.2769884942e-01
   -5.9424100769e-02
   -4.3888310365e-02
   -1.3769922600e-02
    1.3767436086e-01
    4.1823866151e-02
   -8.0375720887e-02
   -1.3584877986e-02
    8.8854852614e-02
    1.6135546946e-01
   -1.8229392203e-03
   -3.8178776871e-02
    7.0177822405e-02
   -4.6699955462e-02
    4.0543506516e-01
    1.6098319166e-01
   -4.1260551840e-02
    6.8190903257e-03
    1.0322606170e-01
   -5.9821500993e-02
    6.8654478361e-02
    9.5928412534e-02
    6.2002579992e-02
   -3.5040096342e-01
   -1.5637268821e-02
   -5.9628072567e-03
    1.0752241670e-01
   -1.6132612842e-01
   -1.3969410333e-02
   -1.3178201569e-02
    1.0190638398e-01
   -4.2679924462e-02
   -7.8632573505e-02
    1.0349497556e-01
    3.9866585080e-02
    1.6670063016e-01
   -1.0962312072e-01
    5.4456088285e-03
   -1.0089260385e-02
    7.1456390371e-02
    8.4460896100e-02
   -1.1374439976e-01
    1.3006187398e-01
    8.9414985700e-02
    6.0779222363e-02
   -4.8037390276e-02
   -3.2409675697e-02
    7.1544311725e-03
    7.0812931060e-02
   -8.5090016237e-02
   -7.2828586031e-02
   -4.4476244020e-02
   -3.4298115270e-02
    2.0124010994e-01
    6.1026244193e-02
   -5.3402237961e-02
    2.4263225659e-01
    2.0653549142e-01
    4.9476423330e-02
   -2.1793588248e-01
   -3.5158828725e-01
    2.9584361054e-01
    7.6646960025e-02
    2.3768871446e-01
    1.1043841909e-01
   -8.3870922842e-02
    1.1650563298e-01
   -2.3148420952e-02
   -1.6576954048e-01
    6.6302491034e-02
   -1.7174647954e-01
    5.3554288640e-02
   -6.1863624811e-02
   -1.5813073156e-01
    2.7206618673e-02
   -1.1925994798e-02
    8.1622280364e-03
   -6.9798447730e-02
    2.8851190149e-02
    5.9697252824e-02
   -1.3246073778e-01
   -5.2918141367e-03
    2.3507114302e-02
    1.9078737581e-02
    6.1288402794e-02
   -1.9275221895e-02
    5.3648043505e-02
   -1.5115294644e-01
    1.5129362640e-01
    6.6391001187e-02
    1.8821816155e-02
    8.2861913682e-03
   -1.1332998423e-01
   -2.9594925167e+04
   -1.7098133286e+03
    5.1521934784e+03
   -2.2904431388e+03
    3.0633508417e+03
   -2.5172303640e+03
    1.6654043245e+03
   -4.7533758273e+02
    1.3369955902e+03
   -2.2938704763e+03
   -2.1831802000e+02
    1.2503251954e+03
    2.8714067154e+02
    7.0047566144e+02
   -5.0519918152e+02
    9.2788524358e+02
    7.9014885950e+02
    2.7560153853e+02
    2.3711911953e+02
   -2.3039393442e+02
   -3.9633579014e+02
    1.2774327960e+02
    1.0826756679e+02
   -3.0434328560e+02
   -2.2097772418e+02
    3.5229872812e+02
    4.3114245854e+01
    2.1823930244e+02
    1.7416974088e+02
   -1.3248431179e+02
   -1.2992128603e+02
   -1.6863577921e+02
   -3.3395014436e+01
   -1.2910666729e+01
    1.0583297550e+02
    7.3049985698e+01
    6.8505156952e+01
   -1.8252578428e+01
    7.5522921159e+01
    6.1031685535e+01
   -1.5787538628e+02
    6.4819573245e+01
   -8.4346718212e+00
   -6.1879196334e+01
    1.6049333993e+01
    4.2701996595e-01
   -8.9413744592e+01
    4.6354999394e+01
    7.9265460587e+01
   -7.4080169526e+01
   -6.3484917610e+01
   -3.9204403315e-01
   -2.3807026344e+01
    3.4965521760e+01
    6.4898597976e+00
    1.0164427071e+01
    2.4529458157e+01
    7.7282881292e+00
    1.3671631844e+01
    6.7684479034e+00
   -2.5599719230e+01
   -3.5101296763e-01
   -5.5191888560e+00
    2.4545321828e+01
    6.8533923345e+00
    1.1686673055e+01
   -1.0117815310e+01
   -2.1285398724e+01
   -7.5056759998e+00
    8.9490237569e+00
   -1.7094939032e+01
   -2.0963529192e+01
    9.3931116840e+00
    1.5682633557e+01
    7.6844638935e+00
    8.5048738191e+00
   -9.0049888753e+00
   -1.4325971919e+01
   -6.4534898840e+00
   -1.4999615483e+00
    5.2633927324e+00
    9.6785962503e+00
   -1.9896137658e+01
    3.1820493586e+00
    1.3054503983e+01
   -8.0481519871e+00
    1.2527750472e+01
    5.8562359275e+00
   -6.4103084139e+00
   -9.5361913077e+00
   -8.3931772132e+00
   -1.4866673598e+00
    8.3042573204e+00
    9.0803490147e+00
    3.4529136703e+00
   -4.9905275889e+00
   -8.2535084784e+00
   -8.5260472948e+00
    5.2187217835e+00
   -2.3675581524e+00
   -6.0721574120e+00
    1.7104970590e+00
    1.5067443013e+00
    1.2011030508e-01
   -2.8671165307e+00
    4.2442960562e+00
   -3.1780509403e-01
    4.8869610037e+00
    3.5109323393e+00
   -6.1127738687e+00
    8.0992067597e-01
   -1.1708039844e+00
    2.0386507117e+00
   -3.0517155572e+00
    4.1891110334e+00
   -1.1471187444e-01
    2.2638187217e-01
   -2.2417376294e+00
   -1.4503144914e+00
   -7.6189081955e+00
    2.8607950649e+00
   -1.6081655991e+00
    7.3817862460e-02
   -1.8615443012e+00
    1.2537300560e+00
    1.4406172160e+00
   -8.8296449076e-01
   -1.8666397187e-01
   -2.4927907584e+00
    1.5416864473e-01
    9.5196312553e-01
   -7.3057772309e-01
   -6.3869311940e-01
    7.0325632266e-01
   -2.7688657099e+00
    1.8053525775e+00
   -9.5554795972e-01
    1.2460479374e-01
   -1.2499291829e+00
    1.0788113275e+00
   -1.9682697028e+00
    3.9991977967e+00
   -9.7181437002e-01
   -2.0409820559e+00
   -2.6880285244e-01
   -5.2949077867e-01
    7.1209064736e-02
    2.0344065749e-01
    8.1401273148e-01
    2.5599302320e+00
   -1.6217233918e-01
   -2.5870514588e+00
    9.6183636849e-01
    6.8100775484e-01
   -4.4373667783e-01
    3.0090529888e-01
    3.8842070048e-01
    8.3105762291e-03
   -3.2445766032e-01
    1.3437101986e-02
   -3.6867746221e-01
    2.7469352500e-01
   -2.3164650238e-02
   -8.6586771696e-01
   -2.3585093566e-01
   -4.4859575356e-01
   -2.5670117575e-01
    8.3119809651e-01
   -1.1816411491e-01
   -8.5350147422e-01
   -7.9348758009e-01
    2.2692124540e-01
    3.0148251248e-01
    1.5407814655e-01
    1.7743932860e+00
   -4.0246924147e-01
   -4.9528625804e-01
    1.2118493740e+00
   -9.8192002171e-01
   -4.0568093238e-01
   -2.4740066550e-02
    7.1677862899e-01
    6.8131742689e-01
   -3.3289640370e-01
    2.3101334361e-01
    3.0582507147e-01
    5.8491419797e-01
   -5.6341642908e-02
    3.6757335453e-01
    4.1796190752e-01
   -2.2082649004e-01
    5.5649412487e-02
   -5.2428080548e-01
   -8.2104985491e-02
   -8.5055850608e-01
   -3.0656803657e-01
    3.4445234587e-01
    3.4760026730e-01
   -2.2135325973e-01
   -7.4786225012e-01
   -2.1700949378e-01
    4.2749084780e-01
   -6.3483407780e-02
    4.3123645036e-01
    2.4021379488e-01
   -7.5628314668e-02
   -8.5652479790e-02
    3.4369690457e-01
   -9.4726621636e-02
    2.7681959075e-01
    2.0439860281e-01
    2.6869928673e-01
   -3.7141144710e-02
    3.5461819536e-01
    5.7826226796e-01
    2.2496606456e-01
   -3.3734707965e-01
    1.7296362395e-02
    2.7747583851e-01
    1.9619329729e-01
    2.9095273255e-01
   -9.8517118213e-02
    3.1861054003e-01
   -3.1541940072e-01
    2.2152260684e-01
    4.3254501675e-01
    6.6659394641e-01
    6.2136578352e-02
    7.6879131064e-02
    4.9019681560e-01
    2.1754679892e-01
   -1.7523272588e-02
    5.3566316588e-02
    8.5470597014e-02
   -5.0368581307e-02
   -1.4208024729e-01
    7.0961388023e-02
   -1.4270232219e-01
    2.8640346835e-01
    1.5647695285e-01
   -2.0905634598e-01
   -2.5886109840e-01
    8.4527047076e-02
   -1.9094348736e-01
   -1.2309593979e-02
    2.5641231386e-01
   -8.3769498182e-02
   -7.9540530146e-04
   -3.5442191019e-01
   -1.7174167908e-01
    1.8689844031e-01
    9.4137896628e-02
    2.2481862792e-02
   -1.4121283015e-01
    7.6482561686e-03
   -1.1990853512e-01
    1.1935104926e-01
    3.7321837982e-01
   -3.2647700073e-01
    1.3968590745e-01
    4.7202740881e-02
    2.4129151679e-01
    7.5414272046e-03
   -4.6410127866e-02
    2.7120919328e-02
   -1.1750248890e-01
    9.2901493306e-02
   -8.3398638052e-02
   -3.8321326192e-02
   -1.1012859912e-01
    1.9722656624e-01
    1.8952687109e-02
   -1.9018400155e-01
    1.2985136298e-03
    2.2916437840e-01
   -1.5310489756e-01
    1.9508165795e-01
   -3.4556751908e-02
    6.0134002001e-02
   -1.1491632718e-01
   -8.3852370972e-02
   -1.3271161543e-01
   -1.7135760427e-01
    2.2399005911e-01
   -1.4610012257e-02
   -6.0972748366e-02
   -9.6204440961e-02
   -2.1047129654e-01
   -2.7399953791e-03
    9.8308413205e-03
    1.7945174147e-01
    3.8271698397e-02
   -2.2630467355e-01
    3.7323745064e-01
   -6.1830749947e-02
    2.6319701050e-01
   -1.2444196219e-01
   -3.3592664772e-02
   -2.5868228685e-01
    2.6571177451e-02
   -2.9111508284e-02
   -7.6269653411e-02
   -2.8513408595e-01
    1.6555126560e-01
    2.2127553371e-02
    8.7611345468e-02
   -6.1948221988e-02
    9.1908704870e-03
   -6.3485097315e-02
   -1.4428144673e-01
    1.3306547698e-01
   -1.4927726926e-01
    1.0847372994e-01
    3.7241463589e-02
   -3.7478419424e-02
    6.0768273963e-02
   -6.4353365036e-02
    1.5360543377e-02
    1.1135814110e-01
    6.4050117329e-02
   -3.8180271862e-01
   -1.5021180295e-01
   -7.1785960135e-02
    2.1101888974e-01
    6.3955626425e-02
    1.4710167218e-01
    9.9784726601e-02
    1.6542366492e-01
    1.8124660755e-01
   -1.3236859860e-01
   -8.0943799039e-02
    7.9006185538e-02
    6.0406164329e-02
   -3.2902704697e-02
    1.8344665366e-01
    7.5698427719e-02
   -4.1018593409e-02
   -2.0045963282e-01
    3.8997624120e-02
   -1.3155362490e-01
   -5.7225783440e-02
   -1.1789218637e-01
    1.1288914657e-01
    1.4580593435e-01
   -2.7786639045e-02
    1.1306915014e-01
   -5.7794576261e-02
   -1.2728348826e-01
   -5.8031188006e-02
   -4.4320603701e-02
   -1.2371617967e-02
    1.3825027191e-01
    4.1452280546e-02
   -7.8858079882e-02
   -1.2889716415e-02
    8.7058661156e-02
    1.6055136755e-01
   -6.4119030574e-03
   -3.7664566014e-02
    7.2322039137e-02
   -4.7111147467e-02
    4.0527011460e-01
    1.6118579911e-01
   -4.1281747322e-02
    6.5369317698e-03
    1.0339339189e-01
   -6.0430226918e-02
    6.7433380875e-02
    9.5179684687e-02
    6.1827807625e-02
   -3.5028544181e-01
   -1.4999550059e-02
   -6.8407717702e-03
    1.0730013279e-01
   -1.6148126245e-01
   -1.3165174464e-02
   -1.3456885733e-02
    1.0183920841e-01
   -4.2783255539e-02
   -7.8379260259e-02
    1.0244608433e-01
    3.9431788486e-02
    1.6713125586e-01
   -1.0896577265e-01
    5.9766315937e-03
   -1.0538118807e-02
    7.1057007954e-02
    8.4535483708e-02
   -1.1407563175e-01
    1.3029115875e-01
    9.0094735115e-02
    6.0984057451e-02
   -4.7833325397e-02
   -3.2156702425e-02
    6.4930614664e-03
    7.1805119285e-02
   -8.5330002837e-02
   -7.2023019792e-02
   -4.2975924853e-02
   -3.4129234094e-02
    2.0106956586e-01
    6.1909124305e-02
   -5.2807825730e-02
    2.4219255596e-01
    2.0622863816e-01
    4.9430222733e-02
   -2.1771021642e-01
   -3.5096429808e-01
    2.9625182968e-01
    7.6417800948e-02
    2.3762608212e-01
    1.1016735925e-01
   -8.3864402006e-02
    1.1692210175e-01
   -2.3180714731e-02
   -1.6590524573e-01
    6.6038224421e-02
   -1.7179268991e-01
    5.3794292890e-02
   -6.1612802959e-02
   -1.5827620698e-01
    2.7193864496e-02
   -1.2128713420e-02
    8.1116080216e-03
   -7.0189448153e-02
    2.8865586798e-02
    5.9609557919e-02
   -1.3284333868e-01
   -5.2899779500e-03
    2.3301224852e-02
    1.9033316149e-02
    6.1167082861e-02
   -1.9281033897e-02
    5.2497600719e-02
   -1.5089594793e-01
    1.5162521840e-01
    6.5807554693e-02
    1.8474044051e-02
    7.7289115428e-03
   -1.1215977440e-01
   -2.9588634482e+04
   -1.7041805787e+03
    5.1418819412e+03
   -2.2979664738e+03
    3.0614084278e+03
   -2.5285501390e+03
    1.6633625332e+03
   -4.8087564786e+02
    1.3362629366e+03
   -2.2956950190e+03
   -2.1584379738e+02
    1.2498490725e+03
    2.8490097395e+02
    6.9647462427e+02
   -5.0895095736e+02
    9.2664275449e+02
    7.9119199476e+02
    2.7634550388e+02
    2.3329231703e+02
   -2.2987740568e+02
   -3.9401589979e+02
    1.3021290354e+02
    1.0726249777e+02
   -3.0426116537e+02
   -2.2182684777e+02
    3.5268893973e+02
    4.3056182186e+01
    2.1693235193e+02
    1.7490936019e+02
   -1.3311114388e+02
   -1.2880775709e+02
   -1.6857813492e+02
   -3.1478364328e+01
   -1.3133863685e+01
    1.0554155043e+02
    7.3143782663e+01
    6.8677857426e+01
   -1.8590706741e+01
    7.5773773444e+01
    6.0185011437e+01
   -1.5685488869e+02
    6.4680515081e+01
   -9.4149756545e+00
   -6.2123121940e+01
    1.5839726831e+01
    3.5090370894e-01
   -8.9122658327e+01
    4.6974214030e+01
    7.9339309043e+01
   -7.4148647575e+01
   -6.3217378744e+01
   -5.2389722017e-01
   -2.3596591105e+01
    3.5507589236e+01
    6.5373701994e+00
    1.0465259754e+01
    2.4722315698e+01
    7.9766346980e+00
    1.3267069448e+01
    6.5925164928e+00
   -2.5722244068e+01
   -3.9084462109e-02
   -5.4189790523e+00
    2.4610427402e+01
    6.9657512559e+00
    1.1598920493e+01
   -1.0345147797e+01
   -2.1204011838e+01
   -7.3858326072e+00
    9.0813534217e+00
   -1.7236801898e+01
   -2.0788972732e+01
    9.4813466577e+00
    1.5754089233e+01
    7.9309905182e+00
    8.3725349095e+00
   -9.3477449516e+00
   -1.4124767088e+01
   -6.2384417334e+00
   -1.2530844585e+00
    5.3000219924e+00
    9.7020085881e+00
   -1.9949007936e+01
    3.2449762431e+00
    1.3003398982e+01
   -7.9113463253e+00
    1.2570120489e+01
    5.7416622408e+00
   -6.4516872146e+00
   -9.7320043930e+00
   -8.3699989924e+00
   -1.4671585291e+00
    8.2793433020e+00
    9.0487054653e+00
    3.3690111040e+00
   -5.2467257349e+00
   -8.2218083029e+00
   -8.6425631323e+00
    5.3365190484e+00
   -2.3250228562e+00
   -6.0869143293e+00
    1.7668755764e+00
    1.5079129309e+00
    1.4112852696e-01
   -2.8063508220e+00
    4.2795095752e+00
   -2.9197443427e-01
    4.8718173569e+00
    3.4414050844e+00
   -6.1799256189e+00
    7.3061817062e-01
   -1.1537027819e+00
    2.0441322114e+00
   -3.1165420985e+00
    4.1377631246e+00
   -2.1592317246e-01
    1.7318591884e-01
   -2.2640418032e+00
   -1.5576379303e+00
   -7.6580449023e+00
    2.8849793231e+00
   -1.6104434940e+00
    7.7675177093e-02
   -1.8637006176e+00
    1.2672021562e+00
    1.4172956330e+00
   -8.6176908003e-01
   -2.0149355470e-01
   -2.4558984416e+00
    1.6843623351e-01
    9.4562009408e-01
   -7.3468964008e-01
   -6.3281907949e-01
    6.7847375763e-01
   -2.7540330886e+00
    1.7998856866e+00
   -9.6865870856e-01
    1.3885865243e-01
   -1.2937684010e+00
    1.0580287403e+00
   -1.9514995757e+00
    3.9955994577e+00
   -1.0272671852e+00
   -2.0428052136e+00
   -2.7451034023e-01
   -5.4571748049e-01
    8.7246710817e-02
    2.0883340736e-01
    8.2700403809e-01
    2.5480098861e+00
   -1.8719516469e-01
   -2.5973092809e+00
    9.6330718404e-01
    6.7202152351e-01
   -4.2563012772e-01
    3.1400695945e-01
    4.0357870473e-01
    1.2434003554e-02
   -3.3348285406e-01
    1.1177602627e-02
   -3.6151812329e-01
    2.7677736817e-01
   -1.4303380200e-02
   -8.6644411233e-01
   -2.7829538980e-01
   -4.2737844023e-01
   -2.3146162952e-01
    8.3855705284e-01
   -1.2111821237e-01
   -8.6175461351e-01
   -7.9528862831e-01
    2.2492290078e-01
    2.9548984828e-01
    1.6749065403e-01
    1.7723768326e+00
   -4.0965109697e-01
   -5.0518655898e-01
    1.2084705848e+00
   -9.9415211963e-01
   -4.0358069478e-01
   -2.3286228520e-02
    7.2499753548e-01
    6.7366099269e-01
   -3.2435834283e-01
    2.3294530245e-01
    3.1517050008e-01
    5.7768900553e-01
   -5.8629248168e-02
    3.6955060752e-01
    4.1828207079e-01
   -2.1913864810e-01
    4.3459293086e-02
   -5.3731958303e-01
   -1.0488581779e-01
   -8.4573512767e-01
   -3.0900759008e-01
    3.3966429008e-01
    3.5164831448e-01
   -2.2163990480e-01
   -7.4031225782e-01
   -2.1446226374e-01
    4.2679287196e-01
   -6.3459652313e-02
    4.3251571591e-01
    2.3872963317e-01
   -7.7591557866e-02
   -8.5936034642e-02
    3.4687777544e-01
   -1.0152801574e-01
    2.7599969348e-01
    2.1010032090e-01
    2.6598268868e-01
   -3.9231343821e-02
    3.5568036235e-01
    5.8771663298e-01
    2.2652020825e-01
   -3.4030161265e-01
    2.2648630875e-02
    2.8082648181e-01
    1.9028572781e-01
    2.9148276843e-01
   -1.1784619898e-01
    2.9499987006e-01
   -3.2477627617e-01
    2.2228155437e-01
    4.3333891460e-01
    6.6800977147e-01
    6.5690807099e-02
    7.5602609494e-02
    4.8552504948e-01
    2.1800190553e-01
   -2.1537358660e-02
    5.2083634946e-02
    8.6614200087e-02
   -4.2873078269e-02
   -1.3979142231e-01
    7.3008670111e-02
   -1.4380312515e-01
    2.8467003245e-01
    1.5493800662e-01
   -2.1068523073e-01
   -2.6136590638e-01
    8.6857035839e-02
   -1.9195514946e-01
   -1.4364275991e-02
    2.5311624074e-01
   -8.4929390288e-02
   -3.9160140897e-03
   -3.4913486983e-01
   -1.6505425461e-01
    1.9048473309e-01
    9.9493695119e-02
    1.9295106878e-02
   -1.4189140244e-01
    4.0644480672e-03
   -1.1913078252e-01
    1.1948207335e-01
    3.7416904954e-01
   -3.2760914244e-01
    1.3929313048e-01
    5.1251144841e-02
    2.4500052650e-01
    8.4023283107e-03
   -4.7937424204e-02
    2.7791524686e-02
   -1.1728965130e-01
    9.2645365438e-02
   -8.1666032140e-02
   -3.7002160637e-02
   -1.0796719126e-01
    1.9757075388e-01
    1.6376386833e-02
   -1.9029540062e-01
    5.9345703169e-04
    2.2866213921e-01
   -1.5128838290e-01
    1.9674542817e-01
   -3.4076231067e-02
    5.4333265043e-02
   -1.1552175989e-01
   -8.8001533357e-02
   -1.3076105076e-01
   -1.6431338121e-01
    2.2494068684e-01
   -1.5358822233e-02
   -5.8595168205e-02
   -9.5539117815e-02
   -2.0526384301e-01
   -4.0147052514e-03
    8.6488455121e-03
    1.8133288070e-01
    3.8874956088e-02
   -2.2682238480e-01
    3.7017414642e-01
   -6.1201075153e-02
    2.6169278915e-01
   -1.2468228612e-01
   -3.1275951629e-02
   -2.5731945791e-01
    2.6177659504e-02
   -2.9962000773e-02
   -7.5118913501e-02
   -2.8601683430e-01
    1.6463108299e-01
    2.0954837171e-02
    8.7900400053e-02
   -6.1654081241e-02
    8.4694732797e-03
   -6.4157437739e-02
   -1.4442660797e-01
    1.3347901862e-01
   -1.4822270717e-01
    1.1035542655e-01
    3.4854591158e-02
   -3.9031389426e-02
    5.7761001733e-02
   -6.6044824733e-02
    1.6036334781e-02
    1.1183485614e-01
    6.0193374918e-02
   -3.7852328540e-01
   -1.4913528372e-01
   -6.7216103615e-02
    2.1088754932e-01
    6.3560825762e-02
    1.4783812631e-01
    1.0121233573e-01
    1.6406990393e-01
    1.8126768729e-01
   -1.3194691405e-01
   -8.0692690295e-02
    7.9170701695e-02
    6.1740681523e-02
   -3.3070840526e-02
    1.8358357906e-01
    7.6363749268e-02
   -4.1103602996e-02
   -2.0120310103e-01
    3.9524241211e-02
   -1.3141841411e-01
   -5.7130681848e-02
   -1.1908378469e-01
    1.1283098199e-01
    1.4668509889e-01
   -2.6556435072e-02
    1.1265326334e-01
   -5.8451112676e-02
   -1.2690253652e-01
   -5.6643275740e-02
   -4.4733358347e-02
   -1.1010476754e-02
    1.3881840544e-01
    4.1078662009e-02
   -7.7374132396e-02
   -1.2224811952e-02
    8.5243123217e-02
    1.5972437954e-01
   -1.0857189478e-02
   -3.7237252368e-02
    7.4447452722e-02
   -4.7519927989e-02
    4.0511303067e-01
    1.6140339865e-01
   -4.1312286777e-02
    6.2593413846e-03
    1.0354449445e-01
   -6.1027585894e-02
    6.6241737317e-02
    9.4446213335e-02
    6.1677656618e-02
   -3.5015701567e-01
   -1.4366117040e-02
   -7.7116305002e-03
    1.0708256248e-01
   -1.6163825728e-01
   -1.2371466025e-02
   -1.3730348554e-02
    1.0177984892e-01
   -4.2883197759e-02
   -7.8118925892e-02
    1.0141327892e-01
    3.9010491970e-02
    1.6755854894e-01
   -1.0831594039e-01
    6.4979093369e-03
   -1.0978948959e-02
    7.0662735133e-02
    8.4613551917e-02
   -1.1441251186e-01
    1.3053302572e-01
    9.0779266252e-02
    6.1175903296e-02
   -4.7625226832e-02
   -3.1890737171e-02
    5.8373069335e-03
    7.2712457183e-02
   -8.5558476197e-02
   -7.1228618129e-02
   -4.1487971669e-02
   -3.3967284379e-02
    2.0089800844e-01
    6.2793949333e-02
   -5.2213460220e-02
    2.4175374877e-01
    2.0592356392e-01
    4.9382623135e-02
   -2.1748609691e-01
   -3.5034639107e-01
    2.9666406401e-01
    7.6195045629e-02
    2.3756599298e-01
    1.0990331460e-01
   -8.3854837869e-02
    1.1733500819e-01
   -2.3212510630e-02
   -1.6604058943e-01
    6.5778035634e-02
   -1.7184020115e-01
    5.4028196860e-02
   -6.1363555434e-02
   -1.5841687247e-01
    2.7182233101e-02
   -1.2330245688e-02
    8.0603299678e-03
   -7.0578871564e-02
    2.8880576834e-02
    5.9517426365e-02
   -1.3322370824e-01
   -5.2859879164e-03
    2.3095639935e-02
    1.8982720324e-02
    6.1052184225e-02
   -1.9286963316e-02
    5.1359350407e-02
   -1.5063987694e-01
    1.5195297269e-01
    6.5216739650e-02
    1.8121879111e-02
    7.1610143668e-03
   -1.1100638312e-01
   -2.9582294492e+04
   -1.6986681298e+03
    5.1315028859e+03
   -2.3053014891e+03
    3.0593800433e+03
   -2.5398357807e+03
    1.6618041720e+03
   -4.8662380055e+02
    1.3358657192e+03
   -2.2975521147e+03
   -2.1329015698e+02
    1.2492447977e+03
    2.8246391305e+02
    6.9258147309e+02
   -5.1248918717e+02
    9.2556370936e+02
    7.9231542186e+02
    2.7699102738e+02
    2.2948688299e+02
   -2.2934612120e+02
   -3.9172092006e+02
    1.3278734460e+02
    1.0631575031e+02
   -3.0422861856e+02
   -2.2272419105e+02
    3.5302508029e+02
    4.3026273414e+01
    2.1557770603e+02
    1.7567835187e+02
   -1.3370050392e+02
   -1.2771469454e+02
   -1.6849291263e+02
   -2.9535796638e+01
   -1.3306724346e+01
    1.0527073332e+02
    7.3202475774e+01
    6.8874569509e+01
   -1.8954458652e+01
    7.5969990417e+01
    5.9311170437e+01
   -1.5583220938e+02
    6.4530737848e+01
   -1.0379093156e+01
   -6.2379728783e+01
    1.5647660532e+01
    3.1245238306e-01
   -8.8749708263e+01
    4.7511998048e+01
    7.9435067703e+01
   -7.4219336507e+01
   -6.2952146245e+01
   -6.7723550178e-01
   -2.3388421721e+01
    3.6049097939e+01
    6.5880713022e+00
    1.0755727491e+01
    2.4898136056e+01
    8.2096431897e+00
    1.2847451572e+01
    6.4218260086e+00
   -2.5827413354e+01
    2.6776908218e-01
   -5.2995076367e+00
    2.4687566821e+01
    7.0829832470e+00
    1.1496106918e+01
   -1.0561617627e+01
   -2.1119638319e+01
   -7.2670298722e+00
    9.2204447184e+00
   -1.7383028292e+01
   -2.0616614069e+01
    9.5787507935e+00
    1.5830722948e+01
    8.1918759094e+00
    8.2433726895e+00
   -9.7087618622e+00
   -1.3906580241e+01
   -6.0064207226e+00
   -1.0030446979e+00
    5.3530403854e+00
    9.7195961436e+00
   -2.0011955046e+01
    3.3010567026e+00
    1.2947910108e+01
   -7.7689924686e+00
    1.2602318994e+01
    5.6253877225e+00
   -6.4898069336e+00
   -9.9164354833e+00
   -8.3454286274e+00
   -1.4421621849e+00
    8.2564876505e+00
    9.0090013329e+00
    3.2880923448e+00
   -5.5072170861e+00
   -8.1816433702e+00
   -8.7557967034e+00
    5.4499297645e+00
   -2.2810998894e+00
   -6.0983920641e+00
    1.8314110625e+00
    1.5064589039e+00
    1.5925008751e-01
   -2.7419928088e+00
    4.3150064393e+00
   -2.6556434162e-01
    4.8562580761e+00
    3.3734000021e+00
   -6.2500527501e+00
    6.5581817512e-01
   -1.1335655425e+00
    2.0498406393e+00
   -3.1837428571e+00
    4.0836790829e+00
   -3.2390490864e-01
    1.1922799837e-01
   -2.2828241541e+00
   -1.6658419859e+00
   -7.7022728274e+00
    2.9116171876e+00
   -1.6111706085e+00
    8.0019235284e-02
   -1.8731206618e+00
    1.2801655832e+00
    1.3953194622e+00
   -8.3838123978e-01
   -2.1830367686e-01
   -2.4194628560e+00
    1.8105819840e-01
    9.3997180060e-01
   -7.3668319930e-01
   -6.2849780499e-01
    6.5249671914e-01
   -2.7410893829e+00
    1.7951827301e+00
   -9.8475881863e-01
    1.4804472916e-01
   -1.3397938900e+00
    1.0386982976e+00
   -1.9337528127e+00
    3.9970223406e+00
   -1.0828726252e+00
   -2.0423257390e+00
   -2.7818445852e-01
   -5.6221459107e-01
    1.0183795163e-01
    2.1462444645e-01
    8.4061624988e-01
    2.5342717218e+00
   -2.1210865616e-01
   -2.6087932190e+00
    9.6360868727e-01
    6.6346681896e-01
   -4.0541275001e-01
    3.2664282308e-01
    4.1738468459e-01
    1.3816102981e-02
   -3.4145571931e-01
    8.4634182938e-03
   -3.5544609957e-01
    2.7837665422e-01
   -3.5952108066e-03
   -8.6735419710e-01
   -3.2031680774e-01
   -4.0725881330e-01
   -2.0653220921e-01
    8.4793630464e-01
   -1.2331715094e-01
   -8.6904675250e-01
   -7.9698185235e-01
    2.2371041400e-01
    2.9076798886e-01
    1.7963732891e-01
    1.7710014433e+00
   -4.1537807679e-01
   -5.1395558171e-01
    1.2042232782e+00
   -1.0065901249e+00
   -4.0011448280e-01
   -2.2449844933e-02
    7.3265468813e-01
    6.6548958882e-01
   -3.1507248942e-01
    2.3315846516e-01
    3.2367112256e-01
    5.6981337110e-01
   -5.9816677528e-02
    3.7228370933e-01
    4.1850152195e-01
   -2.1889092049e-01
    2.8288482191e-02
   -5.4821620355e-01
   -1.2414339591e-01
   -8.4131145674e-01
   -3.1075647557e-01
    3.3506080306e-01
    3.5578607966e-01
   -2.2177842442e-01
   -7.3303231256e-01
   -2.1186689065e-01
    4.2665958443e-01
   -6.3492149534e-02
    4.3399726453e-01
    2.3659044357e-01
   -7.9597479542e-02
   -8.5308047781e-02
    3.4941453768e-01
   -1.0779024297e-01
    2.7564889522e-01
    2.1591791007e-01
    2.6266078151e-01
   -4.0508436482e-02
    3.5693397863e-01
    5.9656751863e-01
    2.2715041747e-01
   -3.4349245369e-01
    2.8535416076e-02
    2.8304573427e-01
    1.8413618937e-01
    2.9111671523e-01
   -1.3567589773e-01
    2.7268953520e-01
   -3.3248525833e-01
    2.2297373941e-01
    4.3410012639e-01
    6.6929458414e-01
    6.9190672694e-02
    7.4286482064e-02
    4.8098485935e-01
    2.1854487718e-01
   -2.5391518425e-02
    5.0417825298e-02
    8.7575498844e-02
   -3.5962728607e-02
   -1.3745782054e-01
    7.4925691790e-02
   -1.4449080826e-01
    2.8302710806e-01
    1.5353619461e-01
   -2.1194037105e-01
   -2.6358431620e-01
    8.9217152716e-02
   -1.9303650215e-01
   -1.6001133961e-02
    2.5010674815e-01
   -8.6116119752e-02
   -7.1437486363e-03
   -3.4427752308e-01
   -1.5859452193e-01
    1.9311934782e-01
    1.0438763849e-01
    1.6324681030e-02
   -1.4385194347e-01
   -3.8307563089e-04
   -1.1831883748e-01
    1.1962716696e-01
    3.7520569071e-01
   -3.2863416164e-01
    1.3897034613e-01
    5.5150496149e-02
    2.4868591633e-01
    9.2421615219e-03
   -4.9440966624e-02
    2.8406810586e-02
   -1.1713111515e-01
    9.2397023794e-02
   -7.9918727599e-02
   -3.5580351485e-02
   -1.0579030944e-01
    1.9792926379e-01
    1.3976520782e-02
   -1.9046311678e-01
    8.8917145957e-05
    2.2804558247e-01
   -1.4948133035e-01
    1.9823369194e-01
   -3.3650637477e-02
    4.8760033153e-02
   -1.1626372637e-01
   -9.2004201333e-02
   -1.2895473264e-01
   -1.5740033654e-01
    2.2585908900e-01
   -1.6098936794e-02
   -5.6038874074e-02
   -9.4864236829e-02
   -2.0024759523e-01
   -5.2474670765e-03
    7.5336031530e-03
    1.8317527162e-01
    3.9392621192e-02
   -2.2726077019e-01
    3.6725840261e-01
   -6.0633659338e-02
    2.6017492816e-01
   -1.2481017600e-01
   -2.8886224436e-02
   -2.5604788724e-01
    2.5742423097e-02
   -3.0746409560e-02
   -7.3941896912e-02
   -2.8685573597e-01
    1.6376769375e-01
    1.9830967762e-02
    8.8190050699e-02
   -6.1288106247e-02
    7.7935699945e-03
   -6.4743987696e-02
   -1.4456113005e-01
    1.3381883103e-01
   -1.4712921927e-01
    1.1205683746e-01
    3.2591685585e-02
   -4.0539419048e-02
    5.4832414118e-02
   -6.7539220529e-02
    1.6810271075e-02
    1.1220992532e-01
    5.6516874986e-02
   -3.7543077770e-01
   -1.4806161332e-01
   -6.2822802842e-02
    2.1073712506e-01
    6.3219178527e-02
    1.4856035758e-01
    1.0257541640e-01
    1.6277028924e-01
    1.8127423553e-01
   -1.3155195093e-01
   -8.0449312787e-02
    7.9361278465e-02
    6.3078776513e-02
   -3.3265737169e-02
    1.8369444949e-01
    7.7013106452e-02
   -4.1162917323e-02
   -2.0193083147e-01
    4.0015108207e-02
   -1.3127630787e-01
   -5.7016184501e-02
   -1.2024473197e-01
    1.1280257520e-01
    1.4758523464e-01
   -2.5356928974e-02
    1.1225557561e-01
   -5.9061868842e-02
   -1.2655881367e-01
   -5.5260884155e-02
   -4.5126720902e-02
   -9.6953865283e-03
    1.3938120326e-01
    4.0700221433e-02
   -7.5927987774e-02
   -1.1594443209e-02
    8.3409990870e-02
    1.5887207729e-01
   -1.5143379823e-02
   -3.6903604116e-02
    7.6548562180e-02
   -4.7926201274e-02
    4.0496533578e-01
    1.6163734195e-01
   -4.1352918757e-02
    5.9864827475e-03
    1.0367776186e-01
   -6.1610276559e-02
    6.5085549145e-02
    9.3731134799e-02
    6.1555811956e-02
   -3.5001647661e-01
   -1.3738175599e-02
   -8.5740500858e-03
    1.0687111207e-01
   -1.6179681613e-01
   -1.1590513141e-02
   -1.3998227480e-02
    1.0172778752e-01
   -4.2979769549e-02
   -7.7850459746e-02
    1.0039921396e-01
    3.8604163901e-02
    1.6798120417e-01
   -1.0767487048e-01
    7.0081586975e-03
   -1.1410258167e-02
    7.0274460216e-02
    8.4696480689e-02
   -1.1475323712e-01
    1.3078909928e-01
    9.1468128271e-02
    6.1353701120e-02
   -4.7411596047e-02
   -3.1611727688e-02
    5.1881247226e-03
    7.3526889233e-02
   -8.5774742823e-02
   -7.0448130863e-02
   -4.0014795449e-02
   -3.3813459514e-02
    2.0072505140e-01
    6.3680705894e-02
   -5.1618883788e-02
    2.4131613301e-01
    2.0562073038e-01
    4.9333710825e-02
   -2.1726452439e-01
   -3.4973561502e-01
    2.9708049151e-01
    7.5979074360e-02
    2.3750865167e-01
    1.0964664000e-01
   -8.3841903683e-02
    1.1774385287e-01
   -2.3243409001e-02
   -1.6617535422e-01
    6.5521771275e-02
   -1.7188931942e-01
    5.4255095691e-02
   -6.1116019310e-02
   -1.5855247887e-01
    2.7171444329e-02
   -1.2530611877e-02
    8.0085544239e-03
   -7.0966601696e-02
    2.8896298157e-02
    5.9420681442e-02
   -1.3360092813e-01
   -5.2802309229e-03
    2.2891244762e-02
    1.8926660664e-02
    6.0945283488e-02
   -1.9292777335e-02
    5.0235918707e-02
   -1.5038481634e-01
    1.5227627420e-01
    6.4618014635e-02
    1.7765408145e-02
    6.5814037006e-03
   -1.0987263378e-01
   -2.9576856260e+04
   -1.6930948158e+03
    5.1208703330e+03
   -2.3124157171e+03
    3.0570659720e+03
   -2.5514113013e+03
    1.6608321433e+03
   -4.9259233054e+02
    1.3358702462e+03
   -2.2992300940e+03
   -2.1045844484e+02
    1.2486307769e+03
    2.7993237993e+02
    6.8876392173e+02
   -5.1545942513e+02
    9.2453280260e+02
    7.9351525072e+02
    2.7776705748e+02
    2.2567655687e+02
   -2.2874979569e+02
   -3.8936528391e+02
    1.3549777130e+02
    1.0533738577e+02
   -3.0431824101e+02
   -2.2370366636e+02
    3.5331833894e+02
    4.2953884698e+01
    2.1417811194e+02
    1.7645905864e+02
   -1.3426369838e+02
   -1.2671048457e+02
   -1.6843971526e+02
   -2.7524947918e+01
   -1.3380919521e+01
    1.0503157714e+02
    7.3253142973e+01
    6.9070868125e+01
   -1.9323475577e+01
    7.6151830760e+01
    5.8402965647e+01
   -1.5482907315e+02
    6.4383048452e+01
   -1.1289691961e+01
   -6.2600940274e+01
    1.5481057951e+01
    2.7783445066e-01
   -8.8309532406e+01
    4.8066420468e+01
    7.9541640039e+01
   -7.4269201548e+01
   -6.2670247416e+01
   -8.4905028393e-01
   -2.3202152204e+01
    3.6594631165e+01
    6.6537046942e+00
    1.1053785482e+01
    2.5043651646e+01
    8.4317752868e+00
    1.2427774889e+01
    6.2505981032e+00
   -2.5908144832e+01
    5.7502901351e-01
   -5.1773883096e+00
    2.4762242656e+01
    7.2002585184e+00
    1.1389261429e+01
   -1.0773718073e+01
   -2.1037625036e+01
   -7.1571808223e+00
    9.3588620638e+00
   -1.7539704118e+01
   -2.0444244509e+01
    9.6854804821e+00
    1.5910573021e+01
    8.4628879972e+00
    8.1189590462e+00
   -1.0068769544e+01
   -1.3676696838e+01
   -5.7554166289e+00
   -7.5165634528e-01
    5.4167639543e+00
    9.7350523586e+00
   -2.0083739502e+01
    3.3522184290e+00
    1.2887044860e+01
   -7.6205338705e+00
    1.2619770745e+01
    5.5054908878e+00
   -6.5267454088e+00
   -1.0088352634e+01
   -8.3200998239e+00
   -1.4107461796e+00
    8.2327536947e+00
    8.9614024240e+00
    3.2084139589e+00
   -5.7663706343e+00
   -8.1266063122e+00
   -8.8592290084e+00
    5.5614993504e+00
   -2.2344791962e+00
   -6.1099707876e+00
    1.8965101944e+00
    1.4994298746e+00
    1.7418604182e-01
   -2.6708937829e+00
    4.3509316873e+00
   -2.3737516776e-01
    4.8385175295e+00
    3.3071970693e+00
   -6.3218117157e+00
    5.8307686783e-01
   -1.1095963470e+00
    2.0542182500e+00
   -3.2508681468e+00
    4.0271161916e+00
   -4.3769575928e-01
    6.5172977626e-02
   -2.2994107358e+00
   -1.7698812132e+00
   -7.7498428569e+00
    2.9390971531e+00
   -1.6095647128e+00
    8.1256162820e-02
   -1.8897646570e+00
    1.2926571169e+00
    1.3759853657e+00
   -8.1407339127e-01
   -2.3756413719e-01
   -2.3843013852e+00
    1.9395369153e-01
    9.3546282650e-01
   -7.3928155847e-01
   -6.2398060536e-01
    6.2515037291e-01
   -2.7296145524e+00
    1.7915519247e+00
   -1.0034178246e+00
    1.5226956313e-01
   -1.3872838159e+00
    1.0221029886e+00
   -1.9160068513e+00
    4.0012150274e+00
   -1.1405228909e+00
   -2.0395521157e+00
   -2.8049606486e-01
   -5.7939076449e-01
    1.1422479165e-01
    2.2088687202e-01
    8.5463258798e-01
    2.5187365613e+00
   -2.3735227449e-01
   -2.6201710706e+00
    9.6313689034e-01
    6.5487535553e-01
   -3.8347580562e-01
    3.3924736178e-01
    4.3009650923e-01
    1.3219892551e-02
   -3.4787331892e-01
    5.8006153093e-03
   -3.5088035844e-01
    2.7954851856e-01
    9.6587265484e-03
   -8.6769281522e-01
   -3.6172396364e-01
   -3.8837873622e-01
   -1.8278746911e-01
    8.5749196093e-01
   -1.2467804553e-01
   -8.7507301551e-01
   -7.9869948895e-01
    2.2323419106e-01
    2.8713382413e-01
    1.9083201195e-01
    1.7701436098e+00
   -4.1978395639e-01
   -5.2167752185e-01
    1.1990865058e+00
   -1.0189762923e+00
   -3.9547089969e-01
   -2.2100663785e-02
    7.3978349123e-01
    6.5679816789e-01
   -3.0500266278e-01
    2.3182434663e-01
    3.3129171649e-01
    5.6155309101e-01
   -5.9602439041e-02
    3.7568612183e-01
    4.1853158372e-01
   -2.1963410600e-01
    1.0357651635e-02
   -5.5711821027e-01
   -1.4018969384e-01
   -8.3723060203e-01
   -3.1177728905e-01
    3.3071955634e-01
    3.5989535749e-01
   -2.2208762231e-01
   -7.2590903350e-01
   -2.0916411322e-01
    4.2718459338e-01
   -6.3577532064e-02
    4.3569815984e-01
    2.3384643250e-01
   -8.1631825916e-02
   -8.3788104549e-02
    3.5133007213e-01
   -1.1341579111e-01
    2.7578300336e-01
    2.2189999202e-01
    2.5870560981e-01
   -4.0969104597e-02
    3.5839467169e-01
    6.0497542344e-01
    2.2680507408e-01
   -3.4662101956e-01
    3.5018066157e-02
    2.8430345895e-01
    1.7761958280e-01
    2.8994563746e-01
   -1.5201337253e-01
    2.5131465773e-01
   -3.3860840975e-01
    2.2358641211e-01
    4.3483561854e-01
    6.7041525815e-01
    7.2601416045e-02
    7.2912049682e-02
    4.7653228730e-01
    2.1918821867e-01
   -2.9094887083e-02
    4.8578923993e-02
    8.8382999954e-02
   -2.9650398508e-02
   -1.3509994356e-01
    7.6733870128e-02
   -1.4474890323e-01
    2.8150993722e-01
    1.5230497611e-01
   -2.1281463254e-01
   -2.6548204445e-01
    9.1627077470e-02
   -1.9413266675e-01
   -1.7192989423e-02
    2.4742688954e-01
   -8.7277532747e-02
   -1.0486651841e-02
   -3.3982028116e-01
   -1.5227946398e-01
    1.9480414331e-01
    1.0877211994e-01
    1.3541029055e-02
   -1.4718396439e-01
   -5.6003999969e-03
   -1.1748461520e-01
    1.1977369487e-01
    3.7634296639e-01
   -3.2953143199e-01
    1.3869650216e-01
    5.8859359077e-02
    2.5234350900e-01
    1.0035349367e-02
   -5.0909100040e-02
    2.8960226971e-02
   -1.1701636743e-01
    9.2165880851e-02
   -7.8153135677e-02
   -3.4068482433e-02
   -1.0359414621e-01
    1.9829223215e-01
    1.1761247537e-02
   -1.9068928847e-01
   -2.1359520486e-04
    2.2731572692e-01
   -1.4767866067e-01
    1.9956914158e-01
   -3.3274392636e-02
    4.3423697077e-02
   -1.1713936525e-01
   -9.5855654547e-02
   -1.2730853446e-01
   -1.5064159658e-01
    2.2675274803e-01
   -1.6818699944e-02
   -5.3304760235e-02
   -9.4194443989e-02
   -1.9544264282e-01
   -6.4356287101e-03
    6.4837124750e-03
    1.8497408575e-01
    3.9819558458e-02
   -2.2761161435e-01
    3.6450208049e-01
   -6.0132138585e-02
    2.5864552855e-01
   -1.2482060359e-01
   -2.6426030673e-02
   -2.5487408297e-01
    2.5268467438e-02
   -3.1455324263e-02
   -7.2744777132e-02
   -2.8764930706e-01
    1.6296497947e-01
    1.8762459264e-02
    8.8481410942e-02
   -6.0851926262e-02
    7.1722247049e-03
   -6.5235418141e-02
   -1.4467847281e-01
    1.3408385374e-01
   -1.4599921779e-01
    1.1356751229e-01
    3.0461629037e-02
   -4.1991352943e-02
    5.1986803072e-02
   -6.8812054299e-02
    1.7690141079e-02
    1.1247780993e-01
    5.3041196065e-02
   -3.7252834885e-01
   -1.4700996006e-01
   -5.8622811773e-02
    2.1056465438e-01
    6.2933168677e-02
    1.4926864363e-01
    1.0386804120e-01
    1.6152818011e-01
    1.8126535890e-01
   -1.3118639974e-01
   -8.0214114214e-02
    7.9574292826e-02
    6.4422124894e-02
   -3.3493051097e-02
    1.8377956020e-01
    7.7644352381e-02
   -4.1193193713e-02
   -2.0263958598e-01
    4.0463485451e-02
   -1.3112682566e-01
   -5.6882517471e-02
   -1.2137298733e-01
    1.1280765786e-01
    1.4850585735e-01
   -2.4191978843e-02
    1.1187946765e-01
   -5.9624079102e-02
   -1.2625368519e-01
   -5.3884292268e-02
   -4.5500613257e-02
   -8.4354857778e-03
    1.3994024037e-01
    4.0313547184e-02
   -7.4522620484e-02
   -1.1003281026e-02
    8.1561035421e-02
    1.5799149370e-01
   -1.9257653197e-02
   -3.6669397242e-02
    7.8619691464e-02
   -4.8330408163e-02
    4.0482860740e-01
    1.6188913723e-01
   -4.1404504933e-02
    5.7184235152e-03
    1.0379176041e-01
   -6.2174606970e-02
    6.3970826543e-02
    9.3037531347e-02
    6.1466245461e-02
   -3.4986509548e-01
   -1.3116754970e-02
   -9.4270010913e-03
    1.0666736855e-01
   -1.6195657228e-01
   -1.0824366892e-02
   -1.4260102286e-02
    1.0168239670e-01
   -4.3072711650e-02
   -7.7572894820e-02
    9.9406115120e-02
    3.8214236155e-02
    1.6839808136e-01
   -1.0704339553e-01
    7.5067715506e-03
   -1.1830770990e-02
    6.9893200570e-02
    8.4785686960e-02
   -1.1509609361e-01
    1.3106103667e-01
    9.2161024984e-02
    6.1516369062e-02
   -4.7190698202e-02
   -3.1319863121e-02
    4.5459508447e-03
    7.4241673431e-02
   -8.5978195044e-02
   -6.9684177863e-02
   -3.8558370434e-02
   -3.3669031245e-02
    2.0055020457e-01
    6.4569791086e-02
   -5.1023710342e-02
    2.4087980853e-01
    2.0532043604e-01
    4.9283643179e-02
   -2.1704652524e-01
   -3.4913277643e-01
    2.9750154851e-01
    7.5770200619e-02
    2.3745429249e-01
    1.0939746771e-01
   -8.3825263537e-02
    1.1814826685e-01
   -2.3273022990e-02
   -1.6630935839e-01
    6.5269149438e-02
   -1.7194032837e-01
    5.4474124455e-02
   -6.0870303055e-02
   -1.5868279889e-01
    2.7161150311e-02
   -1.2729838407e-02
    7.9565505403e-03
   -7.1352775124e-02
    2.8912976791e-02
    5.9319122511e-02
   -1.3397416183e-01
   -5.2731755843e-03
    2.2689046841e-02
    1.8864867519e-02
    6.0847947821e-02
   -1.9298124370e-02
    4.9129555214e-02
   -1.5013076276e-01
    1.5259456852e-01
    6.4010614893e-02
    1.7404769239e-02
    5.9888012749e-03
   -1.0876099367e-01
   -2.9571849691e+04
   -1.6873793444e+03
    5.1099876545e+03
   -2.3192979522e+03
    3.0544225757e+03
   -2.5629650923e+03
    1.6598469406e+03
   -4.9894234615e+02
    1.3361436211e+03
   -2.3007422208e+03
   -2.0759554249e+02
    1.2481687464e+03
    2.7733826583e+02
    6.8494409279e+02
   -5.1808015204e+02
    9.2341544680e+02
    7.9473525774e+02
    2.7879384394e+02
    2.2182660321e+02
   -2.2802434614e+02
   -3.8687312391e+02
    1.3824031862e+02
    1.0413410831e+02
   -3.0450917287e+02
   -2.2465278777e+02
    3.5362234956e+02
    4.2809145426e+01
    2.1274672794e+02
    1.7728732961e+02
   -1.3484935183e+02
   -1.2578106681e+02
   -1.6842202138e+02
   -2.5462984643e+01
   -1.3461152878e+01
    1.0473446253e+02
    7.3319527679e+01
    6.9236329974e+01
   -1.9639666894e+01
    7.6327201724e+01
    5.7475363296e+01
   -1.5387445998e+02
    6.4236776492e+01
   -1.2163573786e+01
   -6.2787641540e+01
    1.5323757445e+01
    2.1714433251e-01
   -8.7852189691e+01
    4.8728245315e+01
    7.9640558230e+01
   -7.4291700012e+01
   -6.2358870920e+01
   -1.0336590938e+00
   -2.3044033367e+01
    3.7141401400e+01
    6.7255797242e+00
    1.1376382559e+01
    2.5162561634e+01
    8.6566816629e+00
    1.2020207409e+01
    6.0660445245e+00
   -2.5980996637e+01
    9.0016141379e-01
   -5.0572277123e+00
    2.4819420245e+01
    7.3104970032e+00
    1.1291816713e+01
   -1.0991774689e+01
   -2.0959517429e+01
   -7.0616418007e+00
    9.4927571644e+00
   -1.7702822699e+01
   -2.0270473608e+01
    9.7921074228e+00
    1.5994009633e+01
    8.7327199232e+00
    7.9960834750e+00
   -1.0405532584e+01
   -1.3445081241e+01
   -5.4939386753e+00
   -5.0645979318e-01
    5.4813420228e+00
    9.7519134353e+00
   -2.0157805935e+01
    3.4013479257e+00
    1.2818958044e+01
   -7.4672927972e+00
    1.2625769888e+01
    5.3823856854e+00
   -6.5639402478e+00
   -1.0252743700e+01
   -8.2932635533e+00
   -1.3741916211e+00
    8.2067814034e+00
    8.9086787412e+00
    3.1314036792e+00
   -6.0169992478e+00
   -8.0518423636e+00
   -8.9548956954e+00
    5.6719832937e+00
   -2.1851659177e+00
   -6.1242402913e+00
    1.9558639465e+00
    1.4856599572e+00
    1.8619638629e-01
   -2.5910952054e+00
    4.3878834321e+00
   -2.0837941283e-01
    4.8188179953e+00
    3.2413467669e+00
   -6.3939392015e+00
    5.0894729152e-01
   -1.0827315576e+00
    2.0568484248e+00
   -3.3152187112e+00
    3.9684678892e+00
   -5.5465596718e-01
    9.3410317653e-03
   -2.3153983380e+00
   -1.8647374928e+00
   -7.8001323067e+00
    2.9647340529e+00
   -1.6053690254e+00
    8.1751673457e-02
   -1.9118156356e+00
    1.3050247605e+00
    1.3606362792e+00
   -7.9038172513e-01
   -2.5988496905e-01
   -2.3504044237e+00
    2.0897264111e-01
    9.3182595915e-01
   -7.4488675855e-01
   -6.1740931765e-01
    5.9745568459e-01
   -2.7187722203e+00
    1.7892813112e+00
   -1.0237128584e+00
    1.5288036401e-01
   -1.4349191215e+00
    1.0088867610e+00
   -1.9003442268e+00
    4.0064788628e+00
   -1.2030985538e+00
   -2.0351009931e+00
   -2.8223073411e-01
   -5.9771126180e-01
    1.2413921357e-01
    2.2798735747e-01
    8.6913904533e-01
    2.5013095603e+00
   -2.6345363567e-01
   -2.6300619000e+00
    9.6209881908e-01
    6.4577537613e-01
   -3.6050077732e-01
    3.5244645029e-01
    4.4217091468e-01
    1.1614573849e-02
   -3.5268589409e-01
    3.7196507807e-03
   -3.4790460118e-01
    2.8048304234e-01
    2.5255582221e-02
   -8.6691258217e-01
   -4.0199836659e-01
   -3.7065965389e-01
   -1.6049869167e-01
    8.6503453938e-01
   -1.2510021421e-01
   -8.7964695066e-01
   -8.0061812521e-01
    2.2325906316e-01
    2.8437934797e-01
    2.0163213445e-01
    1.7696007267e+00
   -4.2302811059e-01
   -5.2861290570e-01
    1.1931333936e+00
   -1.0310709624e+00
   -3.9000353377e-01
   -2.2181911264e-02
    7.4645943259e-01
    6.4762938622e-01
   -2.9420138105e-01
    2.2908120992e-01
    3.3812008689e-01
    5.5321352942e-01
   -5.7811529671e-02
    3.7962506225e-01
    4.1823345878e-01
   -2.2095499446e-01
   -9.8911879196e-03
   -5.6418516655e-01
   -1.5347977506e-01
   -8.3384949035e-01
   -3.1215313970e-01
    3.2670547702e-01
    3.6387661157e-01
   -2.2296208629e-01
   -7.1889240920e-01
   -2.0630445679e-01
    4.2842932162e-01
   -6.3646458437e-02
    4.3755193579e-01
    2.3062679439e-01
   -8.3646986415e-02
   -8.1442544198e-02
    3.5266362432e-01
   -1.1834914305e-01
    2.7643503821e-01
    2.2806955970e-01
    2.5411258269e-01
   -4.0626852643e-02
    3.6010111949e-01
    6.1306549149e-01
    2.2549778444e-01
   -3.4941267726e-01
    4.2114371831e-02
    2.8481221262e-01
    1.7066357371e-01
    2.8804150558e-01
   -1.6692676484e-01
    2.3052530472e-01
   -3.4336919583e-01
    2.2412384808e-01
    4.3558259385e-01
    6.7134358130e-01
    7.5890290386e-02
    7.1452549547e-02
    4.7211910229e-01
    2.1994096173e-01
   -3.2649335189e-02
    4.6581931243e-02
    8.9080673180e-02
   -2.3943339992e-02
   -1.3274554750e-01
    7.8465449374e-02
   -1.4458566703e-01
    2.8015095671e-01
    1.5126027132e-01
   -2.1330802854e-01
   -2.6703096281e-01
    9.4106533786e-02
   -1.9518616604e-01
   -1.7897844685e-02
    2.4508919015e-01
   -8.8374245745e-02
   -1.3930758745e-02
   -3.3571208215e-01
   -1.4604719209e-01
    1.9554134106e-01
    1.1262236088e-01
    1.0882688321e-02
   -1.5188661181e-01
   -1.1453819084e-02
   -1.1663788358e-01
    1.1991083200e-01
    3.7759180028e-01
   -3.3027692917e-01
    1.3844609206e-01
    6.2331367689e-02
    2.5596401175e-01
    1.0756464867e-02
   -5.2331602825e-02
    2.9442341447e-02
   -1.1693586520e-01
    9.1964486376e-02
   -7.6364276284e-02
   -3.2490959801e-02
   -1.0137923510e-01
    1.9865285304e-01
    9.7430737114e-03
   -1.9097447548e-01
   -3.1255784910e-04
    2.2647510762e-01
   -1.4586452105e-01
    2.0077427990e-01
   -3.2939522638e-02
    3.8332759554e-02
   -1.1813396935e-01
   -9.9556924747e-02
   -1.2583819444e-01
   -1.4406147221e-01
    2.2761735962e-01
   -1.7496883079e-02
   -5.0401576752e-02
   -9.3558034144e-02
   -1.9086458150e-01
   -7.5769471539e-03
    5.4962120841e-03
    1.8672448955e-01
    4.0152440418e-02
   -2.2786683947e-01
    3.6191515854e-01
   -5.9698996653e-02
    2.5710657721e-01
   -1.2470914816e-01
   -2.3902739016e-02
   -2.5380459408e-01
    2.4762058618e-02
   -3.2082115881e-02
   -7.1537356422e-02
   -2.8839573507e-01
    1.6222670291e-01
    1.7759481423e-02
    8.8774263585e-02
   -6.0347174467e-02
    6.6132420630e-03
   -6.5620331895e-02
   -1.4477214775e-01
    1.3427450583e-01
   -1.4483431602e-01
    1.1488066100e-01
    2.8469557058e-02
   -4.3375773854e-02
    4.9229329413e-02
   -6.9843457091e-02
    1.8681722526e-02
    1.1263622571e-01
    4.9787877209e-02
   -3.6981659090e-01
   -1.4600647089e-01
   -5.4627839696e-02
    2.1036687087e-01
    6.2704762302e-02
    1.4996338186e-01
    1.0508442870e-01
    1.6034656680e-01
    1.8124047730e-01
   -1.3085216558e-01
   -7.9987716338e-02
    7.9805571906e-02
    6.5771615018e-02
   -3.3758641147e-02
    1.8383993857e-01
    7.8255300641e-02
   -4.1191078131e-02
   -2.0332616762e-01
    4.0863068164e-02
   -1.3096821868e-01
   -5.6730674923e-02
   -1.2246585403e-01
    1.1284923785e-01
    1.4944607957e-01
   -2.3065165327e-02
    1.1152898417e-01
   -6.0134476708e-02
   -1.2598703480e-01
   -5.2514183254e-02
   -4.5854916342e-02
   -7.2402609462e-03
    1.4049499092e-01
    3.9915057725e-02
   -7.3160664770e-02
   -1.0456591514e-02
    7.9699173403e-02
    1.5707937582e-01
   -2.3188159954e-02
   -3.6538751014e-02
    8.0653862802e-02
   -4.8733244895e-02
    4.0470440976e-01
    1.6216012026e-01
   -4.1468032305e-02
    5.4551901950e-03
    1.0388517889e-01
   -6.2716255872e-02
    6.2904027574e-02
    9.2368647310e-02
    6.1413059465e-02
   -3.4970471016e-01
   -1.2502966028e-02
   -1.0269389323e-02
    1.0647324593e-01
   -1.6211698298e-01
   -1.0075220359e-02
   -1.4515248665e-02
    1.0164296133e-01
   -4.3161388655e-02
   -7.7285641171e-02
    9.8436331563e-02
    3.7842170099e-02
    1.6880796457e-01
   -1.0642232676e-01
    7.9934698883e-03
   -1.2239364108e-02
    6.9520192264e-02
    8.4882657556e-02
   -1.1543959743e-01
    1.3135030735e-01
    9.2857334912e-02
    6.1662473757e-02
   -4.6960840068e-02
   -3.1015577906e-02
    3.9110160690e-03
    7.4851084760e-02
   -8.6168124356e-02
   -6.8939189158e-02
   -3.7121032197e-02
   -3.3535343812e-02
    2.0037301313e-01
    6.5461460824e-02
   -5.0427798453e-02
    2.4044492289e-01
    2.0502294375e-01
    4.9232662137e-02
   -2.1683325326e-01
   -3.4853878168e-01
    2.9792766282e-01
    7.5568723030e-02
    2.3740324490e-01
    1.0915582392e-01
   -8.3804551020e-02
    1.1854778519e-01
   -2.3300922803e-02
   -1.6644237217e-01
    6.5019875291e-02
   -1.7199343511e-01
    5.4684357381e-02
   -6.0626612953e-02
   -1.5880758392e-01
    2.7150967154e-02
   -1.2927858289e-02
    7.9046883247e-03
   -7.1737565253e-02
    2.8930893520e-02
    5.9212605951e-02
   -1.3434255824e-01
   -5.2653688548e-03
    2.2490246753e-02
    1.8797068645e-02
    6.0761732694e-02
   -1.9302482101e-02
    4.8042673942e-02
   -1.4987775100e-01
    1.5290717465e-01
    6.3393909839e-02
    1.7040348232e-02
    5.3821610809e-03
   -1.0767426010e-01
   -2.9566238291e+04
   -1.6815219370e+03
    5.0989307009e+03
   -2.3258943160e+03
    3.0518642522e+03
   -2.5741596137e+03
    1.6588313168e+03
   -5.0524003041e+02
    1.3365438768e+03
   -2.3023653286e+03
   -2.0475713055e+02
    1.2478041546e+03
    2.7465800589e+02
    6.8082202733e+02
   -5.2064748996e+02
    9.2224599136e+02
    7.9591534149e+02
    2.7997235662e+02
    2.1792474513e+02
   -2.2715476422e+02
   -3.8434610707e+02
    1.4087307517e+02
    1.0268068505e+02
   -3.0477162663e+02
   -2.2546628391e+02
    3.5394516880e+02
    4.2624151775e+01
    2.1131054925e+02
    1.7821051550e+02
   -1.3548104918e+02
   -1.2491484481e+02
   -1.6837845312e+02
   -2.3401124960e+01
   -1.3564547376e+01
    1.0439362622e+02
    7.3409613139e+01
    6.9355696799e+01
   -1.9877507951e+01
    7.6488186078e+01
    5.6541808223e+01
   -1.5296755741e+02
    6.4060756548e+01
   -1.3028098459e+01
   -6.3003767914e+01
    1.5132914416e+01
    1.5725410056e-01
   -8.7392452393e+01
    4.9482613458e+01
    7.9721656096e+01
   -7.4302526189e+01
   -6.2010321213e+01
   -1.2361460163e+00
   -2.2907191884e+01
    3.7685418626e+01
    6.7849633932e+00
    1.1726652557e+01
    2.5261085193e+01
    8.8987944996e+00
    1.1636144806e+01
    5.8611287027e+00
   -2.6071682614e+01
    1.2551625012e+00
   -4.9284512673e+00
    2.4854580939e+01
    7.4051737727e+00
    1.1211059290e+01
   -1.1230030781e+01
   -2.0885512226e+01
   -6.9792659671e+00
    9.6223775999e+00
   -1.7861600014e+01
   -2.0090874413e+01
    9.8952661475e+00
    1.6080439395e+01
    8.9881325040e+00
    7.8655302237e+00
   -1.0711597976e+01
   -1.3214411991e+01
   -5.2365948807e+00
   -2.8546866425e-01
    5.5398030805e+00
    9.7713265872e+00
   -2.0225989203e+01
    3.4483777486e+00
    1.2741352516e+01
   -7.3106982351e+00
    1.2629592995e+01
    5.2575085862e+00
   -6.6035145334e+00
   -1.0418385281e+01
   -8.2635692616e+00
   -1.3357139913e+00
    8.1780183231e+00
    8.8541327268e+00
    3.0589875556e+00
   -6.2546182085e+00
   -7.9586656054e+00
   -9.0478157066e+00
    5.7823498492e+00
   -2.1345186758e+00
   -6.1418866944e+00
    2.0072552482e+00
    1.4650815999e+00
    1.9514093344e-01
   -2.5022905752e+00
    4.4263126130e+00
   -1.8082586863e-01
    4.7982080153e+00
    3.1744388826e+00
   -6.4654441727e+00
    4.3140302483e-01
   -1.0555473026e+00
    2.0577605648e+00
   -3.3753345187e+00
    3.9070100724e+00
   -6.7241285716e-01
   -5.1659368063e-02
   -2.3310413525e+00
   -1.9496349584e+00
   -7.8522578345e+00
    2.9860273292e+00
   -1.5986538510e+00
    8.1447084175e-02
   -1.9365100828e+00
    1.3176821981e+00
    1.3502878811e+00
   -7.6866741835e-01
   -2.8520181554e-01
   -2.3169351729e+00
    2.2759395783e-01
    9.2838676392e-01
   -7.5472918946e-01
   -6.0751339903e-01
    5.7089819075e-01
   -2.7079275084e+00
    1.7884505656e+00
   -1.0448353814e+00
    1.5215718607e-01
   -1.4815896617e+00
    9.9831931406e-01
   -1.8887814426e+00
    4.0109744670e+00
   -1.2722019234e+00
   -2.0300656504e+00
   -2.8391845414e-01
   -6.1757364244e-01
    1.3193572390e-01
    2.3622121187e-01
    8.8430177574e-01
    2.4818400239e+00
   -2.9069053046e-01
   -2.6373515625e+00
    9.6066577323e-01
    6.3584237938e-01
   -3.3726636081e-01
    3.6681135726e-01
    4.5404405188e-01
    9.7877914795e-03
   -3.5629423725e-01
    2.6560111638e-03
   -3.4636665319e-01
    2.8135869534e-01
    4.2352858211e-02
   -8.6481716224e-01
   -4.4049641358e-01
   -3.5390183971e-01
   -1.3918429678e-01
    8.6924523768e-01
   -1.2455465070e-01
   -8.8270933829e-01
   -8.0294626531e-01
    2.2343458262e-01
    2.8232820684e-01
    2.1271982848e-01
    1.7691190799e+00
   -4.2528462309e-01
   -5.3510437200e-01
    1.1864926481e+00
   -1.0426697016e+00
   -3.8408996981e-01
   -2.2697194572e-02
    7.5274128236e-01
    6.3805200405e-01
   -2.8283127528e-01
    2.2499632425e-01
    3.4427341768e-01
    5.4506741158e-01
   -5.4452451129e-02
    3.8385738469e-01
    4.1742108803e-01
   -2.2259847666e-01
   -3.1851012079e-02
   -5.6953996853e-01
   -1.6460885484e-01
   -8.3164986773e-01
   -3.1210687644e-01
    3.2308714668e-01
    3.6764941960e-01
   -2.2478510791e-01
   -7.1198874433e-01
   -2.0326771236e-01
    4.3038428840e-01
   -6.3615866945e-02
    4.3942424990e-01
    2.2713558144e-01
   -8.5556577451e-02
   -7.8382811616e-02
    3.5346683494e-01
   -1.2259596383e-01
    2.7765914372e-01
    2.3439769973e-01
    2.4889587959e-01
   -3.9512909432e-02
    3.6207670591e-01
    6.2089385804e-01
    2.2327739986e-01
   -3.5165362521e-01
    4.9765344750e-02
    2.8482877469e-01
    1.6325924635e-01
    2.8545961457e-01
   -1.8051302803e-01
    2.1011342250e-01
   -3.4714449078e-01
    2.2460570277e-01
    4.3639726845e-01
    6.7206125126e-01
    7.9025921897e-02
    6.9891253095e-02
    4.6770824579e-01
    2.2080083518e-01
   -3.6058402599e-02
    4.4452731488e-02
    8.9731369828e-02
   -1.8844817469e-02
   -1.3042806434e-01
    8.0161467965e-02
   -1.4403020351e-01
    2.7898338848e-01
    1.5038522019e-01
   -2.1342847482e-01
   -2.6821583842e-01
    9.6655204502e-02
   -1.9614130577e-01
   -1.8078966232e-02
    2.4307658156e-01
   -8.9394000345e-02
   -1.7438587774e-02
   -3.3189393632e-01
   -1.3987429641e-01
    1.9533937833e-01
    1.1594375425e-01
    8.2648171403e-03
   -1.5787575252e-01
   -1.7782614606e-02
   -1.1578975319e-01
    1.2002875061e-01
    3.7896148851e-01
   -3.3084744211e-01
    1.3819425642e-01
    6.5520387011e-02
    2.5953190045e-01
    1.1382899956e-02
   -5.3698795778e-02
    2.9845827910e-02
   -1.1688500263e-01
    9.1804370736e-02
   -7.4545677416e-02
   -3.0882868164e-02
   -9.9152668010e-02
    1.9900565848e-01
    7.9378380298e-03
   -1.9131728785e-01
   -2.1003705570e-04
    2.2552830665e-01
   -1.4402010084e-01
    2.0186613765e-01
   -3.2639925395e-02
    3.3493718006e-02
   -1.1922166850e-01
   -1.0310949195e-01
   -1.2455861969e-01
   -1.3768147260e-01
    2.2843342924e-01
   -1.8103846285e-02
   -4.7351467196e-02
   -9.3004726880e-02
   -1.8652541808e-01
   -8.6705931103e-03
    4.5668329255e-03
    1.8842368585e-01
    4.0389187405e-02
   -2.2801876894e-01
    3.5950714099e-01
   -5.9334625915e-02
    2.5556158929e-01
   -1.2447323729e-01
   -2.1328269947e-02
   -2.5284706142e-01
    2.4231682028e-02
   -3.2623713506e-02
   -7.0332443586e-02
   -2.8909168351e-01
    1.6155556286e-01
    1.6834856017e-02
    8.9067711451e-02
   -5.9776784741e-02
    6.1228327861e-03
   -6.5886423749e-02
   -1.4483703626e-01
    1.3439236399e-01
   -1.4363666530e-01
    1.1599178412e-01
    2.6616323325e-02
   -4.4681545738e-02
    4.6568606275e-02
   -7.0619063104e-02
    1.9788203767e-02
    1.1268818789e-01
    4.6779273560e-02
   -3.6729560331e-01
   -1.4508126860e-01
   -5.0845101548e-02
    2.1014039276e-01
    6.2535391989e-02
    1.5064483002e-01
    1.0621861543e-01
    1.5922804901e-01
    1.8119949645e-01
   -1.3055057345e-01
   -7.9771292640e-02
    8.0050647717e-02
    6.7126899531e-02
   -3.4067983671e-02
    1.8387734839e-01
    7.8843504110e-02
   -4.1153513103e-02
   -2.0398750974e-01
    4.1208407717e-02
   -1.3079756882e-01
   -5.6562434853e-02
   -1.2351974477e-01
    1.1292948607e-01
    1.5040426388e-01
   -2.1980778109e-02
    1.1120859787e-01
   -6.0589396807e-02
   -1.2575753492e-01
   -5.1152061676e-02
   -4.6189515668e-02
   -6.1196161871e-03
    1.4104239865e-01
    3.9501141243e-02
   -7.1845027381e-02
   -9.9606795179e-03
    7.7829453235e-02
    1.5613241442e-01
   -2.6923007184e-02
   -3.6512796314e-02
    8.2642217781e-02
   -4.9135428337e-02
    4.0459418884e-01
    1.6245107326e-01
   -4.1544578891e-02
    5.1967635028e-03
    1.0395677405e-01
   -6.3230193744e-02
    6.1892263304e-02
    9.1727904646e-02
    6.1400187375e-02
   -3.4953777520e-01
   -1.1898160746e-02
   -1.1099714019e-02
    1.0629099678e-01
   -1.6227726636e-01
   -9.3456813452e-03
   -1.4762477884e-02
    1.0160872416e-01
   -4.3244771199e-02
   -7.6988671002e-02
    9.7492827602e-02
    3.7489402137e-02
    1.6920931335e-01
   -1.0581286453e-01
    8.4678599795e-03
   -1.2634948798e-02
    6.9156913513e-02
    8.4988944573e-02
   -1.1578261796e-01
    1.3165792969e-01
    9.3555727955e-02
    6.1790069497e-02
   -4.6720552768e-02
   -3.0699464803e-02
    3.2836773139e-03
    7.5350259489e-02
   -8.6343690888e-02
   -6.8215350434e-02
   -3.5706301478e-02
   -3.3413780849e-02
    2.0019317875e-01
    6.6355357370e-02
   -4.9831515830e-02
    2.4001186292e-01
    2.0472857572e-01
    4.9181113020e-02
   -2.1662605829e-01
   -3.4795490246e-01
    2.9835899270e-01
    7.5374931721e-02
    2.3735598391e-01
    1.0892171357e-01
   -8.3779383928e-02
    1.1894168059e-01
   -2.3326587711e-02
   -1.6657403907e-01
    6.4773721858e-02
   -1.7204874488e-01
    5.4884730930e-02
   -6.0385323006e-02
   -1.5892653832e-01
    2.7140489201e-02
   -1.3124455817e-02
    7.8533793418e-03
   -7.2120968915e-02
    2.8950334226e-02
    5.9101114679e-02
   -1.3470516610e-01
   -5.2574309875e-03
    2.2296266456e-02
    1.8722976702e-02
    6.0688214458e-02
   -1.9305154816e-02
    4.6978297347e-02
   -1.4962594741e-01
    1.5321323907e-01
    6.2767720126e-02
    1.6672913882e-02
    4.7610347510e-03
   -1.0661605321e-01
   -2.9559813682e+04
   -1.6752832897e+03
    5.0875548557e+03
   -2.3322126190e+03
    3.0496823702e+03
   -2.5852872934e+03
    1.6581398835e+03
   -5.1097540999e+02
    1.3367869741e+03
   -2.3042454173e+03
   -2.0161949451e+02
    1.2473048919e+03
    2.7193869715e+02
    6.7623571483e+02
   -5.2301918112e+02
    9.2117567028e+02
    7.9704966233e+02
    2.8119169860e+02
    2.1397838459e+02
   -2.2615001994e+02
   -3.8186697766e+02
    1.4333510835e+02
    1.0113177313e+02
   -3.0506870027e+02
   -2.2619674862e+02
    3.5424905581e+02
    4.2481346206e+01
    2.0992262072e+02
    1.7923414871e+02
   -1.3611741864e+02
   -1.2410616894e+02
   -1.6825422880e+02
   -2.1323695748e+01
   -1.3617780741e+01
    1.0409893354e+02
    7.3512224022e+01
    6.9428274257e+01
   -2.0081095363e+01
    7.6637759035e+01
    5.5603253267e+01
   -1.5207104760e+02
    6.3838598828e+01
   -1.3899740775e+01
   -6.3275214148e+01
    1.4876969759e+01
    1.5291731117e-01
   -8.6899869844e+01
    5.0277793106e+01
    7.9789224465e+01
   -7.4323997936e+01
   -6.1630811946e+01
   -1.4639335355e+00
   -2.2779611899e+01
    3.8234354654e+01
    6.8232735361e+00
    1.2081180991e+01
    2.5343275866e+01
    9.1613141477e+00
    1.1273191016e+01
    5.6374755933e+00
   -2.6187186880e+01
    1.6325112587e+00
   -4.7877152971e+00
    2.4875013306e+01
    7.4792515790e+00
    1.1146810210e+01
   -1.1495154064e+01
   -2.0814153728e+01
   -6.9032558855e+00
    9.7500083950e+00
   -1.8008058365e+01
   -1.9898974201e+01
    1.0005066865e+01
    1.6166049205e+01
    9.2235474562e+00
    7.7230996952e+00
   -1.0998097137e+01
   -1.2981812974e+01
   -4.9963499221e+00
   -1.0067047983e-01
    5.5903650119e+00
    9.7907907793e+00
   -2.0282399352e+01
    3.4901811189e+00
    1.2653447886e+01
   -7.1517107355e+00
    1.2640140370e+01
    5.1299917571e+00
   -6.6487472405e+00
   -1.0592784219e+01
   -8.2284977355e+00
   -1.2975144460e+00
    8.1464985085e+00
    8.7995990105e+00
    2.9884649518e+00
   -6.4804010013e+00
   -7.8523022243e+00
   -9.1402511604e+00
    5.8943459652e+00
   -2.0851397828e+00
   -6.1616102098e+00
    2.0530977984e+00
    1.4379995842e+00
    1.9991815242e-01
   -2.4051470943e+00
    4.4653512482e+00
   -1.5633146708e-01
    4.7768131683e+00
    3.1063746547e+00
   -6.5352212692e+00
    3.5084640069e-01
   -1.0307090263e+00
    2.0568181351e+00
   -3.4319004526e+00
    3.8408215070e+00
   -7.8948918364e-01
   -1.2126932346e-01
   -2.3440788719e+00
   -2.0280460183e+00
   -7.9033213764e+00
    3.0017851042e+00
   -1.5897269359e+00
    7.9642563564e-02
   -1.9614297207e+00
    1.3308857047e+00
    1.3456127091e+00
   -7.4968954001e-01
   -3.1210786374e-01
   -2.2824328099e+00
    2.5055946205e-01
    9.2460880777e-01
   -7.6856143784e-01
   -5.9388861449e-01
    5.4618898359e-01
   -2.6970511905e+00
    1.7889204283e+00
   -1.0662158139e+00
    1.5287985168e-01
   -1.5268470847e+00
    9.8827943852e-01
   -1.8822874804e+00
    4.0125728358e+00
   -1.3463038133e+00
   -2.0257633719e+00
   -2.8561579463e-01
   -6.3923300601e-01
    1.3845742346e-01
    2.4542902224e-01
    9.0018768806e-01
    2.4602407819e+00
   -3.1882103488e-01
   -2.6413647227e+00
    9.5904511540e-01
    6.2502573674e-01
   -3.1448005242e-01
    3.8273895072e-01
    4.6585551354e-01
    8.0055464921e-03
   -3.5936508505e-01
    2.9299583804e-03
   -3.4595753036e-01
    2.8231467355e-01
    5.9913026634e-02
   -8.6152767758e-01
   -4.7669847406e-01
   -3.3788953596e-01
   -1.1778837427e-01
    8.7040683657e-01
   -1.2314237820e-01
   -8.8434484815e-01
   -8.0589573355e-01
    2.2341705258e-01
    2.8087289183e-01
    2.2475147978e-01
    1.7684503675e+00
   -4.2673560422e-01
   -5.4146379319e-01
    1.1792640275e+00
   -1.0536156924e+00
   -3.7803155217e-01
   -2.3673043814e-02
    7.5862912078e-01
    6.2813457854e-01
   -2.7114148722e-01
    2.1957098298e-01
    3.4980257769e-01
    5.3733392692e-01
   -4.9668920508e-02
    3.8807697367e-01
    4.1595371077e-01
   -2.2443408759e-01
   -5.4876500563e-02
   -5.7329701908e-01
   -1.7424564685e-01
   -8.3076717773e-01
   -3.1195892218e-01
    3.1994554976e-01
    3.7115483411e-01
   -2.2783891875e-01
   -7.0524618599e-01
   -2.0006408010e-01
    4.3295597586e-01
   -6.3449833414e-02
    4.4115746836e-01
    2.2362111813e-01
   -8.7247876123e-02
   -7.4769324788e-02
    3.5379234258e-01
   -1.2622728368e-01
    2.7951660103e-01
    2.4079570493e-01
    2.4309112398e-01
   -3.7691655030e-02
    3.6430122616e-01
    6.2845461231e-01
    2.2017280031e-01
   -3.5322110763e-01
    5.7858640736e-02
    2.8464786831e-01
    1.5545486970e-01
    2.8225350692e-01
   -1.9285541485e-01
    1.9006968234e-01
   -3.5041211994e-01
    2.2506734425e-01
    4.3733826257e-01
    6.7256331121e-01
    8.1975371158e-02
    6.8235250524e-02
    4.6328751906e-01
    2.2174859474e-01
   -3.9340128443e-02
    4.2236571707e-02
    9.0413763826e-02
   -1.4347395376e-02
   -1.2818340649e-01
    8.1864561683e-02
   -1.4312401322e-01
    2.7804338124e-01
    1.4962189538e-01
   -2.1319233304e-01
   -2.6904423861e-01
    9.9240012940e-02
   -1.9694312501e-01
   -1.7723996199e-02
    2.4135058574e-01
   -9.0355772431e-02
   -2.0956967123e-02
   -3.2830398672e-01
   -1.3376591927e-01
    1.9423074726e-01
    1.1877068625e-01
    5.5952936499e-03
   -1.6499279066e-01
   -2.4402134443e-02
   -1.1495516526e-01
    1.2011836184e-01
    3.8046223642e-01
   -3.3122735876e-01
    1.3792089905e-01
    6.8388001463e-02
    2.6302594311e-01
    1.1897478953e-02
   -5.5001095943e-02
    3.0171678952e-02
   -1.1686634294e-01
    9.1691189630e-02
   -7.2689880736e-02
   -2.9285398972e-02
   -9.6928309891e-02
    1.9934388862e-01
    6.3607028289e-03
   -1.9171614600e-01
    8.4892970289e-05
    2.2448280398e-01
   -1.4213085691e-01
    2.0285347472e-01
   -3.2373342982e-02
    2.8905567770e-02
   -1.2036830654e-01
   -1.0651116981e-01
   -1.2348012992e-01
   -1.3151384684e-01
    2.2916780430e-01
   -1.8608002312e-02
   -4.4189991739e-02
   -9.2602591206e-02
   -1.8242759181e-01
   -9.7185046534e-03
    3.6902368385e-03
    1.9007357287e-01
    4.0528407423e-02
   -2.2806094311e-01
    3.5728607174e-01
   -5.9036592109e-02
    2.5401654694e-01
   -1.2411376891e-01
   -1.8716343576e-02
   -2.5200986949e-01
    2.3686397152e-02
   -3.3080790076e-02
   -6.9144114728e-02
   -2.8973262542e-01
    1.6095190660e-01
    1.6001111788e-02
    8.9361348723e-02
   -5.9146285010e-02
    5.7046327074e-03
   -6.6022616790e-02
   -1.4487069783e-01
    1.3444026447e-01
   -1.4241025356e-01
    1.1689852660e-01
    2.4897938997e-02
   -4.5898568244e-02
    4.4015866713e-02
   -7.1130716342e-02
    2.1010187399e-02
    1.1264402840e-01
    4.4035836457e-02
   -3.6496480581e-01
   -1.4426356815e-01
   -4.7278217178e-02
    2.0988172621e-01
    6.2425805018e-02
    1.5131339887e-01
    1.0726527222e-01
    1.5817399590e-01
    1.8114274044e-01
   -1.3028253433e-01
   -7.9566938707e-02
    8.0305000533e-02
    6.8486836284e-02
   -3.4425643559e-02
    1.8389421705e-01
    7.9406668434e-02
   -4.1078061764e-02
   -2.0462125592e-01
    4.1495545994e-02
   -1.3061130751e-01
   -5.6380005955e-02
   -1.2453096563e-01
    1.1304936004e-01
    1.5137824398e-01
   -2.0943843143e-02
    1.1092264287e-01
   -6.0985637059e-02
   -1.2556313195e-01
   -4.9799791320e-02
   -4.6504582931e-02
   -5.0830689177e-03
    1.4157767870e-01
    3.9067765586e-02
   -7.0578384102e-02
   -9.5225755056e-03
    7.5958843241e-02
    1.5514694708e-01
   -3.0451860845e-02
   -3.6587850582e-02
    8.4575402283e-02
   -4.9537796734e-02
    4.0449906526e-01
    1.6276204795e-01
   -4.1635124129e-02
    4.9429273765e-03
    1.0400543097e-01
   -6.3711080801e-02
    6.0942618898e-02
    9.1118396562e-02
    6.1430935087e-02
   -3.4936724160e-01
   -1.1303765950e-02
   -1.1916170778e-02
    1.0612299638e-01
   -1.6243647011e-01
   -8.6385554110e-03
   -1.5000270486e-02
    1.0157892960e-01
   -4.3321586715e-02
   -7.6682569262e-02
    9.6578978422e-02
    3.7157002357e-02
    1.6960028863e-01
   -1.0521661864e-01
    8.9292413765e-03
   -1.3016542207e-02
    6.8804886321e-02
    8.5106137927e-02
   -1.1612454857e-01
    1.3198432376e-01
    9.4254237207e-02
    6.1896889934e-02
   -4.6468562242e-02
   -3.0372106771e-02
    2.6643248252e-03
    7.5735554608e-02
   -8.6504139878e-02
   -6.7514562736e-02
   -3.4318568072e-02
   -3.3305660127e-02
    2.0001054448e-01
    6.7250646585e-02
   -4.9235558483e-02
    2.3958115654e-01
    2.0443762698e-01
    4.9129437681e-02
   -2.1642640405e-01
   -3.4738261409e-01
    2.9879541459e-01
    7.5188990292e-02
    2.3731309329e-01
    1.0869506669e-01
   -8.3749401497e-02
    1.1932908539e-01
   -2.3349396075e-02
   -1.6670389933e-01
    6.4530459964e-02
   -1.7210630174e-01
    5.5074116485e-02
   -6.0146891040e-02
   -1.5903939896e-01
    2.7129273110e-02
   -1.3319363131e-02
    7.8029830493e-03
   -7.2502849869e-02
    2.8971550674e-02
    5.8984763453e-02
   -1.3506101953e-01
   -5.2500624114e-03
    2.2108607908e-02
    1.8642287893e-02
    6.0628954470e-02
   -1.9305324627e-02
    4.5939775671e-02
   -1.4937557359e-01
    1.5351197286e-01
    6.2132235239e-02
    1.6303508708e-02
    4.1255668320e-03
   -1.0559043082e-01
   -2.9553189393e+04
   -1.6682475983e+03
    5.0759321560e+03
   -2.3383368480e+03
    3.0473968132e+03
   -2.5966494166e+03
    1.6577271331e+03
   -5.1650791732e+02
    1.3367879739e+03
   -2.3062576102e+03
   -1.9830191572e+02
    1.2463993832e+03
    2.6925120483e+02
    6.7156115793e+02
   -5.2523777850e+02
    9.2023896163e+02
    7.9821150247e+02
    2.8241276721e+02
    2.0992877581e+02
   -2.2503036526e+02
   -3.7938340399e+02
    1.4566740604e+02
    9.9642911185e+01
   -3.0543215839e+02
   -2.2691986488e+02
    3.5452657491e+02
    4.2428223149e+01
    2.0863115814e+02
    1.8033659247e+02
   -1.3670473969e+02
   -1.2331208553e+02
   -1.6804703282e+02
   -1.9184963876e+01
   -1.3584769347e+01
    1.0382639473e+02
    7.3611687236e+01
    6.9456812681e+01
   -2.0300154898e+01
    7.6773740234e+01
    5.4656492017e+01
   -1.5115483231e+02
    6.3597245210e+01
   -1.4777691403e+01
   -6.3567441848e+01
    1.4569299985e+01
    2.2007441652e-01
   -8.6325772823e+01
    5.1101344447e+01
    7.9856159774e+01
   -7.4366849427e+01
   -6.1241794550e+01
   -1.7159314752e+00
   -2.2654537229e+01
    3.8797878604e+01
    6.8435745104e+00
    1.2402187203e+01
    2.5408401114e+01
    9.4315945088e+00
    1.0903490101e+01
    5.3948307053e+00
   -2.6309692717e+01
    2.0166116719e+00
   -4.6367880519e+00
    2.4890007346e+01
    7.5367175795e+00
    1.1096898215e+01
   -1.1777408136e+01
   -2.0744632235e+01
   -6.8260660793e+00
    9.8785727830e+00
   -1.8140253762e+01
   -1.9693363546e+01
    1.0134443645e+01
    1.6245262839e+01
    9.4416358763e+00
    7.5783289664e+00
   -1.1283513917e+01
   -1.2746853736e+01
   -4.7782024808e+00
    5.0525869001e-02
    5.6331908466e+00
    9.8048908390e+00
   -2.0325457796e+01
    3.5238287743e+00
    1.2556489882e+01
   -6.9905382208e+00
    1.2661077717e+01
    4.9948773943e+00
   -6.7016171965e+00
   -1.0778700690e+01
   -8.1841500984e+00
   -1.2588861319e+00
    8.1128985671e+00
    8.7464741252e+00
    2.9142430622e+00
   -6.6992308613e+00
   -7.7368430944e+00
   -9.2319257444e+00
    6.0096961149e+00
   -2.0406332880e+00
   -6.1805918553e+00
    2.0983422983e+00
    1.4050699664e+00
    1.9882819080e-01
   -2.3000752299e+00
    4.5029148571e+00
   -1.3536526484e-01
    4.7536193840e+00
    3.0378879327e+00
   -6.6019501344e+00
    2.6940061807e-01
   -1.0097793287e+00
    2.0543675034e+00
   -3.4868822419e+00
    3.7685042264e+00
   -9.0480648475e-01
   -2.0128465317e-01
   -2.3504866578e+00
   -2.1046228130e+00
   -7.9487920460e+00
    3.0126463861e+00
   -1.5789961276e+00
    7.5053530735e-02
   -1.9852183207e+00
    1.3449835983e+00
    1.3471638041e+00
   -7.3332345698e-01
   -3.3824634409e-01
   -2.2452350016e+00
    2.7756205912e-01
    9.2035156279e-01
   -7.8474833314e-01
   -5.7695229021e-01
    5.2302523386e-01
   -2.6863009279e+00
    1.7906477191e+00
   -1.0873731628e+00
    1.5733157584e-01
   -1.5712417251e+00
    9.7605311957e-01
   -1.8803015756e+00
    4.0094818711e+00
   -1.4207814722e+00
   -2.0233381763e+00
   -2.8691511071e-01
   -6.6282081022e-01
    1.4479880784e-01
    2.5494975211e-01
    9.1677715271e-01
    2.4365489371e+00
   -3.4711640386e-01
   -2.6418911195e+00
    9.5744372619e-01
    6.1353048464e-01
   -2.9260569000e-01
    4.0040661827e-01
    4.7729805707e-01
    6.0753564692e-03
   -3.6256049208e-01
    4.8366757048e-03
   -3.4627483093e-01
    2.8340031996e-01
    7.7116137390e-02
   -8.5741957642e-01
   -5.1035288349e-01
   -3.2253917367e-01
   -9.5331449987e-02
    8.6995883799e-01
   -1.2105684611e-01
   -8.8481572038e-01
   -8.0962730411e-01
    2.2297466732e-01
    2.7998949351e-01
    2.3821881050e-01
    1.7673778666e+00
   -4.2755010819e-01
   -5.4790347324e-01
    1.1714715922e+00
   -1.0638169326e+00
   -3.7200290523e-01
   -2.5146406745e-02
    7.6406094561e-01
    6.1797749784e-01
   -2.5941175532e-01
    2.1277121853e-01
    3.5468231126e-01
    5.3014739977e-01
   -4.3664640254e-02
    3.9206842792e-01
    4.1385989468e-01
   -2.2634649771e-01
   -7.8370979145e-02
   -5.7557576255e-01
   -1.8301363295e-01
   -8.3081824347e-01
   -3.1203693478e-01
    3.1736130295e-01
    3.7435618949e-01
   -2.3225252577e-01
   -6.9875197773e-01
   -1.9672515537e-01
    4.3597913241e-01
   -6.3183188299e-02
    4.4261890075e-01
    2.2033037974e-01
   -8.8615448441e-02
   -7.0805456279e-02
    3.5367875373e-01
   -1.2936108497e-01
    2.8204999856e-01
    2.4712449160e-01
    2.3675310024e-01
   -3.5260515531e-02
    3.6670159635e-01
    6.3570367140e-01
    2.1616884091e-01
   -3.5409085922e-01
    6.6277269659e-02
    2.8455947151e-01
    1.4730882666e-01
    2.7847439525e-01
   -2.0399299187e-01
    1.7054863508e-01
   -3.5363924235e-01
    2.2555542022e-01
    4.3844840550e-01
    6.7285532621e-01
    8.4697752929e-02
    6.6515593602e-02
    4.5887635650e-01
    2.2275122711e-01
   -4.2535536299e-02
    4.0001307017e-02
    9.1211630287e-02
   -1.0422883586e-02
   -1.2604668756e-01
    8.3609162024e-02
   -1.4191135200e-01
    2.7736269946e-01
    1.4887647394e-01
   -2.1262183069e-01
   -2.6954872300e-01
    1.0179721842e-01
   -1.9754137881e-01
   -1.6850608497e-02
    2.3986212117e-01
   -9.1303448061e-02
   -2.4422972187e-02
   -3.2487366377e-01
   -1.2773302459e-01
    1.9227469426e-01
    1.2116107098e-01
    2.7913138349e-03
   -1.7303560933e-01
   -3.1115440547e-02
   -1.1415464202e-01
    1.2017171373e-01
    3.8210625736e-01
   -3.3141453214e-01
    1.3761170966e-01
    7.0909787464e-02
    2.6642245300e-01
    1.2289230439e-02
   -5.6228219079e-02
    3.0432312078e-02
   -1.1688930402e-01
    9.1621813628e-02
   -7.0789675130e-02
   -2.7738727990e-02
   -9.4726292861e-02
    1.9965838603e-01
    5.0228151901e-03
   -1.9217154107e-01
    5.5558505670e-04
    2.2334764471e-01
   -1.4018954031e-01
    2.0373783478e-01
   -3.2141657362e-02
    2.4555103588e-02
   -1.2153660610e-01
   -1.0975651765e-01
   -1.2260387011e-01
   -1.2555775681e-01
    2.2978120504e-01
   -1.8982522311e-02
   -4.0961594426e-02
   -9.2424690493e-02
   -1.7855074164e-01
   -1.0726283264e-02
    2.8608369436e-03
    1.9168256100e-01
    4.0568802152e-02
   -2.2798904085e-01
    3.5525645443e-01
   -5.8799438096e-02
    2.5247959099e-01
   -1.2363552354e-01
   -1.6078648410e-02
   -2.5130058847e-01
    2.3134344420e-02
   -3.3457320487e-02
   -6.7984875989e-02
   -2.9031497418e-01
    1.6041322171e-01
    1.5267410314e-02
    8.9656075558e-02
   -5.8464127302e-02
    5.3587309765e-03
   -6.6020738863e-02
   -1.4487357946e-01
    1.3442192068e-01
   -1.4116098419e-01
    1.1760150885e-01
    2.3305441105e-02
   -4.7018013418e-02
    4.1581782677e-02
   -7.1376546779e-02
    2.2346353000e-02
    1.1252017130e-01
    4.1572152960e-02
   -3.6282095532e-01
   -1.4357766284e-01
   -4.3926849036e-02
    2.0958716414e-01
    6.2376054690e-02
    1.5197037662e-01
    1.0822106946e-01
    1.5718352711e-01
    1.8107068946e-01
   -1.3004869393e-01
   -7.9377932417e-02
    8.0564400536e-02
    6.9850586428e-02
   -3.4834997053e-02
    1.8389346806e-01
    7.9943340459e-02
   -4.0962912101e-02
   -2.0522649571e-01
    4.1722485706e-02
   -1.3040581858e-01
   -5.6185466759e-02
   -1.2549695956e-01
    1.1320840329e-01
    1.5236600916e-01
   -1.9959242761e-02
    1.1067465876e-01
   -6.1321254237e-02
   -1.2540137425e-01
   -4.8458662609e-02
   -4.6800977343e-02
   -4.1383585859e-03
    1.4209568196e-01
    3.8610024499e-02
   -6.9361925079e-02
   -9.1488606768e-03
    7.4094946768e-02
    1.5411818537e-01
   -3.3768848164e-02
   -3.6754357812e-02
    8.6445922097e-02
   -4.9941633353e-02
    4.0441962656e-01
    1.6309255232e-01
   -4.1740319447e-02
    4.6930802766e-03
    1.0403026288e-01
   -6.4153930726e-02
    6.0061005819e-02
    9.0542192346e-02
    6.1507676501e-02
   -3.4919629280e-01
   -1.0720954742e-02
   -1.2717111691e-02
    1.0597139946e-01
   -1.6259363287e-01
   -7.9563021831e-03
   -1.5227098742e-02
    1.0155285505e-01
   -4.3390582433e-02
   -7.6368355495e-02
    9.5697805895e-02
    3.6845313971e-02
    1.6997904189e-01
   -1.0463523613e-01
    9.3767781685e-03
   -1.3383567303e-02
    6.8465376255e-02
    8.5235952499e-02
   -1.1646551424e-01
    1.3232946163e-01
    9.4950730422e-02
    6.1980594954e-02
   -4.6203563869e-02
   -3.0033812817e-02
    2.0529948709e-03
    7.6004851830e-02
   -8.6649098127e-02
   -6.6838279134e-02
   -3.2961648505e-02
   -3.3212138819e-02
    1.9982494995e-01
    6.8146715546e-02
   -4.8640402700e-02
    2.3915313646e-01
    2.0415013459e-01
    4.9078130107e-02
   -2.1623568352e-01
   -3.4682310981e-01
    2.9923677894e-01
    7.5010763388e-02
    2.3727515364e-01
    1.0847560384e-01
   -8.3714303483e-02
    1.1970931535e-01
   -2.3368662535e-02
   -1.6683152356e-01
    6.4289696236e-02
   -1.7216619559e-01
    5.5251512216e-02
   -5.9911673276e-02
   -1.5914605597e-01
    2.7116821787e-02
   -1.3512448527e-02
    7.7537428490e-03
   -7.2883215367e-02
    2.8994742374e-02
    5.8863761182e-02
   -1.3540938493e-01
   -5.2440610607e-03
    2.1928634206e-02
    1.8554654609e-02
    6.0585424229e-02
   -1.9302115591e-02
    4.4929972401e-02
   -1.4912671052e-01
    1.5380295869e-01
    6.1487552693e-02
    1.5933122679e-02
    3.4760857184e-03
   -1.0460089468e-01
   -2.9546903610e+04
   -1.6605312903e+03
    5.0645584512e+03
   -2.3443778042e+03
    3.0447557078e+03
   -2.6080700557e+03
    1.6576339370e+03
   -5.2191531709e+02
    1.3367572136e+03
   -2.3082964339e+03
   -1.9526568939e+02
    1.2450964826e+03
    2.6661222176e+02
    6.6712000896e+02
   -5.2724370714e+02
    9.1933431612e+02
    7.9946493303e+02
    2.8356535973e+02
    2.0576187979e+02
   -2.2382654501e+02
   -3.7688122524e+02
    1.4790555366e+02
    9.8327827652e+01
   -3.0582913215e+02
   -2.2758499264e+02
    3.5481718339e+02
    4.2448276537e+01
    2.0747768994e+02
    1.8148709176e+02
   -1.3724510369e+02
   -1.2249450339e+02
   -1.6777989251e+02
   -1.7010353524e+01
   -1.3455664482e+01
    1.0352486561e+02
    7.3693123747e+01
    6.9443063882e+01
   -2.0516547910e+01
    7.6876109360e+01
    5.3700427791e+01
   -1.5021138014e+02
    6.3374570802e+01
   -1.5646016502e+01
   -6.3866272403e+01
    1.4263632924e+01
    3.4710137831e-01
   -8.5643103501e+01
    5.1899916166e+01
    7.9930327743e+01
   -7.4427557069e+01
   -6.0866158844e+01
   -1.9895609763e+00
   -2.2531282401e+01
    3.9377141678e+01
    6.8492966377e+00
    1.2672215142e+01
    2.5449498450e+01
    9.6896837334e+00
    1.0498714794e+01
    5.1195787420e+00
   -2.6421583398e+01
    2.4004783787e+00
   -4.4728360015e+00
    2.4900308731e+01
    7.5898624645e+00
    1.1059429644e+01
   -1.2059693543e+01
   -2.0680177452e+01
   -6.7423366319e+00
    1.0013266711e+01
   -1.8257207502e+01
   -1.9480050681e+01
    1.0288756636e+01
    1.6315378510e+01
    9.6436540719e+00
    7.4480201861e+00
   -1.1579372872e+01
   -1.2511470105e+01
   -4.5793027228e+00
    1.7650142266e-01
    5.6677565738e+00
    9.8081955859e+00
   -2.0357959953e+01
    3.5478512467e+00
    1.2452744671e+01
   -6.8259430692e+00
    1.2690480396e+01
    4.8467414369e+00
   -6.7601551544e+00
   -1.0972534238e+01
   -8.1274330759e+00
   -1.2178662553e+00
    8.0784742726e+00
    8.6990620108e+00
    2.8352176683e+00
   -6.9151424065e+00
   -7.6128796091e+00
   -9.3215312770e+00
    6.1282813465e+00
   -2.0044902498e+00
   -6.1955234816e+00
    2.1475643159e+00
    1.3672719557e+00
    1.9067009162e-01
   -2.1870399802e+00
    4.5372913570e+00
   -1.1824682740e-01
    4.7274684055e+00
    2.9698976237e+00
   -6.6649355294e+00
    1.8984978402e-01
   -9.9323958391e-01
    2.0524579552e+00
   -3.5415665554e+00
    3.6908756107e+00
   -1.0171698561e+00
   -2.9101182650e-01
   -2.3462082766e+00
   -2.1813598229e+00
   -7.9846946858e+00
    3.0207859036e+00
   -1.5667148785e+00
    6.6238094659e-02
   -2.0075389102e+00
    1.3606977851e+00
    1.3552832673e+00
   -7.1870786973e-01
   -3.6148044513e-01
   -2.2040511176e+00
    3.0738031079e-01
    9.1563035320e-01
   -8.0060516777e-01
   -5.5769537940e-01
    5.0109695231e-01
   -2.6752859666e+00
    1.7938104454e+00
   -1.1078146224e+00
    1.6606801049e-01
   -1.6165169673e+00
    9.5950301127e-01
   -1.8809235677e+00
    4.0007631338e+00
   -1.4900309499e+00
   -2.0233529276e+00
   -2.8710737223e-01
   -6.8834722206e-01
    1.5204774532e-01
    2.6392963833e-01
    9.3397915981e-01
    2.4109595193e+00
   -3.7469315247e-01
   -2.6390670003e+00
    9.5602710974e-01
    6.0164742347e-01
   -2.7176485669e-01
    4.1970283338e-01
    4.8775089156e-01
    3.7399209504e-03
   -3.6628699908e-01
    8.7437110534e-03
   -3.4693240324e-01
    2.8448838988e-01
    9.3560202817e-02
   -8.5299730999e-01
   -5.4148847507e-01
   -3.0811030940e-01
   -7.1764791715e-02
    8.6929423659e-01
   -1.1848985330e-01
   -8.8455131066e-01
   -8.1419210876e-01
    2.2207006635e-01
    2.7972757117e-01
    2.5333828551e-01
    1.7657165691e+00
   -4.2789374779e-01
   -5.5449745410e-01
    1.1631018467e+00
   -1.0732387823e+00
   -3.6603277477e-01
   -2.7183651024e-02
    7.6896827210e-01
    6.0776890355e-01
   -2.4789144147e-01
    2.0457439040e-01
    3.5887377389e-01
    5.2354975853e-01
   -3.6707962628e-02
    3.9584945384e-01
    4.1134935919e-01
   -2.2820212123e-01
   -1.0174412457e-01
   -5.7646457763e-01
   -1.9141083536e-01
   -8.3118336405e-01
   -3.1258033502e-01
    3.1539068066e-01
    3.7722545654e-01
   -2.3798439371e-01
   -6.9264530975e-01
   -1.9329919777e-01
    4.3925170301e-01
   -6.2909569352e-02
    4.4373135242e-01
    2.1746409598e-01
   -8.9593292302e-02
   -6.6710257280e-02
    3.5313605117e-01
   -1.3211146810e-01
    2.8525130379e-01
    2.5323052427e-01
    2.2994557622e-01
   -3.2326965528e-02
    3.6915031288e-01
    6.4256879576e-01
    2.1124624626e-01
   -3.5431534077e-01
    7.4900962971e-02
    2.8479068776e-01
    1.3884429305e-01
    2.7416209642e-01
   -2.1390878443e-01
    1.5178406468e-01
   -3.5717413326e-01
    2.2611358159e-01
    4.3973769465e-01
    6.7294641505e-01
    8.7141402686e-02
    6.4778539682e-02
    4.5453297908e-01
    2.2377137632e-01
   -4.5709689900e-02
    3.7832683105e-02
    9.2194262674e-02
   -7.0209568367e-03
   -1.2405369090e-01
    8.5409123834e-02
   -1.4042974278e-01
    2.7695638464e-01
    1.4804625982e-01
   -2.1174263943e-01
   -2.6977503336e-01
    1.0424453826e-01
   -1.9789903115e-01
   -1.5497803322e-02
    2.3856549134e-01
   -9.2295804879e-02
   -2.7757827433e-02
   -3.2153036630e-01
   -1.2178763044e-01
    1.8954828929e-01
    1.2318919673e-01
   -2.0659479560e-04
   -1.8181254347e-01
   -3.7738346261e-02
   -1.1341700141e-01
    1.2018118290e-01
    3.8390536473e-01
   -3.3142031452e-01
    1.3725678191e-01
    7.3075749897e-02
    2.6969453026e-01
    1.2550200494e-02
   -5.7366322578e-02
    3.0647273508e-02
   -1.1696681222e-01
    9.1583939849e-02
   -6.8841867355e-02
   -2.6276926888e-02
   -9.2574676067e-02
    1.9994009264e-01
    3.9318666055e-03
   -1.9268502821e-01
    1.1797429203e-03
    2.2213339102e-01
   -1.3819767203e-01
    2.0451652262e-01
   -3.1951495389e-02
    2.0422203523e-02
   -1.2269106641e-01
   -1.1283657989e-01
   -1.2192003426e-01
   -1.1980871703e-01
    2.3023773974e-01
   -1.9207292335e-02
   -3.7718991433e-02
   -9.2535381318e-02
   -1.7485177263e-01
   -1.1701247420e-02
    2.0748154492e-03
    1.9326331979e-01
    4.0508625536e-02
   -2.2780157319e-01
    3.5342073068e-01
   -5.8615643620e-02
    2.5096246864e-01
   -1.2304669416e-01
   -1.3426180839e-02
   -2.5072504145e-01
    2.2582099440e-02
   -3.3758906962e-02
   -6.6864794244e-02
   -2.9083760681e-01
    1.5993563093e-01
    1.4638797559e-02
    8.9954346220e-02
   -5.7741989472e-02
    5.0825081432e-03
   -6.5876249979e-02
   -1.4484753469e-01
    1.3434089423e-01
   -1.3989699208e-01
    1.1810401164e-01
    2.1826761314e-02
   -4.8030297423e-02
    3.9276789357e-02
   -7.1359977343e-02
    2.3792379514e-02
    1.1233456602e-01
    3.9397107355e-02
   -3.6085839244e-01
   -1.4304202079e-01
   -4.0790445592e-02
    2.0925314644e-01
    6.2385641692e-02
    1.5261771483e-01
    1.0908420245e-01
    1.5625437111e-01
    1.8098390515e-01
   -1.2984999389e-01
   -7.9208729284e-02
    8.0824859680e-02
    7.1216901158e-02
   -3.5297737220e-02
    1.8387808737e-01
    8.0452721799e-02
   -4.0806830552e-02
   -2.0580321502e-01
    4.1888895478e-02
   -1.3017814894e-01
   -5.5980393603e-02
   -1.2641604952e-01
    1.1340496530e-01
    1.5336500321e-01
   -1.9031754866e-02
    1.1046729008e-01
   -6.1595224359e-02
   -1.2526962111e-01
   -4.7130481196e-02
   -4.7079968043e-02
   -3.2915988337e-03
    1.4259115536e-01
    3.8122709683e-02
   -6.8195964656e-02
   -8.8450352484e-03
    7.2246794395e-02
    1.5304088693e-01
   -3.6870202798e-02
   -3.6997154393e-02
    8.8247442559e-02
   -5.0348402850e-02
    4.0435594063e-01
    1.6344154379e-01
   -4.1860256775e-02
    4.4464886624e-03
    1.0403064801e-01
   -6.4554035827e-02
    5.9252533060e-02
    9.0000679818e-02
    6.1631774303e-02
   -3.4902835742e-01
   -1.0151217158e-02
   -1.3500447116e-02
    1.0583796219e-01
   -1.6274771264e-01
   -7.3014786502e-03
   -1.5441420332e-02
    1.0152988713e-01
   -4.3450661559e-02
   -7.6047487137e-02
    9.4852348824e-02
    3.6554281888e-02
    1.7034356180e-01
   -1.0407064948e-01
    9.8092844028e-03
   -1.3735686245e-02
    6.8139674832e-02
    8.5380210653e-02
   -1.1680603164e-01
    1.3269280842e-01
    9.5642505702e-02
    6.2038735131e-02
   -4.5924284912e-02
   -2.9684779810e-02
    1.4498111241e-03
    7.6157129051e-02
   -8.6778562811e-02
   -6.6188124010e-02
   -3.1639121549e-02
   -3.3134325970e-02
    1.9963631081e-01
    6.9042760678e-02
   -4.8046546868e-02
    2.3872816117e-01
    2.0386603743e-01
    4.9027769455e-02
   -2.1605529689e-01
   -3.4627757124e-01
    2.9968267507e-01
    7.4839926743e-02
    2.3724266667e-01
    1.0826299856e-01
   -8.3673945221e-02
    1.2008165021e-01
   -2.3383695446e-02
   -1.6695651156e-01
    6.4051063535e-02
   -1.7222860422e-01
    5.5416009714e-02
   -5.9680071087e-02
   -1.5924646367e-01
    2.7102600624e-02
   -1.3703594024e-02
    7.7058564765e-03
   -7.3262000168e-02
    2.9020032883e-02
    5.8738539698e-02
   -1.3574955317e-01
   -5.2403388885e-03
    2.1757687624e-02
    1.8459765404e-02
    6.0559024584e-02
   -1.9294648109e-02
    4.3951854237e-02
   -1.4887947558e-01
    1.5408593143e-01
    6.0834025993e-02
    1.5562846083e-02
    2.8134509320e-03
   -1.0365077511e-01
   -2.9540493937e+04
   -1.6526490783e+03
    5.0531759787e+03
   -2.3504441041e+03
    3.0420823653e+03
   -2.6193391643e+03
    1.6579104325e+03
   -5.2702473532e+02
    1.3368342144e+03
   -2.3104273029e+03
   -1.9247363856e+02
    1.2436105397e+03
    2.6410260217e+02
    6.6303200938e+02
   -5.2871899512e+02
    9.1841952821e+02
    8.0074549488e+02
    2.8453539625e+02
    2.0151314517e+02
   -2.2259902052e+02
   -3.7444705517e+02
    1.4996217620e+02
    9.7218460812e+01
   -3.0621347839e+02
   -2.2811858022e+02
    3.5513441954e+02
    4.2528438211e+01
    2.0647840260e+02
    1.8261590971e+02
   -1.3779164986e+02
   -1.2172217755e+02
   -1.6746236354e+02
   -1.4863431424e+01
   -1.3199093257e+01
    1.0322855870e+02
    7.3737538138e+01
    6.9392242864e+01
   -2.0673586973e+01
    7.6919867321e+01
    5.2725783496e+01
   -1.4924255453e+02
    6.3177055052e+01
   -1.6497149696e+01
   -6.4186122761e+01
    1.3999737156e+01
    5.3421630975e-01
   -8.4850571473e+01
    5.2577684918e+01
    8.0003626678e+01
   -7.4495473526e+01
   -6.0511380345e+01
   -2.2893692713e+00
   -2.2408739209e+01
    3.9973461899e+01
    6.8409214698e+00
    1.2906543215e+01
    2.5459869200e+01
    9.9127554375e+00
    1.0057537144e+01
    4.7927415480e+00
   -2.6525653782e+01
    2.7869464369e+00
   -4.3063894204e+00
    2.4896446051e+01
    7.6523929195e+00
    1.1029190828e+01
   -1.2332817840e+01
   -2.0624975878e+01
   -6.6488852477e+00
    1.0161625815e+01
   -1.8358090140e+01
   -1.9265872167e+01
    1.0463188776e+01
    1.6377124931e+01
    9.8261780641e+00
    7.3452117846e+00
   -1.1886647974e+01
   -1.2278023285e+01
   -4.3960499259e+00
    2.8613090087e-01
    5.6932892809e+00
    9.7988085354e+00
   -2.0385330249e+01
    3.5615043547e+00
    1.2344785420e+01
   -6.6555746566e+00
    1.2722778652e+01
    4.6840781172e+00
   -6.8198840364e+00
   -1.1165979045e+01
   -8.0586110843e+00
   -1.1737215386e+00
    8.0454146239e+00
    8.6626714919e+00
    2.7557656405e+00
   -7.1287272163e+00
   -7.4787099801e+00
   -9.4089065470e+00
    6.2472798076e+00
   -1.9782464210e+00
   -6.2042682113e+00
    2.2034333550e+00
    1.3255136803e+00
    1.7575586355e-01
   -2.0664754285e+00
    4.5681850913e+00
   -1.0574030571e-01
    4.6975095326e+00
    2.9035878604e+00
   -6.7251749856e+00
    1.1462026318e-01
   -9.8129705466e-01
    2.0544831076e+00
   -3.5956129652e+00
    3.6112201868e+00
   -1.1262063451e+00
   -3.8737693859e-01
   -2.3282925607e+00
   -2.2567419731e+00
   -8.0108039765e+00
    3.0290020166e+00
   -1.5529132214e+00
    5.2322222754e-02
   -2.0286894976e+00
    1.3789106496e+00
    1.3697766266e+00
   -7.0472605358e-01
   -3.8084323708e-01
   -2.1584697291e+00
    3.3842326093e-01
    9.1031236050e-01
   -8.1310862669e-01
   -5.3735183760e-01
    4.8076522304e-01
   -2.6632190154e+00
    1.7984025622e+00
   -1.1273247345e+00
    1.7732285998e-01
   -1.6648931700e+00
    9.3798294493e-01
   -1.8820370866e+00
    3.9863586858e+00
   -1.5498048019e+00
   -2.0255644612e+00
   -2.8545534167e-01
   -7.1568167466e-01
    1.6101564761e-01
    2.7172905106e-01
    9.5161188781e-01
    2.3838723600e+00
   -4.0089756510e-01
   -2.6332140189e+00
    9.5487466446e-01
    5.8954042691e-01
   -2.5181502566e-01
    4.4018657293e-01
    4.9656758474e-01
    8.8233961425e-04
   -3.7057279851e-01
    1.4978398187e-02
   -3.4773871347e-01
    2.8531581011e-01
    1.0911977809e-01
   -8.4888221691e-01
   -5.7032322043e-01
   -2.9519340801e-01
   -4.8290737450e-02
    8.6900920381e-01
   -1.1555187956e-01
   -8.8406846538e-01
   -8.1952157500e-01
    2.2090642743e-01
    2.8018758186e-01
    2.7001753857e-01
    1.7633343668e+00
   -4.2797235842e-01
   -5.6116803970e-01
    1.1541796497e+00
   -1.0819101035e+00
   -3.6002061374e-01
   -2.9892322436e-02
    7.7334357529e-01
    5.9774220939e-01
   -2.3677156736e-01
    1.9499314406e-01
    3.6235733624e-01
    5.1753416829e-01
   -2.9185718557e-02
    3.9965318089e-01
    4.0874552696e-01
   -2.2990962042e-01
   -1.2441853332e-01
   -5.7599111333e-01
   -1.9974625201e-01
   -8.3133205922e-01
   -3.1367533606e-01
    3.1403511471e-01
    3.7972867863e-01
   -2.4483359021e-01
   -6.8710459588e-01
   -1.8985178398e-01
    4.4258796300e-01
   -6.2756647155e-02
    4.4448793250e-01
    2.1514217220e-01
   -9.0175457957e-02
   -6.2675368373e-02
    3.5213714927e-01
   -1.3453632213e-01
    2.8903269699e-01
    2.5899450049e-01
    2.2272005199e-01
   -2.9001526515e-02
    3.7147216952e-01
    6.4895926645e-01
    2.0541838963e-01
   -3.5398334493e-01
    8.3583714900e-02
    2.8546832994e-01
    1.3004359532e-01
    2.6935386178e-01
   -2.2256235069e-01
    1.3398419215e-01
   -3.6120362405e-01
    2.2676571488e-01
    4.4117315532e-01
    6.7284882505e-01
    8.9252063996e-02
    6.3075785511e-02
    4.5035202143e-01
    2.2477645665e-01
   -4.8953072175e-02
    3.5820230673e-02
    9.3397667485e-02
   -4.0725952274e-03
   -1.2224083364e-01
    8.7249953318e-02
   -1.3870357210e-01
    2.7681393893e-01
    1.4705038731e-01
   -2.1058448682e-01
   -2.6977158779e-01
    1.0649980308e-01
   -1.9800073769e-01
   -1.3719901574e-02
    2.3743100062e-01
   -9.3400264690e-02
   -3.0869127029e-02
   -3.1820473571e-01
   -1.1594487250e-01
    1.8613670690e-01
    1.2494177226e-01
   -3.4274617769e-03
   -1.9119033527e-01
   -4.4128589748e-02
   -1.1278007972e-01
    1.2013780893e-01
    3.8586934983e-01
   -3.3126582951e-01
    1.3684782287e-01
    7.4891132184e-02
    2.7281314262e-01
    1.2671340735e-02
   -5.8396237703e-02
    3.0834937972e-02
   -1.1711006889e-01
    9.1556846454e-02
   -6.6849536490e-02
   -2.4924298001e-02
   -9.0508131676e-02
    2.0018328864e-01
    3.0905978689e-03
   -1.9325635120e-01
    1.9317927265e-03
    2.2085440682e-01
   -1.3616511843e-01
    2.0518711987e-01
   -3.1814593103e-02
    1.6482703366e-02
   -1.2380248038e-01
   -1.1573977033e-01
   -1.2140909300e-01
   -1.1426480612e-01
    2.3051079010e-01
   -1.9269572021e-02
   -3.4521501552e-02
   -9.2981248287e-02
   -1.7127657474e-01
   -1.2649962728e-02
    1.3310307128e-03
    1.9483028711e-01
    4.0346092089e-02
   -2.2750084879e-01
    3.5177964284e-01
   -5.8476444280e-02
    2.4948076073e-01
   -1.2235783178e-01
   -1.0771415299e-02
   -2.5028591195e-01
    2.2033864156e-02
   -3.3991326410e-02
   -6.5791313617e-02
   -2.9130249583e-01
    1.5951531580e-01
    1.4115779406e-02
    9.0260658929e-02
   -5.6994417558e-02
    4.8717944306e-03
   -6.5589132693e-02
   -1.4479395065e-01
    1.3419977317e-01
   -1.3862798646e-01
    1.1841194958e-01
    2.0447070672e-02
   -4.8925053798e-02
    3.7110517290e-02
   -7.1089317947e-02
    2.5339967691e-02
    1.1210310453e-01
    3.7513296110e-02
   -3.5906782685e-01
   -1.4266869884e-01
   -3.7870611644e-02
    2.0887662123e-01
    6.2453276025e-02
    1.5325789115e-01
    1.0985421599e-01
    1.5538340184e-01
    1.8088324246e-01
   -1.2968790767e-01
   -7.9064373924e-02
    8.1082631115e-02
    7.2583800058e-02
   -3.5813586144e-02
    1.8385064462e-01
    8.0934598446e-02
   -4.0609251740e-02
   -2.0635166465e-01
    4.1995964757e-02
   -1.2992634366e-01
   -5.5765583255e-02
   -1.2728757443e-01
    1.1363653671e-01
    1.5437168336e-01
   -1.8165402955e-02
    1.1030208650e-01
   -6.1807151780e-02
   -1.2516509141e-01
   -4.5817948944e-02
   -4.7343171408e-02
   -2.5471710205e-03
    1.4305886335e-01
    3.7600904521e-02
   -6.7080255940e-02
   -8.6150185387e-03
    7.0424474949e-02
    1.5190992710e-01
   -3.9753374950e-02
   -3.7296309653e-02
    8.9975046019e-02
   -5.0759558421e-02
    4.0430757699e-01
    1.6380749364e-01
   -4.1994335624e-02
    4.2024640006e-03
    1.0400637845e-01
   -6.4907078751e-02
    5.8521559291e-02
    8.9494745162e-02
    6.1803500544e-02
   -3.4886710062e-01
   -9.5966199414e-03
   -1.4263464275e-02
    1.0572378134e-01
   -1.6289755425e-01
   -6.6768106093e-03
   -1.5641730489e-02
    1.0150955839e-01
   -4.3500971537e-02
   -7.5721702983e-02
    9.4045594440e-02
    3.6283677888e-02
    1.7069170174e-01
   -1.0352496508e-01
    1.0225293535e-02
   -1.4072698455e-02
    6.7829225615e-02
    8.5540714776e-02
   -1.1714672585e-01
    1.3307334854e-01
    9.6326157428e-02
    6.2068889220e-02
   -4.5629509517e-02
   -2.9325197383e-02
    8.5509965039e-04
    7.6192596097e-02
   -8.6892918048e-02
   -6.5566045618e-02
   -3.0354414779e-02
   -3.3073311242e-02
    1.9944464970e-01
    6.9937688805e-02
   -4.7454597205e-02
    2.3830667886e-01
    2.0358524740e-01
    4.8979043463e-02
   -2.1588663769e-01
   -3.4574721658e-01
    3.0013238499e-01
    7.4676004901e-02
    2.3721596269e-01
    1.0805690102e-01
   -8.3628420672e-02
    1.2044525246e-01
   -2.3393889155e-02
   -1.6707853310e-01
    6.3814314587e-02
   -1.7229382075e-01
    5.5566853173e-02
   -5.9452586417e-02
   -1.5934059009e-01
    2.7086040582e-02
   -1.3892605026e-02
    7.6595250703e-03
   -7.3638977360e-02
    2.9047460027e-02
    5.8609822517e-02
   -1.3608076801e-01
   -5.2399184281e-03
    2.1597159513e-02
    1.8357435753e-02
    6.0551050453e-02
   -1.9282100582e-02
    4.3008653896e-02
   -1.4863412366e-01
    1.5436066078e-01
    6.0172410016e-02
    1.5193923442e-02
    2.1392142031e-03
   -1.0274322138e-01
   -2.9533834710e+04
   -1.6443570975e+03
    5.0412169930e+03
   -2.3565572563e+03
    3.0396692938e+03
   -2.6303584842e+03
    1.6588740627e+03
   -5.3206479438e+02
    1.3370068734e+03
   -2.3127037922e+03
   -1.8943936529e+02
    1.2419813044e+03
    2.6195079959e+02
    6.5954674267e+02
   -5.2974568088e+02
    9.1755051393e+02
    8.0196539035e+02
    2.8526066581e+02
    1.9715426827e+02
   -2.2135725201e+02
   -3.7216122278e+02
    1.5178178733e+02
    9.6309089079e+01
   -3.0658685883e+02
   -2.2854668776e+02
    3.5542406036e+02
    4.2691574949e+01
    2.0560411831e+02
    1.8364245482e+02
   -1.3837977478e+02
   -1.2108495589e+02
   -1.6708738366e+02
   -1.2763279917e+01
   -1.2735920486e+01
    1.0298380955e+02
    7.3729669621e+01
    6.9312229897e+01
   -2.0752576715e+01
    7.6898390074e+01
    5.1714573702e+01
   -1.4825800147e+02
    6.2993980699e+01
   -1.7346478735e+01
   -6.4513225306e+01
    1.3766546821e+01
    7.8484566552e-01
   -8.3972700315e+01
    5.3118011962e+01
    8.0063313617e+01
   -7.4559705943e+01
   -6.0169864953e+01
   -2.6206332693e+00
   -2.2280858604e+01
    4.0593640698e+01
    6.8254212052e+00
    1.3126720470e+01
    2.5438835308e+01
    1.0079876699e+01
    9.6064251284e+00
    4.4150132776e+00
   -2.6638490441e+01
    3.1750959395e+00
   -4.1659526868e+00
    2.4867625623e+01
    7.7296040746e+00
    1.0998229485e+01
   -1.2598617621e+01
   -2.0576164408e+01
   -6.5459258232e+00
    1.0331359521e+01
   -1.8447904042e+01
   -1.9050081711e+01
    1.0644882980e+01
    1.6433890823e+01
    9.9875360684e+00
    7.2761719655e+00
   -1.2200016016e+01
   -1.2051698433e+01
   -4.2384576023e+00
    3.9554213229e-01
    5.7089818555e+00
    9.7792681062e+00
   -2.0413249403e+01
    3.5637900312e+00
    1.2234333433e+01
   -6.4787870709e+00
    1.2752012887e+01
    4.5089625472e+00
   -6.8767622778e+00
   -1.1351551852e+01
   -7.9802361991e+00
   -1.1276836433e+00
    8.0171515956e+00
    8.6373115696e+00
    2.6792324300e+00
   -7.3377531935e+00
   -7.3328070794e+00
   -9.4976620480e+00
    6.3626803093e+00
   -1.9604409046e+00
   -6.2072386097e+00
    2.2664669567e+00
    1.2801579403e+00
    1.5578206664e-01
   -1.9401772870e+00
    4.5963088858e+00
   -9.8723434857e-02
    4.6634043202e+00
    2.8402246614e+00
   -6.7848738952e+00
    4.4965077346e-02
   -9.7474485982e-01
    2.0632300119e+00
   -3.6479916239e+00
    3.5337348055e+00
   -1.2335451417e+00
   -4.8543434055e-01
   -2.2959663573e+00
   -2.3285638525e+00
   -8.0314771711e+00
    3.0394195564e+00
   -1.5376420675e+00
    3.3612377585e-02
   -2.0490914893e+00
    1.4001922035e+00
    1.3898575196e+00
   -6.9052040908e-01
   -3.9686830972e-01
   -2.1090538702e+00
    3.6930270579e-01
    9.0417121322e-01
   -8.1993572436e-01
   -5.1704948408e-01
    4.6278124476e-01
   -2.6496959416e+00
    1.8037729537e+00
   -1.1462749941e+00
    1.8783792431e-01
   -1.7176605121e+00
    9.1253574172e-01
   -1.8827088057e+00
    3.9672213738e+00
   -1.5986919979e+00
   -2.0290164206e+00
   -2.8148833510e-01
   -7.4455227268e-01
    1.7206795351e-01
    2.7820280901e-01
    9.6945803095e-01
    2.3558658112e+00
   -4.2553624214e-01
   -2.6246709633e+00
    9.5390285055e-01
    5.7714612842e-01
   -2.3255514179e-01
    4.6122346556e-01
    5.0331459792e-01
   -2.5416796615e-03
   -3.7514920565e-01
    2.3634913601e-02
   -3.4880847613e-01
    2.8557720680e-01
    1.2364013654e-01
   -8.4576803522e-01
   -5.9712236411e-01
   -2.8444017047e-01
   -2.6680594075e-02
    8.6896293690e-01
   -1.1223265728e-01
   -8.8384627380e-01
   -8.2547205546e-01
    2.1991160304e-01
    2.8149897988e-01
    2.8792617942e-01
    1.7601706792e+00
   -4.2802905225e-01
   -5.6771957138e-01
    1.1448164756e+00
   -1.0899595782e+00
   -3.5380867365e-01
   -3.3372080146e-02
    7.7722892041e-01
    5.8807013979e-01
   -2.2621062711e-01
    1.8409326283e-01
    3.6510596532e-01
    5.1206877042e-01
   -2.1567944524e-02
    4.0376203295e-01
    4.0641685508e-01
   -2.3147734354e-01
   -1.4594655758e-01
   -5.7411169119e-01
   -2.0810619610e-01
   -8.3088510915e-01
   -3.1523705773e-01
    3.1321673945e-01
    3.8182479041e-01
   -2.5249140870e-01
   -6.8229458768e-01
   -1.8646808699e-01
    4.4586784935e-01
   -6.2842628738e-02
    4.4495148987e-01
    2.1339113668e-01
   -9.0424021165e-02
   -5.8828301138e-02
    3.5063333351e-01
   -1.3662424227e-01
    2.9322967972e-01
    2.6435296685e-01
    2.1509976521e-01
   -2.5417001246e-02
    3.7346840490e-01
    6.5479411173e-01
    1.9871384810e-01
   -3.5317584546e-01
    9.2163116422e-02
    2.8663606799e-01
    1.2087230178e-01
    2.6411197828e-01
   -2.2994536554e-01
    1.1721961454e-01
   -3.6577499303e-01
    2.2750691089e-01
    4.4268141849e-01
    6.7258429279e-01
    9.0984372284e-02
    6.1458321578e-02
    4.4644544606e-01
    2.2574290343e-01
   -5.2379490441e-02
    3.4038433098e-02
    9.4817206143e-02
   -1.5018763680e-03
   -1.2064162852e-01
    8.9093283181e-02
   -1.3674710562e-01
    2.7690286824e-01
    1.4584257590e-01
   -2.0917901273e-01
   -2.6958972246e-01
    1.0850260348e-01
   -1.9785295815e-01
   -1.1586384229e-02
    2.3644760441e-01
   -9.4688264943e-02
   -3.3669055182e-02
   -3.1483522918e-01
   -1.1021990691e-01
    1.8212170569e-01
    1.2651208258e-01
   -6.8694199612e-03
   -2.0110756287e-01
   -5.0202684989e-02
   -1.1228794362e-01
    1.2003003759e-01
    3.8800750850e-01
   -3.3097698806e-01
    1.3637436049e-01
    7.6376423684e-02
    2.7575263545e-01
    1.2639613719e-02
   -5.9293927233e-02
    3.1005060446e-02
   -1.1732516373e-01
    9.1513183512e-02
   -6.4821435632e-02
   -2.3694238951e-02
   -8.8562214423e-02
    2.0038560766e-01
    2.4935298778e-03
   -1.9388264530e-01
    2.7865666041e-03
    2.1953127740e-01
   -1.3410742050e-01
    2.0575150902e-01
   -3.1745968124e-02
    1.2707143332e-02
   -1.2485053663e-01
   -1.1845417275e-01
   -1.2104542633e-01
   -1.0892469054e-01
    2.3058107809e-01
   -1.9165893287e-02
   -3.1427877826e-02
   -9.3788306791e-02
   -1.6776997222e-01
   -1.3576868417e-02
    6.3055681492e-04
    1.9639887521e-01
    4.0079719259e-02
   -2.2709347715e-01
    3.5033075872e-01
   -5.8372034061e-02
    2.4805104287e-01
   -1.2157953679e-01
   -8.1281388427e-03
   -2.4998184679e-01
    2.1490665241e-02
   -3.4159838736e-02
   -6.4768990671e-02
   -2.9171442587e-01
    1.5914890872e-01
    1.3694331141e-02
    9.0581495237e-02
   -5.6236733016e-02
    4.7212931190e-03
   -6.5163641928e-02
   -1.4471248742e-01
    1.3399973749e-01
   -1.3736303228e-01
    1.1853364426e-01
    1.9148300974e-02
   -4.9693410286e-02
    3.5088561262e-02
   -7.0576348191e-02
    2.6978606212e-02
    1.1183868865e-01
    3.5915765838e-02
   -3.5743430582e-01
   -1.4246376874e-01
   -3.5170130156e-02
    2.0845487810e-01
    6.2576690085e-02
    1.5389437319e-01
    1.1053252105e-01
    1.5456624862e-01
    1.8077005540e-01
   -1.2956418791e-01
   -7.8949794310e-02
    8.1334587864e-02
    7.3949689448e-02
   -3.6380910731e-02
    1.8381306849e-01
    8.1389545297e-02
   -4.0370071962e-02
   -2.0687230058e-01
    4.2046258469e-02
   -1.2964893564e-01
   -5.5541073858e-02
   -1.2811266093e-01
    1.1390001694e-01
    1.5538235055e-01
   -1.7362157808e-02
    1.1017923753e-01
   -6.1957168652e-02
   -1.2508494467e-01
   -4.4523156725e-02
   -4.7592999774e-02
   -1.9072290292e-03
    1.4349394206e-01
    3.7039840917e-02
   -6.6013109467e-02
   -8.4609115117e-03
    6.8636732493e-02
    1.5071969446e-01
   -4.2418898619e-02
   -3.7628519997e-02
    9.1627888594e-02
   -5.1176732794e-02
    4.0427365677e-01
    1.6418877363e-01
   -4.2141353078e-02
    3.9601953832e-03
    1.0395777401e-01
   -6.5209524032e-02
    5.7871044723e-02
    8.9024497088e-02
    6.2022226573e-02
   -3.4871619878e-01
   -9.0592665446e-03
   -1.5003585020e-02
    1.0562912401e-01
   -1.6304204001e-01
   -6.0845220377e-03
   -1.5826750037e-02
    1.0149143985e-01
   -4.3540927342e-02
   -7.5392665897e-02
    9.3279599495e-02
    3.6032979070e-02
    1.7102158218e-01
   -1.0299976575e-01
    1.0623558030e-02
   -1.4394671975e-02
    6.7535362889e-02
    8.5719170886e-02
   -1.1748840605e-01
    1.3347000746e-01
    9.6998230917e-02
    6.2068912936e-02
   -4.5317832005e-02
   -2.8955022575e-02
    2.6878283047e-04
    7.6112870404e-02
   -8.6993042623e-02
   -6.4973808552e-02
   -2.9109615614e-02
   -3.3030090176e-02
    1.9924992115e-01
    7.0830989113e-02
   -4.6864745856e-02
    2.3788883022e-01
    2.0330743656e-01
    4.8932692111e-02
   -2.1573093391e-01
   -3.4523279277e-01
    3.0058533798e-01
    7.4518251237e-02
    2.3719511338e-01
    1.0785671551e-01
   -8.3578032873e-02
    1.2079947879e-01
   -2.3398793228e-02
   -1.6719746846e-01
    6.3579113742e-02
   -1.7236231619e-01
    5.5703599823e-02
   -5.9229624609e-02
   -1.5942849759e-01
    2.7066502433e-02
   -1.4079336164e-02
    7.6149255989e-03
   -7.4014098068e-02
    2.9077011793e-02
    5.8478488763e-02
   -1.3640249835e-01
   -5.2439259197e-03
    2.1448378690e-02
    1.8247566781e-02
    6.0562677791e-02
   -1.9263732740e-02
    4.2103002861e-02
   -1.4839083343e-01
    1.5462716724e-01
    5.9503251967e-02
    1.4827418848e-02
    1.4549938076e-03
   -1.0188031960e-01
   -2.9527612307e+04
   -1.6353833695e+03
    5.0286794110e+03
   -2.3625989571e+03
    3.0373947560e+03
   -2.6412489665e+03
    1.6605278549e+03
   -5.3745127453e+02
    1.3371710140e+03
   -2.3149612477e+03
   -1.8595267649e+02
    1.2401397405e+03
    2.6015596203e+02
    6.5651580647e+02
   -5.3075793226e+02
    9.1675628557e+02
    8.0316973360e+02
    2.8578768894e+02
    1.9265851052e+02
   -2.2005285111e+02
   -3.6999690126e+02
    1.5353300753e+02
    9.5609996100e+01
   -3.0693540070e+02
   -2.2894544465e+02
    3.5564981946e+02
    4.2942420065e+01
    2.0481686760e+02
    1.8454469557e+02
   -1.3898727631e+02
   -1.2057323995e+02
   -1.6665552736e+02
   -1.0704696949e+01
   -1.2037425362e+01
    1.0276332444e+02
    7.3670558729e+01
    6.9224157099e+01
   -2.0779223978e+01
    7.6836053590e+01
    5.0656652834e+01
   -1.4727184620e+02
    6.2820967209e+01
   -1.8215800310e+01
   -6.4821897003e+01
    1.3541444045e+01
    1.0807014126e+00
   -8.3045186056e+01
    5.3532606026e+01
    8.0113987803e+01
   -7.4611849067e+01
   -5.9839202206e+01
   -2.9720594430e+00
   -2.2138537312e+01
    4.1240880094e+01
    6.8173370179e+00
    1.3333430927e+01
    2.5388460844e+01
    1.0187553081e+01
    9.1761668540e+00
    4.0124756186e+00
   -2.6776413241e+01
    3.5458725470e+00
   -4.0765413651e+00
    2.4812816935e+01
    7.8136056331e+00
    1.0963495598e+01
   -1.2862265472e+01
   -2.0522811688e+01
   -6.4362426087e+00
    1.0527434990e+01
   -1.8538679911e+01
   -1.8825871822e+01
    1.0818965750e+01
    1.6489445250e+01
    1.0133176835e+01
    7.2398144754e+00
   -1.2511848047e+01
   -1.1840660246e+01
   -4.1248886202e+00
    5.2641137299e-01
    5.7131630823e+00
    9.7534763085e+00
   -2.0445783484e+01
    3.5537949649e+00
    1.2120685063e+01
   -6.2989798137e+00
    1.2775004657e+01
    4.3250058393e+00
   -6.9286556163e+00
   -1.1526539210e+01
   -7.8948379417e+00
   -1.0816722170e+00
    7.9971853499e+00
    8.6159977112e+00
    2.6041886856e+00
   -7.5388261266e+00
   -7.1746595503e+00
   -9.5910688421e+00
    6.4726622767e+00
   -1.9473188715e+00
   -6.2076535420e+00
    2.3350892562e+00
    1.2310358628e+00
    1.3243638107e-01
   -1.8108444246e+00
    4.6225344926e+00
   -9.7484524438e-02
    4.6259518423e+00
    2.7805246887e+00
   -6.8460328351e+00
   -1.9231824321e-02
   -9.7484762119e-01
    2.0790977730e+00
   -3.6981803996e+00
    3.4612488063e+00
   -1.3420704796e+00
   -5.7969987527e-01
   -2.2515737882e+00
   -2.3965363377e+00
   -8.0532242634e+00
    3.0525247721e+00
   -1.5213152178e+00
    1.1717876570e-02
   -2.0688902970e+00
    1.4245764639e+00
    1.4144760514e+00
   -6.7580509138e-01
   -4.1115307647e-01
   -2.0570781132e+00
    3.9910538163e-01
    8.9713846893e-01
   -8.2027393952e-01
   -4.9755543430e-01
    4.4764717972e-01
   -2.6348815333e+00
    1.8086607091e+00
   -1.1653601592e+00
    1.9444091513e-01
   -1.7743493671e+00
    8.8545364842e-01
   -1.8836240083e+00
    3.9453219335e+00
   -1.6384176413e+00
   -2.0323579516e+00
   -2.7517277137e-01
   -7.7454049212e-01
    1.8508170913e-01
    2.8375425522e-01
    9.8734799660e-01
    2.3275477364e+00
   -4.4889122753e-01
   -2.6136310718e+00
    9.5287206249e-01
    5.6428498155e-01
   -2.1385366454e-01
    4.8222168040e-01
    5.0789315631e-01
   -6.5399146867e-03
   -3.7971191482e-01
    3.4549621616e-02
   -3.5051942630e-01
    2.8498710364e-01
    1.3686521762e-01
   -8.4412499583e-01
   -6.2212174832e-01
   -2.7623670943e-01
   -8.4627264902e-03
    8.6868188356e-01
   -1.0841116625e-01
   -8.8421005666e-01
   -8.3186939622e-01
    2.1966010182e-01
    2.8378750312e-01
    3.0658772976e-01
    1.7562255469e+00
   -4.2827119890e-01
   -5.7389196715e-01
    1.1352162133e+00
   -1.0976215607e+00
   -3.4728047869e-01
   -3.7628192818e-02
    7.8064370872e-01
    5.7882524616e-01
   -2.1637222448e-01
    1.7204660351e-01
    3.6705601072e-01
    5.0707289222e-01
   -1.4280376093e-02
    4.0835334797e-01
    4.0472360760e-01
   -2.3300332607e-01
   -1.6608898007e-01
   -5.7073821651e-01
   -2.1646529910e-01
   -8.2954305820e-01
   -3.1703495956e-01
    3.1278328078e-01
    3.8347554947e-01
   -2.6060909223e-01
   -6.7831061332e-01
   -1.8325671895e-01
    4.4905262297e-01
   -6.3223615443e-02
    4.4524084405e-01
    2.1216151710e-01
   -9.0457072058e-02
   -5.5219760615e-02
    3.4860066032e-01
   -1.3832266235e-01
    2.9763606824e-01
    2.6927975818e-01
    2.0709467315e-01
   -2.1733349396e-02
    3.7495924827e-01
    6.6003542590e-01
    1.9116081605e-01
   -3.5193242172e-01
    1.0049395611e-01
    2.8828978760e-01
    1.1131401487e-01
    2.5855566752e-01
   -2.3611330491e-01
    1.0136384640e-01
   -3.7082602548e-01
    2.2830325765e-01
    4.4416291740e-01
    6.7219256156e-01
    9.2308612317e-02
    5.9976916578e-02
    4.4291950190e-01
    2.2665401764e-01
   -5.6112307394e-02
    3.2533378496e-02
    9.6413145521e-02
    7.5809524093e-04
   -1.1928360707e-01
    9.0890347577e-02
   -1.3457651344e-01
    2.7718324921e-01
    1.4440433993e-01
   -2.0755510948e-01
   -2.6928641121e-01
    1.1023036502e-01
   -1.9747437864e-01
   -9.1810334767e-03
    2.3561384276e-01
   -9.6224005887e-02
   -3.6093107694e-02
   -3.1137050549e-01
   -1.0463314854e-01
    1.7757707450e-01
    1.2798911674e-01
   -1.0500186469e-02
   -2.1155447197e-01
   -5.5922668041e-02
   -1.1198764642e-01
    1.1984417369e-01
    3.9032841691e-01
   -3.3057949725e-01
    1.3582207299e-01
    7.7563022243e-02
    2.7849359927e-01
    1.2436438737e-02
   -6.0031813892e-02
    3.1155124332e-02
   -1.1761352248e-01
    9.1421808353e-02
   -6.2772396176e-02
   -2.2592851762e-02
   -8.6768874481e-02
    2.0054545912e-01
    2.1260989037e-03
   -1.9455935810e-01
    3.7222206238e-03
    2.1819349260e-01
   -1.3204442651e-01
    2.0621731005e-01
   -3.1758860987e-02
    9.0650044753e-03
   -1.2582176666e-01
   -1.2096823541e-01
   -1.2079982935e-01
   -1.0378942007e-01
    2.3043312908e-01
   -1.8903939571e-02
   -2.8491775769e-02
   -9.4963925088e-02
   -1.6427932962e-01
   -1.4483316468e-02
   -2.3538819177e-05
    1.9798356523e-01
    3.9708650364e-02
   -2.2659066446e-01
    3.4906876130e-01
   -5.8291505153e-02
    2.4668854616e-01
   -1.2072100157e-01
   -5.5134152992e-03
   -2.4980817624e-01
    2.0950890012e-02
   -3.4269045046e-02
   -6.3800971774e-02
   -2.9207955595e-01
    1.5883317517e-01
    1.3367504037e-02
    9.0923573118e-02
   -5.5482992708e-02
    4.6248961672e-03
   -6.4607274882e-02
   -1.4460096453e-01
    1.3374110129e-01
   -1.3610999162e-01
    1.1847956493e-01
    1.7910638721e-02
   -5.0328529364e-02
    3.3211328139e-02
   -6.9834523072e-02
    2.8696363693e-02
    1.1155193599e-01
    3.4592848098e-02
   -3.5593823857e-01
   -1.4242953994e-01
   -3.2692228867e-02
    2.0798570361e-01
    6.2752465515e-02
    1.5453145377e-01
    1.1112201818e-01
    1.5379772574e-01
    1.8064636689e-01
   -1.2948057656e-01
   -7.8869563763e-02
    8.1578435219e-02
    7.5313121831e-02
   -3.6997236264e-02
    1.8376690174e-01
    8.1818464348e-02
   -4.0089593653e-02
   -2.0736529408e-01
    4.2043216768e-02
   -1.2934435154e-01
   -5.5306911693e-02
   -1.2889372556e-01
    1.1419162999e-01
    1.5639312514e-01
   -1.6622065468e-02
    1.1009771275e-01
   -6.2045614733e-02
   -1.2502625200e-01
   -4.3247370844e-02
   -4.7832605613e-02
   -1.3722792077e-03
    1.4389173043e-01
    3.6435202469e-02
   -6.4991545415e-02
   -8.3832314260e-03
    6.6890823714e-02
    1.4946467031e-01
   -4.4869280514e-02
   -3.7968270842e-02
    9.3210059083e-02
   -5.1601476741e-02
    4.0425298727e-01
    1.6458360563e-01
   -4.2299602098e-02
    3.7187427340e-03
    1.0388574666e-01
   -6.5458495119e-02
    5.7302716120e-02
    8.8589598707e-02
    6.2286553524e-02
   -3.4857927570e-01
   -8.5412097966e-03
   -1.5718417466e-02
    1.0555361335e-01
   -1.6318009438e-01
   -5.5263664689e-03
   -1.5995336411e-02
    1.0147490929e-01
   -4.3570112368e-02
   -7.5062057178e-02
    9.2555590314e-02
    3.5801491950e-02
    1.7133166038e-01
   -1.0249608210e-01
    1.1003121742e-02
   -1.4701775164e-02
    6.7259404745e-02
    8.5917004651e-02
   -1.1783179596e-01
    1.3388175050e-01
    9.7655218261e-02
    6.2036960752e-02
   -4.4987722336e-02
   -2.8574066430e-02
   -3.0949448131e-04
    7.5920900529e-02
   -8.7080254990e-02
   -6.4413111240e-02
   -2.7905447256e-02
   -3.3005532482e-02
    1.9905201881e-01
    7.1722684405e-02
   -4.6276867407e-02
    2.3747447097e-01
    2.0303211325e-01
    4.8889478875e-02
   -2.1558930905e-01
   -3.4473463145e-01
    3.0104109526e-01
    7.4365719121e-02
    2.3717991934e-01
    1.0766159876e-01
   -8.3523264366e-02
    1.2114382349e-01
   -2.3398114836e-02
   -1.6731339636e-01
    6.3345016014e-02
   -1.7243471333e-01
    5.5826055575e-02
   -5.9011524453e-02
   -1.5951034788e-01
    2.7043272490e-02
   -1.4263666376e-02
    7.5722441489e-03
   -7.4387490397e-02
    2.9108666368e-02
    5.8345529084e-02
   -1.3671437083e-01
   -5.2535864950e-03
    2.1312685923e-02
    1.8130149025e-02
    6.0595015215e-02
   -1.9238870299e-02
    4.1237050458e-02
   -1.4814971010e-01
    1.5488566527e-01
    5.8826923191e-02
    1.4464265311e-02
    7.6241300876e-04
   -1.0106323034e-01
   -2.9522103435e+04
   -1.6263309102e+03
    5.0157185643e+03
   -2.3685207903e+03
    3.0351585319e+03
   -2.6521797155e+03
    1.6623164495e+03
   -5.4344006184e+02
    1.3373285888e+03
   -2.3170233146e+03
   -1.8215983872e+02
    1.2382997192e+03
    2.5847081171e+02
    6.5353741417e+02
   -5.3170090125e+02
    9.1598507647e+02
    8.0440740525e+02
    2.8617167108e+02
    1.8809840145e+02
   -2.1866896574e+02
   -3.6783764409e+02
    1.5541243741e+02
    9.5029389527e+01
   -3.0725660456e+02
   -2.2933658072e+02
    3.5586267394e+02
    4.3227451290e+01
    2.0406955376e+02
    1.8535683749e+02
   -1.3956432574e+02
   -1.2013450533e+02
   -1.6617047684e+02
   -8.7027662399e+00
   -1.1217452976e+01
    1.0249828693e+02
    7.3571899612e+01
    6.9139159488e+01
   -2.0784187751e+01
    7.6755365749e+01
    4.9560423710e+01
   -1.4628221194e+02
    6.2646968084e+01
   -1.9099066137e+01
   -6.5110735461e+01
    1.3347060181e+01
    1.4002393457e+00
   -8.2083235161e+01
    5.3798990706e+01
    8.0173309192e+01
   -7.4650591171e+01
   -5.9534132042e+01
   -3.3201312984e+00
   -2.1981131144e+01
    4.1910480811e+01
    6.8208940839e+00
    1.3511847938e+01
    2.5315908193e+01
    1.0252744126e+01
    8.7766717288e+00
    3.6104911572e+00
   -2.6943897061e+01
    3.8710874031e+00
   -4.0253542930e+00
    2.4743943639e+01
    7.8905714897e+00
    1.0929786200e+01
   -1.3128568284e+01
   -2.0455474599e+01
   -6.3207327302e+00
    1.0748231279e+01
   -1.8642044359e+01
   -1.8589881761e+01
    1.0974128742e+01
    1.6544542477e+01
    1.0272068144e+01
    7.2259529624e+00
   -1.2817164230e+01
   -1.1648640432e+01
   -4.0583545128e+00
    6.9296072702e-01
    5.7052966132e+00
    9.7235588711e+00
   -2.0484905386e+01
    3.5316615600e+00
    1.2001199369e+01
   -6.1217709937e+00
    1.2791808513e+01
    4.1351516960e+00
   -6.9755542996e+00
   -1.1692372263e+01
   -7.8047118317e+00
   -1.0364529578e+00
    7.9875666781e+00
    8.5900072785e+00
    2.5286189062e+00
   -7.7278838351e+00
   -7.0039691907e+00
   -9.6858154779e+00
    6.5769922739e+00
   -1.9345496281e+00
   -6.2098895646e+00
    2.4062235636e+00
    1.1779018814e+00
    1.0609775804e-01
   -1.6803260649e+00
    4.6471892901e+00
   -1.0156284577e-01
    4.5872717517e+00
    2.7240867352e+00
   -6.9095460708e+00
   -7.9298979693e-02
   -9.8152969334e-01
    2.0996531407e+00
   -3.7457587480e+00
    3.3942202184e+00
   -1.4537905844e+00
   -6.6639813884e-01
   -2.1997268306e+00
   -2.4626181333e+00
   -8.0823503160e+00
    3.0671539527e+00
   -1.5048150461e+00
   -1.0782358621e-02
   -2.0877711561e+00
    1.4517224794e+00
    1.4427111829e+00
   -6.6095572793e-01
   -4.2552274606e-01
   -2.0040326148e+00
    4.2731702312e-01
    8.8943435574e-01
   -8.1502744065e-01
   -4.7901818957e-01
    4.3514701926e-01
   -2.6188679117e+00
    1.8117414949e+00
   -1.1850717026e+00
    1.9511065090e-01
   -1.8331572152e+00
    8.5924366227e-01
   -1.8863192012e+00
    3.9222557867e+00
   -1.6726566353e+00
   -2.0342736945e+00
   -2.6691130937e-01
   -8.0510435832e-01
    1.9952701696e-01
    2.8917103808e-01
    1.0052117961e+00
    2.2993126530e+00
   -4.7162368682e-01
   -2.6000581824e+00
    9.5152018453e-01
    5.5088136981e-01
   -1.9565742710e-01
    5.0281784193e-01
    5.1058508452e-01
   -1.0979069927e-02
   -3.8413115004e-01
    4.7383145158e-02
   -3.5331356306e-01
    2.8338462638e-01
    1.4867317640e-01
   -8.4394141282e-01
   -6.4556639722e-01
   -2.7038709039e-01
    5.4753231744e-03
    8.6781456422e-01
   -1.0391440473e-01
   -8.8527526713e-01
   -8.3852578875e-01
    2.2074092202e-01
    2.8713150243e-01
    3.2546900290e-01
    1.7515382553e+00
   -4.2880250540e-01
   -5.7939602058e-01
    1.1256071933e+00
   -1.1051851300e+00
   -3.4043420722e-01
   -4.2533295972e-02
    7.8355843192e-01
    5.7000511018e-01
   -2.0740229796e-01
    1.5915152294e-01
    3.6811636180e-01
    5.0243064265e-01
   -7.5843716918e-03
    4.1345553165e-01
    4.0395337122e-01
   -2.3460103187e-01
   -1.8482072501e-01
   -5.6580249285e-01
   -2.2491206416e-01
   -8.2704996095e-01
   -3.1876217140e-01
    3.1254637350e-01
    3.8466077645e-01
   -2.6887121051e-01
   -6.7514998536e-01
   -1.8034160639e-01
    4.5217023176e-01
   -6.3862472924e-02
    4.4550454955e-01
    2.1136672120e-01
   -9.0413751240e-02
   -5.1837811761e-02
    3.4609013949e-01
   -1.3958451418e-01
    3.0205122093e-01
    2.7375689628e-01
    1.9873609727e-01
   -1.8100989913e-02
    3.7584153318e-01
    6.6470049261e-01
    1.8281312263e-01
   -3.5023146238e-01
    1.0848705505e-01
    2.9038174309e-01
    1.0139820014e-01
    2.5287103608e-01
   -2.4119225914e-01
    8.6111794141e-02
   -3.7620929752e-01
    2.2909907930e-01
    4.4551589292e-01
    6.7173731529e-01
    9.3215204958e-02
    5.8685115831e-02
    4.3985424189e-01
    2.2749799479e-01
   -6.0263567534e-02
    3.1318726636e-02
    9.8127701357e-02
    2.7594162341e-03
   -1.1818482823e-01
    9.2599513918e-02
   -1.3221964333e-01
    2.7762506508e-01
    1.4272874251e-01
   -2.0573521172e-01
   -2.6891994203e-01
    1.1170685887e-01
   -1.9688348024e-01
   -6.5929431629e-03
    2.3492804989e-01
   -9.8047661703e-02
   -3.8113263010e-02
   -3.0776678460e-01
   -9.9220684003e-02
    1.7257014917e-01
    1.2944833055e-01
   -1.4266347024e-02
   -2.2253954819e-01
   -6.1256919868e-02
   -1.1192533899e-01
    1.1956720474e-01
    3.9283759340e-01
   -3.3009497995e-01
    1.3517544027e-01
    7.8488740292e-02
    2.8102477142e-01
    1.2037895006e-02
   -6.0582086717e-02
    3.1271801806e-02
   -1.1797534598e-01
    9.1251000435e-02
   -6.0722980904e-02
   -2.1623574183e-02
   -8.5153630266e-02
    2.0065975712e-01
    1.9664301079e-03
   -1.9528151224e-01
    4.7220563937e-03
    2.1687957564e-01
   -1.2999745707e-01
    2.0659823574e-01
   -3.1857579147e-02
    5.5295340704e-03
   -1.2670428409e-01
   -1.2327386110e-01
   -1.2063914548e-01
   -9.8863647602e-02
    2.3005626744e-01
   -1.8502023555e-02
   -2.5760628869e-02
   -9.6503809924e-02
   -1.6075033094e-01
   -1.5368157188e-02
   -6.2685358479e-04
    1.9959607355e-01
    3.9233317261e-02
   -2.2600821394e-01
    3.4798574322e-01
   -5.8222734232e-02
    2.4540546815e-01
   -1.1979011039e-01
   -2.9494885866e-03
   -2.4975823674e-01
    2.0411482416e-02
   -3.4323401649e-02
   -6.2891227264e-02
   -2.9240366606e-01
    1.5856328662e-01
    1.3127592149e-02
    9.1291649484e-02
   -5.4744506943e-02
    4.5761365537e-03
   -6.3930190864e-02
   -1.4445615991e-01
    1.3342454566e-01
   -1.3487639338e-01
    1.1826315070e-01
    1.6714289742e-02
   -5.0825077639e-02
    3.1474226420e-02
   -6.8878194366e-02
    3.0479347490e-02
    1.1125248035e-01
    3.3525943575e-02
   -3.5455691544e-01
   -1.4256611087e-01
   -3.0436551214e-02
    2.0746790553e-01
    6.2975758375e-02
    1.5517370355e-01
    1.1162669627e-01
    1.5307239232e-01
    1.8051487301e-01
   -1.2943837377e-01
   -7.8827731636e-02
    8.1812796146e-02
    7.6672030277e-02
   -3.7659537342e-02
    1.8371392626e-01
    8.2222102825e-02
   -3.9768932237e-02
   -2.0783004485e-01
    4.1990640260e-02
   -1.2901063967e-01
   -5.5064157988e-02
   -1.2963361088e-01
    1.1450687566e-01
    1.5739957316e-01
   -1.5943859404e-02
    1.1005559294e-01
   -6.2072862795e-02
   -1.2498554653e-01
   -4.1991617197e-02
   -4.8065254626e-02
   -9.4175414369e-04
    1.4424792654e-01
    3.5783868516e-02
   -6.4011974645e-02
   -8.3810274417e-03
    6.5193342012e-02
    1.4814058514e-01
   -4.7107879250e-02
   -3.8288932393e-02
    9.4730008810e-02
   -5.2034775496e-02
    4.0424418664e-01
    1.6498972646e-01
   -4.2466992843e-02
    3.4771348999e-03
    1.0379185876e-01
   -6.5651588500e-02
    5.6817286187e-02
    8.8189721143e-02
    6.2594263070e-02
   -3.4845990137e-01
   -8.0445297498e-03
   -1.6405557731e-02
    1.0549650769e-01
   -1.6331060530e-01
   -5.0039527003e-03
   -1.6146356421e-02
    1.0145891088e-01
   -4.3588183084e-02
   -7.4731821516e-02
    9.1874414362e-02
    3.5588493218e-02
    1.7162070276e-01
   -1.0201467195e-01
    1.1363310551e-02
   -1.4994149468e-02
    6.7002861730e-02
    8.6135194702e-02
   -1.1817710632e-01
    1.3430745314e-01
    9.8293287251e-02
    6.1971400212e-02
   -4.4637795622e-02
   -2.8182136839e-02
   -8.7979846340e-04
    7.5621178695e-02
   -8.7156183818e-02
   -6.3885628113e-02
   -2.6741753657e-02
   -3.3000303906e-02
    1.9885087691e-01
    7.2612830420e-02
   -4.5690899663e-02
    2.3706337458e-01
    2.0275881408e-01
    4.8850174297e-02
   -2.1546287313e-01
   -3.4425290066e-01
    3.0149910536e-01
    7.4217398069e-02
    2.3716994145e-01
    1.0747055130e-01
   -8.3464784066e-02
    1.2147774780e-01
   -2.3391692752e-02
   -1.6742651482e-01
    6.3111518428e-02
   -1.7251169772e-01
    5.5934157670e-02
   -5.8798662380e-02
   -1.5958639452e-01
    2.7015620807e-02
   -1.4445431997e-02
    7.5317461801e-03
   -7.4759317079e-02
    2.9142434446e-02
    5.8212077300e-02
   -1.3701599275e-01
   -5.2701995592e-03
    2.1191567915e-02
    1.8005313854e-02
    6.0649100869e-02
   -1.9206891782e-02
    4.0412888524e-02
   -1.4791092398e-01
    1.5513639653e-01
    5.8143995286e-02
    1.4105513557e-02
    6.3335842986e-05
   -1.0029260695e-01
   -2.9516691525e+04
   -1.6177021876e+03
    5.0021676967e+03
   -2.3743860816e+03
    3.0329307242e+03
   -2.6632298703e+03
    1.6638641474e+03
   -5.4996592861e+02
    1.3376860110e+03
   -2.3189348839e+03
   -1.7812576628e+02
    1.2366898471e+03
    2.5684672545e+02
    6.5024979002e+02
   -5.3234386164e+02
    9.1520688713e+02
    8.0558712740e+02
    2.8640631443e+02
    1.8356335054e+02
   -2.1722345188e+02
   -3.6563963463e+02
    1.5735463126e+02
    9.4308437010e+01
   -3.0757045224e+02
   -2.2968796174e+02
    3.5613662655e+02
    4.3473591687e+01
    2.0330289565e+02
    1.8611307262e+02
   -1.4008063440e+02
   -1.1972867546e+02
   -1.6562110560e+02
   -6.7717119371e+00
   -1.0409675767e+01
    1.0215817046e+02
    7.3447848676e+01
    6.9032660615e+01
   -2.0791091250e+01
    7.6647573255e+01
    4.8451149682e+01
   -1.4527386476e+02
    6.2451502413e+01
   -1.9962532043e+01
   -6.5389894871e+01
    1.3226214691e+01
    1.7431758997e+00
   -8.1120333547e+01
    5.3939898576e+01
    8.0252384054e+01
   -7.4685000363e+01
   -5.9266037603e+01
   -3.6501725347e+00
   -2.1821065431e+01
    4.2594569946e+01
    6.8206130807e+00
    1.3651891850e+01
    2.5237174833e+01
    1.0294043964e+01
    8.3959139986e+00
    3.2136233633e+00
   -2.7127155909e+01
    4.1321778558e+00
   -3.9596789321e+00
    2.4678092392e+01
    7.9527295828e+00
    1.0904291364e+01
   -1.3403621522e+01
   -2.0373288801e+01
   -6.1958939305e+00
    1.0986122733e+01
   -1.8762022817e+01
   -1.8346495498e+01
    1.1106344168e+01
    1.6595548412e+01
    1.0406226830e+01
    7.2174104198e+00
   -1.3115306232e+01
   -1.1468576447e+01
   -4.0187773361e+00
    8.9392340777e-01
    5.6887691853e+00
    9.6899098214e+00
   -2.0531246173e+01
    3.4992257926e+00
    1.1874697027e+01
   -5.9507618665e+00
    1.2803846766e+01
    3.9394343557e+00
   -7.0182936289e+00
   -1.1850764141e+01
   -7.7126363116e+00
   -9.9031574802e-01
    7.9884229399e+00
    8.5546969533e+00
    2.4527205097e+00
   -7.9006566883e+00
   -6.8211431044e+00
   -9.7758972896e+00
    6.6739311736e+00
   -1.9189150758e+00
   -6.2170378084e+00
    2.4762715953e+00
    1.1207958384e+00
    7.6226380845e-02
   -1.5483152240e+00
    4.6698230613e+00
   -1.1011219326e-01
    4.5500292390e+00
    2.6697756942e+00
   -6.9750937711e+00
   -1.3705565272e-01
   -9.9156428355e-01
    2.1207409941e+00
   -3.7897393643e+00
    3.3320130921e+00
   -1.5685316098e+00
   -7.4486410732e-01
   -2.1452573831e+00
   -2.5293990226e+00
   -8.1227430706e+00
    3.0812395003e+00
   -1.4893127629e+00
   -3.1114300620e-02
   -2.1051188095e+00
    1.4811460939e+00
    1.4740429261e+00
   -6.4691438738e-01
   -4.4141405225e-01
   -1.9510040012e+00
    4.5374034649e-01
    8.8157516133e-01
   -8.0638765177e-01
   -4.6085572446e-01
    4.2442263194e-01
   -2.6013370810e+00
    1.8121962592e+00
   -1.2055215267e+00
    1.8911832817e-01
   -1.8920124167e+00
    8.3529407627e-01
   -1.8921665248e+00
    3.8972993699e+00
   -1.7050088144e+00
   -2.0338707492e+00
   -2.5744390058e-01
   -8.3565069185e-01
    2.1459171504e-01
    2.9531167506e-01
    1.0230929491e+00
    2.2712437039e+00
   -4.9460741366e-01
   -2.5837402094e+00
    9.4970436118e-01
    5.3709819653e-01
   -1.7796942455e-01
    5.2290323865e-01
    5.1201416200e-01
   -1.5542695701e-02
   -3.8834965125e-01
    6.1648024510e-02
   -3.5742583212e-01
    2.8081112089e-01
    1.5939104442e-01
   -8.4489761325e-01
   -6.6776412638e-01
   -2.6597487373e-01
    1.5132304431e-02
    8.6636990913e-01
   -9.8581824446e-02
   -8.8696747032e-01
   -8.4524406252e-01
    2.2359433832e-01
    2.9152503443e-01
    3.4407057643e-01
    1.7461764211e+00
   -4.2962711746e-01
   -5.8392133410e-01
    1.1161216197e+00
   -1.1129123436e+00
   -3.3338211316e-01
   -4.7859927437e-02
    7.8594495011e-01
    5.6154177238e-01
   -1.9935843364e-01
    1.4577158709e-01
    3.6820126547e-01
    4.9806332792e-01
   -1.5112877156e-03
    4.1897059826e-01
    4.0424325678e-01
   -2.3629006147e-01
   -2.0230926921e-01
   -5.5930125217e-01
   -2.3374880749e-01
   -8.2318077494e-01
   -3.2012865976e-01
    3.1233506016e-01
    3.8538745493e-01
   -2.7706017990e-01
   -6.7272460139e-01
   -1.7784201553e-01
    4.5528972793e-01
   -6.4634412229e-02
    4.4588526706e-01
    2.1092314852e-01
   -9.0415683775e-02
   -4.8639126669e-02
    3.4324728730e-01
   -1.4040166529e-01
    3.0631987283e-01
    2.7776049835e-01
    1.9010686700e-01
   -1.4614795269e-02
    3.7612177375e-01
    6.6885050870e-01
    1.7378068544e-01
   -3.4799020500e-01
    1.1612650473e-01
    2.9280943162e-01
    9.1208542949e-02
    2.4728484499e-01
   -2.4536850139e-01
    7.1034088928e-02
   -3.8172717333e-01
    2.2983049505e-01
    4.4666277169e-01
    6.7130389285e-01
    9.3717442791e-02
    5.7641049009e-02
    4.3729066028e-01
    2.2826970148e-01
   -6.4914540011e-02
    3.0384345804e-02
    9.9903442828e-02
    4.5414821172e-03
   -1.1734988864e-01
    9.4201116637e-02
   -1.2971622516e-01
    2.7821844069e-01
    1.4080954003e-01
   -2.0373389623e-01
   -2.6854001191e-01
    1.1299645692e-01
   -1.9608764827e-01
   -3.9042008691e-03
    2.3438541931e-01
   -1.0016482360e-01
   -3.9740791714e-02
   -3.0398569462e-01
   -9.4036984086e-02
    1.6716948067e-01
    1.3094923791e-01
   -1.8110239428e-02
   -2.3404229861e-01
   -6.6134474462e-02
   -1.1214079506e-01
    1.1919082023e-01
    3.9553437960e-01
   -3.2953925856e-01
    1.3442305191e-01
    7.9194604709e-02
    2.8334372901e-01
    1.1416691492e-02
   -6.0920431349e-02
    3.1335832902e-02
   -1.1841374634e-01
    9.0971313532e-02
   -5.8697032413e-02
   -2.0789246002e-02
   -8.3735106666e-02
    2.0072287075e-01
    1.9890485631e-03
   -1.9604430193e-01
    5.7750942569e-03
    2.1563357777e-01
   -1.2798489882e-01
    2.0691376439e-01
   -3.2033439583e-02
    2.0796747075e-03
   -1.2748287122e-01
   -1.2536994795e-01
   -1.2052584377e-01
   -9.4155660809e-02
    2.2944688340e-01
   -1.7986691660e-02
   -2.3276423068e-02
   -9.8400830648e-02
   -1.5712317797e-01
   -1.6229549556e-02
   -1.1746694600e-03
    2.0124467158e-01
    3.8656068512e-02
   -2.2536583483e-01
    3.4707109058e-01
   -5.8152769313e-02
    2.4420993482e-01
   -1.1879440774e-01
   -4.6424766429e-04
   -2.4982518057e-01
    1.9868865603e-02
   -3.4327820773e-02
   -6.2046315347e-02
   -2.9269051875e-01
    1.5833070466e-01
    1.2968082951e-02
    9.1687474606e-02
   -5.4029499349e-02
    4.5685481228e-03
   -6.3145345367e-02
   -1.4427471385e-01
    1.3305184698e-01
   -1.3367023198e-01
    1.1790125205e-01
    1.5541230590e-02
   -5.1178841758e-02
    2.9868982085e-02
   -6.7722735897e-02
    3.2311428480e-02
    1.1094977520e-01
    3.2688943481e-02
   -3.5326541413e-01
   -1.4287175088e-01
   -2.8393961154e-02
    2.0690169461e-01
    6.3240229736e-02
    1.5582533969e-01
    1.1205145981e-01
    1.5238494300e-01
    1.8037879100e-01
   -1.2943797969e-01
   -7.8827490765e-02
    8.2037211611e-02
    7.8023154622e-02
   -3.8364409899e-02
    1.8365668637e-01
    8.2600900469e-02
   -3.9410569499e-02
   -2.0826503790e-01
    4.1892361943e-02
   -1.2864558606e-01
   -5.4815459478e-02
   -1.3033499766e-01
    1.1484068666e-01
    1.5839660179e-01
   -1.5325352556e-02
    1.1005040977e-01
   -6.2039234034e-02
   -1.2495839527e-01
   -4.0757154850e-02
   -4.8293494979e-02
   -6.1425814875e-04
    1.4455906338e-01
    3.5084611257e-02
   -6.3070974927e-02
   -8.4520718660e-03
    6.3550794108e-02
    1.4674518823e-01
   -4.9138593804e-02
   -3.8563703623e-02
    9.6199229710e-02
   -5.2476659067e-02
    4.0424584067e-01
    1.6540408358e-01
   -4.2641186236e-02
    3.2344945553e-03
    1.0367831398e-01
   -6.5786810563e-02
    5.6414544466e-02
    8.7824789858e-02
    6.2942227629e-02
   -3.4836151457e-01
   -7.5713851381e-03
   -1.7062444480e-02
    1.0545691688e-01
   -1.6343235207e-01
   -4.5190396704e-03
   -1.6278659164e-02
    1.0144189392e-01
   -4.3594818471e-02
   -7.4404341829e-02
    9.1236863921e-02
    3.5393288159e-02
    1.7188774466e-01
   -1.0155626361e-01
    1.1703736591e-02
   -1.5271865524e-02
    6.6767539087e-02
    8.6374178036e-02
   -1.1852378040e-01
    1.3474569915e-01
    9.8908020664e-02
    6.1870824963e-02
   -4.4267112101e-02
   -2.7779151986e-02
   -1.4414245369e-03
    7.5220048682e-02
   -8.7222635893e-02
   -6.3392747295e-02
   -2.5618115825e-02
   -3.3014770620e-02
    1.9864657189e-01
    7.3501054603e-02
   -4.5107173512e-02
    2.3665541009e-01
    2.0248726575e-01
    4.8815537459e-02
   -2.1535273139e-01
   -3.4378779284e-01
    3.0195850852e-01
    7.4072328164e-02
    2.3716455199e-01
    1.0728249712e-01
   -8.3403465498e-02
    1.2180056808e-01
   -2.3379463892e-02
   -1.6753706521e-01
    6.2878105788e-02
   -1.7259392564e-01
    5.6027887851e-02
   -5.8591508670e-02
   -1.5965697768e-01
    2.6982887690e-02
   -1.4624382189e-02
    7.4938179664e-03
   -7.5129656342e-02
    2.9178388832e-02
    5.8079455767e-02
   -1.3730684392e-01
   -5.2950943013e-03
    2.1086732788e-02
    1.7873380853e-02
    6.0725852073e-02
   -1.9167234210e-02
    3.9632811537e-02
   -1.4767485192e-01
    1.5537950982e-01
    5.7455592674e-02
    1.3752561859e-02
   -6.3989412322e-04
   -9.9568896431e-02
   -2.9511161554e+04
   -1.6093177905e+03
    4.9880618203e+03
   -2.3801937943e+03
    3.0308367759e+03
   -2.6744580615e+03
    1.6652232128e+03
   -5.5664326623e+02
    1.3383389283e+03
   -2.3208326065e+03
   -1.7386168318e+02
    1.2352516794e+03
    2.5537660238e+02
    6.4653461042e+02
   -5.3308229906e+02
    9.1445620293e+02
    8.0659320041e+02
    2.8651797088e+02
    1.7908147421e+02
   -2.1571828908e+02
   -3.6341903296e+02
    1.5920332349e+02
    9.3291061790e+01
   -3.0785648191e+02
   -2.2996537507e+02
    3.5647370726e+02
    4.3669633376e+01
    2.0250401089e+02
    1.8683954734e+02
   -1.4050463515e+02
   -1.1931716089e+02
   -1.6499656805e+02
   -4.9068862500e+00
   -9.6483168545e+00
    1.0181697573e+02
    7.3311976154e+01
    6.8888911810e+01
   -2.0810463135e+01
    7.6495361317e+01
    4.7349421726e+01
   -1.4424707086e+02
    6.2224778161e+01
   -2.0772105530e+01
   -6.5659254900e+01
    1.3184870526e+01
    2.1037059457e+00
   -8.0200866398e+01
    5.4081951983e+01
    8.0349230438e+01
   -7.4726922557e+01
   -5.9013484000e+01
   -3.9601533956e+00
   -2.1669712174e+01
    4.3285177319e+01
    6.7922262311e+00
    1.3757287914e+01
    2.5162288263e+01
    1.0324801115e+01
    8.0243058051e+00
    2.8108947610e+00
   -2.7303372603e+01
    4.3406566251e+00
   -3.8383613900e+00
    2.4624894598e+01
    8.0020342827e+00
    1.0888783426e+01
   -1.3693204771e+01
   -2.0280838231e+01
   -6.0549518283e+00
    1.1231652978e+01
   -1.8895413572e+01
   -1.8101726469e+01
    1.1223247920e+01
    1.6638146496e+01
    1.0530418465e+01
    7.1964326018e+00
   -1.3403623170e+01
   -1.1287633452e+01
   -3.9705339441e+00
    1.1132657201e+00
    5.6688710871e+00
    9.6526300770e+00
   -2.0584622326e+01
    3.4596142216e+00
    1.1743561702e+01
   -5.7850263269e+00
    1.2811295272e+01
    3.7357836906e+00
   -7.0570477610e+00
   -1.2000955066e+01
   -7.6210136939e+00
   -9.3929089962e-01
    7.9972561224e+00
    8.5124550671e+00
    2.3760233378e+00
   -8.0546272275e+00
   -6.6278519540e+00
   -9.8583041672e+00
    6.7616460919e+00
   -1.8993854033e+00
   -6.2296197256e+00
    2.5422044317e+00
    1.0601892930e+00
    4.3039489711e-02
   -1.4125172734e+00
    4.6896549483e+00
   -1.2215809932e-01
    4.5162980939e+00
    2.6166924983e+00
   -7.0419063465e+00
   -1.9340753090e-01
   -9.9907999633e-01
    2.1384977400e+00
   -3.8296223850e+00
    3.2745001861e+00
   -1.6841494835e+00
   -8.1695174880e-01
   -2.0919199183e+00
   -2.5982396818e+00
   -8.1727505641e+00
    3.0928917399e+00
   -1.4758111320e+00
   -4.7517544412e-02
   -2.1207259151e+00
    1.5123795339e+00
    1.5084625071e+00
   -6.3479333142e-01
   -4.5967356463e-01
   -1.8981277815e+00
    4.7856095324e-01
    8.7423346291e-01
   -7.9693362856e-01
   -4.4226398906e-01
    4.1466157471e-01
   -2.5820514343e+00
    1.8098342531e+00
   -1.2264927496e+00
    1.7681064505e-01
   -1.9495015709e+00
    8.1316423750e-01
   -1.9016779760e+00
    3.8676127489e+00
   -1.7378658861e+00
   -2.0308778037e+00
   -2.4764892408e-01
   -8.6566452211e-01
    2.2929119855e-01
    3.0279264062e-01
    1.0411188742e+00
    2.2432470650e+00
   -5.1869248613e-01
   -2.5644945256e+00
    9.4748645365e-01
    5.2322081014e-01
   -1.6073352523e-01
    5.4249271375e-01
    5.1299508020e-01
   -1.9881946755e-02
   -3.9217001921e-01
    7.6687179738e-02
   -3.6267268504e-01
    2.7741056594e-01
    1.6986788798e-01
   -8.4674166771e-01
   -6.8908548516e-01
   -2.6159092623e-01
    2.1364397314e-02
    8.6448505054e-01
   -9.2316273711e-02
   -8.8909389402e-01
   -8.5184149551e-01
    2.2836698168e-01
    2.9687718641e-01
    3.6201889611e-01
    1.7402283901e+00
   -4.3071675819e-01
   -5.8715689122e-01
    1.1067154397e+00
   -1.1209736419e+00
   -3.2623282367e-01
   -5.3369149966e-02
    7.8785593797e-01
    5.5327038953e-01
   -1.9217916106e-01
    1.3221551843e-01
    3.6728207353e-01
    4.9393684720e-01
    4.1548213081e-03
    4.2471577278e-01
    4.0554847602e-01
   -2.3793141712e-01
   -2.1886676107e-01
   -5.5131231915e-01
   -2.4335378365e-01
   -8.1780593867e-01
   -3.2094307798e-01
    3.1204345772e-01
    3.8568849840e-01
   -2.8508569891e-01
   -6.7089792385e-01
   -1.7584443349e-01
    4.5849607443e-01
   -6.5363925731e-02
    4.4648884815e-01
    2.1078304958e-01
   -9.0546059645e-02
   -4.5573588165e-02
    3.4028653648e-01
   -1.4081000892e-01
    3.1035734592e-01
    2.8126740470e-01
    1.8133774375e-01
   -1.1285036539e-02
    3.7588798804e-01
    6.7257266763e-01
    1.6422407819e-01
   -3.4509619731e-01
    1.2344753980e-01
    2.9542854526e-01
    8.0860755361e-02
    2.4200747722e-01
   -2.4886497450e-01
    5.5633595206e-02
   -3.8716081088e-01
    2.3044243689e-01
    4.4757089801e-01
    6.7098713982e-01
    9.3855629302e-02
    5.6905147107e-02
    4.3522664468e-01
    2.2897437666e-01
   -7.0103568662e-02
    2.9714280816e-02
    1.0169556303e-01
    6.1366008764e-03
   -1.1676457436e-01
    9.5704750390e-02
   -1.2710730413e-01
    2.7896880155e-01
    1.3864007437e-01
   -2.0155968538e-01
   -2.6817761465e-01
    1.1417908165e-01
   -1.9507679995e-01
   -1.1801310743e-03
    2.3397157946e-01
   -1.0255271272e-01
   -4.1012998340e-02
   -2.9999860931e-01
   -8.9142932305e-02
    1.6145210241e-01
    1.3253862375e-01
   -2.1983869371e-02
   -2.4596797875e-01
   -7.0412616214e-02
   -1.1266076616e-01
    1.1871469968e-01
    3.9840904254e-01
   -3.2892279714e-01
    1.3356232846e-01
    7.9723294505e-02
    2.8545612801e-01
    1.0546453174e-02
   -6.1029037089e-02
    3.1328185247e-02
   -1.1893759805e-01
    9.0558112900e-02
   -5.6717071501e-02
   -2.0089632743e-02
   -8.2526325562e-02
    2.0072805791e-01
    2.1685060131e-03
   -1.9684294620e-01
    6.8743857368e-03
    2.1449799371e-01
   -1.2601831917e-01
    2.0718585975e-01
   -3.2268156743e-02
   -1.3006651541e-03
   -1.2813924116e-01
   -1.2726492545e-01
   -1.2041748806e-01
   -8.9676106831e-02
    2.2860733838e-01
   -1.7390805411e-02
   -2.1074812624e-02
   -1.0065044539e-01
   -1.5333614648e-01
   -1.7067496980e-02
   -1.6632596523e-03
    2.0293497176e-01
    3.7981413375e-02
   -2.2468558315e-01
    3.4631075126e-01
   -5.8069095609e-02
    2.4310521124e-01
   -1.1774192838e-01
    1.9109805149e-03
   -2.5000406376e-01
    1.9319104061e-02
   -3.4288160745e-02
   -6.1275218503e-02
   -2.9294092733e-01
    1.5812264099e-01
    1.2884703700e-02
    9.2110226571e-02
   -5.3343611143e-02
    4.5956454316e-03
   -6.2268655188e-02
   -1.4405411487e-01
    1.3262532588e-01
   -1.3249899584e-01
    1.1741272868e-01
    1.4376172791e-02
   -5.1386679075e-02
    2.8384525624e-02
   -6.6385314563e-02
    3.4175868513e-02
    1.1065187496e-01
    3.2047912675e-02
   -3.5203638666e-01
   -1.4334309896e-01
   -2.6541212109e-02
    2.0628836352e-01
    6.3538317872e-02
    1.5649004547e-01
    1.1240239597e-01
    1.5173008693e-01
    1.8024155404e-01
   -1.2947845631e-01
   -7.8870674049e-02
    8.2252208030e-02
    7.9362272171e-02
   -3.9108341577e-02
    1.8359863098e-01
    8.2955284170e-02
   -3.9018495711e-02
   -2.0866829884e-01
    4.1752381607e-02
   -1.2824704508e-01
   -5.4564763875e-02
   -1.3100051444e-01
    1.1518773151e-01
    1.5937902292e-01
   -1.4763220978e-02
    1.1007917119e-01
   -6.1945028554e-02
   -1.2493945395e-01
   -3.9545059639e-02
   -4.8518527864e-02
   -3.8731292052e-04
    1.4482281883e-01
    3.4338365065e-02
   -6.2165233179e-02
   -8.5931620913e-03
    6.1969105334e-02
    1.4527806364e-01
   -5.0967014368e-02
   -3.8766341221e-02
    9.7631074624e-02
   -5.2926248781e-02
    4.0425667086e-01
    1.6582290776e-01
   -4.2819810960e-02
    2.9900117372e-03
    1.0354783171e-01
   -6.5862775177e-02
    5.6093130983e-02
    8.7494753072e-02
    6.3326454338e-02
   -3.4828713199e-01
   -7.1238093798e-03
   -1.7686615296e-02
    1.0543385780e-01
   -1.6354403717e-01
   -4.0734072775e-03
   -1.6391223209e-02
    1.0142200590e-01
   -4.3589765874e-02
   -7.4082353141e-02
    9.0643414184e-02
    3.5215122202e-02
    1.7213217093e-01
   -1.0112141162e-01
    1.2024381352e-02
   -1.5535059601e-02
    6.6555342938e-02
    8.6633844894e-02
   -1.1887078832e-01
    1.3519480284e-01
    9.9494492290e-02
    6.1734238647e-02
   -4.3875293515e-02
   -2.7365205523e-02
   -1.9928755200e-03
    7.4725795651e-02
   -8.7281545025e-02
   -6.2935059788e-02
   -2.4533819375e-02
   -3.3048900166e-02
    1.9843932343e-01
    7.4386649197e-02
   -4.4526357378e-02
    2.3625048416e-01
    2.0221736973e-01
    4.8786283585e-02
   -2.1525983373e-01
   -3.4333938874e-01
    3.0241825437e-01
    7.3929614030e-02
    2.3716297726e-01
    1.0709625512e-01
   -8.3340369287e-02
    1.2211158093e-01
   -2.3361431908e-02
   -1.6764532590e-01
    6.2644197726e-02
   -1.7268198505e-01
    5.6107302582e-02
   -5.8390522752e-02
   -1.5972253150e-01
    2.6944556891e-02
   -1.4800241732e-02
    7.4589315063e-03
   -7.5498596601e-02
    2.9216683417e-02
    5.7949136839e-02
   -1.3758642845e-01
   -5.3295490133e-03
    2.1000015645e-02
    1.7734816005e-02
    6.0826008475e-02
   -1.9119397909e-02
    3.8898971338e-02
   -1.4744203469e-01
    1.5561512868e-01
    5.6763326427e-02
    1.3407105352e-02
   -1.3445993486e-03
   -9.8892112099e-02
   -2.9505515386e+04
   -1.6009248903e+03
    4.9730820720e+03
   -2.3859193521e+03
    3.0290162395e+03
   -2.6860829976e+03
    1.6664885133e+03
   -5.6321075719e+02
    1.3390212829e+03
   -2.3227937953e+03
   -1.6938559134e+02
    1.2338881142e+03
    2.5400342683e+02
    6.4237109312e+02
   -5.3426666198e+02
    9.1377749022e+02
    8.0744041548e+02
    2.8658137820e+02
    1.7462811563e+02
   -2.1414851888e+02
   -3.6116228949e+02
    1.6101750363e+02
    9.2061198945e+01
   -3.0820685866e+02
   -2.3017577422e+02
    3.5680741024e+02
    4.3876943570e+01
    2.0170054496e+02
    1.8756273221e+02
   -1.4080296036e+02
   -1.1886974593e+02
   -1.6432027851e+02
   -3.1030561996e+00
   -8.9460932522e+00
    1.0152860430e+02
    7.3167259994e+01
    6.8748169394e+01
   -2.0835854671e+01
    7.6301738767e+01
    4.6246485051e+01
   -1.4321469311e+02
    6.1980258389e+01
   -2.1528671476e+01
   -6.5911173469e+01
    1.3183786620e+01
    2.4508043457e+00
   -7.9340647198e+01
    5.4378725050e+01
    8.0452847002e+01
   -7.4779757317e+01
   -5.8730069138e+01
   -4.2471788082e+00
   -2.1527825157e+01
    4.3977475452e+01
    6.7213031221e+00
    1.3839080773e+01
    2.5088313685e+01
    1.0357365160e+01
    7.6641769692e+00
    2.3927227306e+00
   -2.7456737043e+01
    4.5304590484e+00
   -3.6684459567e+00
    2.4580554991e+01
    8.0448901059e+00
    1.0876631246e+01
   -1.3996400624e+01
   -2.0181343400e+01
   -5.8904688742e+00
    1.1475866433e+01
   -1.9038976555e+01
   -1.7856402753e+01
    1.1341249552e+01
    1.6670816729e+01
    1.0644100328e+01
    7.1508553645e+00
   -1.3673001627e+01
   -1.1099249444e+01
   -3.8742112041e+00
    1.3276406909e+00
    5.6489192776e+00
    9.6116802398e+00
   -2.0643317697e+01
    3.4150774041e+00
    1.1612230273e+01
   -5.6199914605e+00
    1.2811187629e+01
    3.5222059082e+00
   -7.0914558253e+00
   -1.2141783264e+01
   -7.5311082766e+00
   -8.8006213098e-01
    8.0080075960e+00
    8.4706382932e+00
    2.2963927540e+00
   -8.1901670667e+00
   -6.4277462588e+00
   -9.9331166899e+00
    6.8430571186e+00
   -1.8773030279e+00
   -6.2458815907e+00
    2.6030386608e+00
    9.9698533499e-01
    8.3451873990e-03
   -1.2699803014e+00
    4.7058920752e+00
   -1.3667501241e-01
    4.4867438741e+00
    2.5640800954e+00
   -7.1095468929e+00
   -2.4773118875e-01
   -9.9816009900e-01
    2.1503698932e+00
   -3.8669885477e+00
    3.2208794457e+00
   -1.7982847016e+00
   -8.8556894420e-01
   -2.0414327259e+00
   -2.6690881010e+00
   -8.2250753879e+00
    3.1011872009e+00
   -1.4645512363e+00
   -6.0163499159e-02
   -2.1354407555e+00
    1.5450897024e+00
    1.5463114823e+00
   -6.2541373702e-01
   -4.8055644922e-01
   -1.8443738322e+00
    5.0224622943e-01
    8.6792707514e-01
   -7.8877716508e-01
   -4.2284382399e-01
    4.0545908711e-01
   -2.5613131577e+00
    1.8047840286e+00
   -1.2475625869e+00
    1.5942307066e-01
   -2.0050436466e+00
    7.9104720545e-01
   -1.9141526530e+00
    3.8303479644e+00
   -1.7729237107e+00
   -2.0256634721e+00
   -2.3823539286e-01
   -8.9485818786e-01
    2.4266943549e-01
    3.1182144668e-01
    1.0594167129e+00
    2.2152001625e+00
   -5.4443093327e-01
   -2.5423927714e+00
    9.4512899545e-01
    5.0937978095e-01
   -1.4370649847e-01
    5.6158546636e-01
    5.1423846557e-01
   -2.3802568312e-02
   -3.9535744357e-01
    9.1648293808e-02
   -3.6845735978e-01
    2.7329838361e-01
    1.8115758008e-01
   -8.4939646986e-01
   -7.0985015046e-01
   -2.5581490015e-01
    2.5248036605e-02
    8.6199151781e-01
   -8.5152896570e-02
   -8.9142693172e-01
   -8.5819269278e-01
    2.3487362560e-01
    3.0306404019e-01
    3.7915064580e-01
    1.7337814949e+00
   -4.3207193767e-01
   -5.8884601594e-01
    1.0971886857e+00
   -1.1294201496e+00
   -3.1894018447e-01
   -5.8908563527e-02
    7.8943092687e-01
    5.4492353019e-01
   -1.8574483895e-01
    1.1860581027e-01
    3.6543725596e-01
    4.8998031993e-01
    9.8148319143e-03
    4.3046674869e-01
    4.0771685521e-01
   -2.3930528888e-01
   -2.3483184595e-01
   -5.4199054451e-01
   -2.5397447652e-01
   -8.1097110215e-01
   -3.2115700503e-01
    3.1165391216e-01
    3.8561050724e-01
   -2.9296321694e-01
   -6.6951549042e-01
   -1.7436717850e-01
    4.6186579001e-01
   -6.5871151919e-02
    4.4737903747e-01
    2.1095946237e-01
   -9.0848839395e-02
   -4.2593159153e-02
    3.3743842403e-01
   -1.4087875058e-01
    3.1415122279e-01
    2.8426487522e-01
    1.7256918893e-01
   -8.0337592125e-03
    3.7524898477e-01
    6.7595407213e-01
    1.5431541995e-01
   -3.4145272467e-01
    1.3048465672e-01
    2.9809674126e-01
    7.0470867798e-02
    2.3717852448e-01
   -2.5190767181e-01
    3.9420115589e-02
   -3.9229377381e-01
    2.3090214619e-01
    4.4825852430e-01
    6.7087232263e-01
    9.3699361299e-02
    5.6533727265e-02
    4.3362454272e-01
    2.2963132788e-01
   -7.5823029038e-02
    2.9303170681e-02
    1.0347747580e-01
    7.5767959771e-03
   -1.1639267507e-01
    9.7147184649e-02
   -1.2442232749e-01
    2.7988224354e-01
    1.3621521572e-01
   -1.9922120817e-01
   -2.6784168174e-01
    1.1531873468e-01
   -1.9382710189e-01
    1.5343715055e-03
    2.3365108606e-01
   -1.0518259145e-01
   -4.1971013985e-02
   -2.9579297104e-01
   -8.4587416579e-02
    1.5549735353e-01
    1.3425110316e-01
   -2.5855256517e-02
   -2.5813028784e-01
   -7.3872455987e-02
   -1.1349417440e-01
    1.1814694366e-01
    4.0144098872e-01
   -3.2825250874e-01
    1.3260105633e-01
    8.0117530850e-02
    2.8737408672e-01
    9.4063439511e-03
   -6.0898826404e-02
    3.1235165197e-02
   -1.1956308893e-01
    8.9994069182e-02
   -5.4799681193e-02
   -1.9517121908e-02
   -8.1536294782e-02
    2.0067199307e-01
    2.4833007937e-03
   -1.9767334390e-01
    8.0136888933e-03
    2.1350490386e-01
   -1.2410136323e-01
    2.0743296717e-01
   -3.2542434322e-02
   -4.6240938387e-03
   -1.2865733268e-01
   -1.2897747526e-01
   -1.2026630682e-01
   -8.5435405780e-02
    2.2753970021e-01
   -1.6751677714e-02
   -1.9182886435e-02
   -1.0325169342e-01
   -1.4933301293e-01
   -1.7885815256e-02
   -2.0910543201e-03
    2.0467105870e-01
    3.7215190212e-02
   -2.2398954675e-01
    3.4568701719e-01
   -5.7961485900e-02
    2.4208969523e-01
   -1.1664139541e-01
    4.1456586683e-03
   -2.5029374083e-01
    1.8758046702e-02
   -3.4211414023e-02
   -6.0587650832e-02
   -2.9315266382e-01
    1.5792384957e-01
    1.2876008349e-02
    9.2557446690e-02
   -5.2690268297e-02
    4.6507412784e-03
   -6.1318085759e-02
   -1.4379369477e-01
    1.3214624763e-01
   -1.3136780634e-01
    1.1681530251e-01
    1.3206199215e-02
   -5.1446306152e-02
    2.7007181285e-02
   -6.4884853737e-02
    3.6058676997e-02
    1.1036262506e-01
    3.1562438542e-02
   -3.5083941139e-01
   -1.4397586619e-01
   -2.4837140742e-02
    2.0562924125e-01
    6.3861773303e-02
    1.5717157492e-01
    1.1268695587e-01
    1.5110216808e-01
    1.8010625664e-01
   -1.2955745109e-01
   -7.8957378154e-02
    8.2459391293e-02
    8.0685089331e-02
   -3.9888150057e-02
    1.8354404175e-01
    8.3286163297e-02
   -3.8597627207e-02
   -2.0903803625e-01
    4.1575115680e-02
   -1.2781313019e-01
   -5.4316513604e-02
   -1.3163320320e-01
    1.1554286408e-01
    1.6034228831e-01
   -1.4252702786e-02
    1.1013823370e-01
   -6.1790571437e-02
   -1.2492299064e-01
   -3.8355383312e-02
   -4.8740114123e-02
   -2.5709400989e-04
    1.4503778511e-01
    3.3547821842e-02
   -6.1290682549e-02
   -8.8006247844e-03
    6.0452540184e-02
    1.4373957999e-01
   -5.2601732427e-02
   -3.8872094834e-02
    9.9039695102e-02
   -5.3382271098e-02
    4.0427569384e-01
    1.6624222347e-01
   -4.3000806560e-02
    2.7427457617e-03
    1.0340335129e-01
   -6.5878840110e-02
    5.5850398702e-02
    8.7199187605e-02
    6.3742480295e-02
   -3.4823900588e-01
   -6.7033827294e-03
   -1.8276176405e-02
    1.0542625612e-01
   -1.6364438133e-01
   -3.6684777551e-03
   -1.6483332884e-02
    1.0139741346e-01
   -4.3572913577e-02
   -7.3768618753e-02
    9.0093701188e-02
    3.5053067895e-02
    1.7235383345e-01
   -1.0071013587e-01
    1.2325674069e-02
   -1.5784174229e-02
    6.6367938336e-02
    8.6913698443e-02
   -1.1921732697e-01
    1.3565317636e-01
    1.0004765856e-01
    6.1561113229e-02
   -4.3462330188e-02
   -2.6940470553e-02
   -2.5321355326e-03
    7.4147966021e-02
   -8.7334929642e-02
   -6.2512036057e-02
   -2.3487233226e-02
   -3.3102271818e-02
    1.9822938901e-01
    7.5269161479e-02
   -4.3949059923e-02
    2.3584829171e-01
    2.0194904606e-01
    4.8763063775e-02
   -2.1518479901e-01
   -3.4290731803e-01
    3.0287749367e-01
    7.3788378425e-02
    2.3716434665e-01
    1.0691044140e-01
   -8.3276672676e-02
    1.2241033870e-01
   -2.3337624582e-02
   -1.6775166816e-01
    6.2409011521e-02
   -1.7277642347e-01
    5.6172622700e-02
   -5.8195944269e-02
   -1.5978358706e-01
    2.6900285165e-02
   -1.4972873224e-02
    7.4275667711e-03
   -7.5866511619e-02
    2.9257574443e-02
    5.7822620201e-02
   -1.3785458380e-01
   -5.3747291631e-03
    2.0933222822e-02
    1.7590095140e-02
    6.0950176889e-02
   -1.9062914322e-02
    3.8212775928e-02
   -1.4721296382e-01
    1.5584353079e-01
    5.6068820045e-02
    1.3070832462e-02
   -2.0483082147e-03
   -9.8261322579e-02
   -2.9499748655e+04
   -1.5926902867e+03
    4.9573289104e+03
   -2.3915755885e+03
    3.0274582282e+03
   -2.6982843049e+03
    1.6676379316e+03
   -5.6998751381e+02
    1.3396065704e+03
   -2.3248374923e+03
   -1.6457975585e+02
    1.2327107608e+03
    2.5271561753e+02
    6.3773086730e+02
   -5.3584442747e+02
    9.1315006685e+02
    8.0825874904e+02
    2.8659636836e+02
    1.7017342160e+02
   -2.1249212015e+02
   -3.5884548290e+02
    1.6291518948e+02
    9.0672279358e+01
   -3.0885728417e+02
   -2.3037157758e+02
    3.5709085174e+02
    4.4148321754e+01
    2.0088638367e+02
    1.8829878740e+02
   -1.4099672144e+02
   -1.1839100248e+02
   -1.6365228826e+02
   -1.3527314776e+00
   -8.3545064970e+00
    1.0125028758e+02
    7.2999792897e+01
    6.8651355403e+01
   -2.0857995055e+01
    7.6077947412e+01
    4.5114304855e+01
   -1.4218447432e+02
    6.1743296476e+01
   -2.2257866389e+01
   -6.6127253023e+01
    1.3168264774e+01
    2.7693735746e+00
   -7.8572681304e+01
    5.4868473840e+01
    8.0548082878e+01
   -7.4840189333e+01
   -5.8384753292e+01
   -4.5021915878e+00
   -2.1392006866e+01
    4.4671829543e+01
    6.6153163488e+00
    1.3909006799e+01
    2.5016596548e+01
    1.0399579629e+01
    7.3151009986e+00
    1.9632562570e+00
   -2.7581113507e+01
    4.7219540751e+00
   -3.4728825516e+00
    2.4535143528e+01
    8.0872010434e+00
    1.0859398179e+01
   -1.4302469892e+01
   -2.0073053625e+01
   -5.7002114972e+00
    1.1712427297e+01
   -1.9193496038e+01
   -1.7606304659e+01
    1.1473321268e+01
    1.6693578250e+01
    1.0757230750e+01
    7.0735555094e+00
   -1.3912821139e+01
   -1.0907688387e+01
   -3.7112811609e+00
    1.5210251365e+00
    5.6295381666e+00
    9.5669398384e+00
   -2.0704430796e+01
    3.3652062250e+00
    1.1484368330e+01
   -5.4513782141e+00
    1.2799137464e+01
    3.2968440657e+00
   -7.1212595374e+00
   -1.2275611107e+01
   -7.4442051316e+00
   -8.1348014657e-01
    8.0120870417e+00
    8.4356262923e+00
    2.2121086528e+00
   -8.3097876985e+00
   -6.2277673428e+00
   -1.0002460746e+01
    6.9251654612e+00
   -1.8559189275e+00
   -6.2627924680e+00
    2.6601866142e+00
    9.3235030121e-01
   -2.5349695523e-02
   -1.1192068793e+00
    4.7178352535e+00
   -1.5314850761e-01
    4.4605947542e+00
    2.5103314046e+00
   -7.1778141049e+00
   -2.9889099984e-01
   -9.8550495870e-01
    2.1550019700e+00
   -3.9050249443e+00
    3.1667192917e+00
   -1.9102661554e+00
   -9.5383035929e-01
   -1.9929336157e+00
   -2.7409500897e+00
   -8.2730116601e+00
    3.1062139326e+00
   -1.4548027014e+00
   -7.1011961514e-02
   -2.1508235537e+00
    1.5790772133e+00
    1.5877852248e+00
   -6.1911048762e-01
   -5.0398043638e-01
   -1.7879288614e+00
    5.2516041128e-01
    8.6272988545e-01
   -7.8305162440e-01
   -4.0249094793e-01
    3.9633592077e-01
   -2.5396870536e+00
    1.7971349996e+00
   -1.2682392729e+00
    1.3870223461e-01
   -2.0585703422e+00
    7.6713993357e-01
   -1.9280063729e+00
    3.7846655476e+00
   -1.8122740542e+00
   -2.0190690189e+00
   -2.2948630902e-01
   -9.2321408115e-01
    2.5412061175e-01
    3.2220100466e-01
    1.0779691068e+00
    2.1870270442e+00
   -5.7186617503e-01
   -2.5178402588e+00
    9.4290334233e-01
    4.9536287330e-01
   -1.2651661042e-01
    5.8013952446e-01
    5.1604117035e-01
   -2.7298299198e-02
   -3.9791777974e-01
    1.0558881794e-01
   -3.7403215313e-01
    2.6856004621e-01
    1.9398054232e-01
   -8.5282756252e-01
   -7.3018389981e-01
   -2.4766699438e-01
    2.7482831126e-02
    8.5822664402e-01
   -7.7333697876e-02
   -8.9377287477e-01
   -8.6423491968e-01
    2.4271085370e-01
    3.0999442420e-01
    3.9553909936e-01
    1.7268874903e+00
   -4.3371794211e-01
   -5.8884870342e-01
    1.0872751078e+00
   -1.1381878410e+00
   -3.1128178389e-01
   -6.4433744717e-02
    7.9079783294e-01
    5.3621213794e-01
   -1.7996303905e-01
    1.0484060267e-01
    3.6287785626e-01
    4.8605678284e-01
    1.5893432949e-02
    4.3599531972e-01
    4.1058868007e-01
   -2.4026618562e-01
   -2.5039373416e-01
   -5.3156350789e-01
   -2.6555406218e-01
   -8.0285476728e-01
   -3.2085899558e-01
    3.1122202612e-01
    3.8520263621e-01
   -3.0073635490e-01
   -6.6842112454e-01
   -1.7332960671e-01
    4.6543264029e-01
   -6.6005819948e-02
    4.4860568892e-01
    2.1152412070e-01
   -9.1342783171e-02
   -3.9663535540e-02
    3.3489736683e-01
   -1.4070046180e-01
    3.1773479189e-01
    2.8675925198e-01
    1.6392223467e-01
   -4.7262477460e-03
    3.7430163389e-01
    6.7904146114e-01
    1.4421057358e-01
   -3.3702794944e-01
    1.3722339270e-01
    3.0072479734e-01
    6.0153990874e-02
    2.3285506128e-01
   -2.5469430905e-01
    2.2036922317e-02
   -3.9693027204e-01
    2.3120083474e-01
    4.4878054240e-01
    6.7101400119e-01
    9.3337762227e-02
    5.6567895999e-02
    4.3243143623e-01
    2.3027311947e-01
   -8.2018864374e-02
    2.9160978467e-02
    1.0523460003e-01
    8.8992871817e-03
   -1.1618243337e-01
    9.8577868328e-02
   -1.2167977145e-01
    2.8094867068e-01
    1.3354010284e-01
   -1.9673805696e-01
   -2.6752645399e-01
    1.1644752951e-01
   -1.9232050549e-01
    4.2082006783e-03
    2.3335921085e-01
   -1.0803860916e-01
   -4.2643534827e-02
   -2.9137832429e-01
   -8.0392987625e-02
    1.4937831643e-01
    1.3609917387e-01
   -2.9706834197e-02
   -2.7025622088e-01
   -7.6257576767e-02
   -1.1463077560e-01
    1.1750214421e-01
    4.0459449429e-01
   -3.2753644310e-01
    1.3155631812e-01
    8.0417243414e-02
    2.8911154202e-01
    7.9855417598e-03
   -6.0532510305e-02
    3.1050302548e-02
   -1.2031255184e-01
    8.9272076610e-02
   -5.2955180718e-02
   -1.9055568732e-02
   -8.0772222844e-02
    2.0056053959e-01
    2.9193114363e-03
   -1.9853319655e-01
    9.1833322639e-03
    2.1266919829e-01
   -1.2223303573e-01
    2.0766565649e-01
   -3.2843358266e-02
   -7.8982066737e-03
   -1.2902855753e-01
   -1.3053213675e-01
   -1.2002200509e-01
   -8.1444110640e-02
    2.2624008058e-01
   -1.6109375412e-02
   -1.7620933216e-02
   -1.0619873928e-01
   -1.4507315202e-01
   -1.8691327367e-02
   -2.4587328574e-03
    2.0645333438e-01
    3.6363613942e-02
   -2.2329845722e-01
    3.4518021753e-01
   -5.7823659347e-02
    2.4115954309e-01
   -1.1550381279e-01
    6.2117053762e-03
   -2.5069702263e-01
    1.8183031435e-02
   -3.4105451180e-02
   -5.9993095297e-02
   -2.9332096040e-01
    1.5771957766e-01
    1.2943374393e-02
    9.3025040030e-02
   -5.2071590181e-02
    4.7264073228e-03
   -6.0313021975e-02
   -1.4349537120e-01
    1.3161438882e-01
   -1.3027984459e-01
    1.1612409480e-01
    1.2021405861e-02
   -5.1356284086e-02
    2.5722502323e-02
   -6.3243031156e-02
    3.7949025916e-02
    1.1007893792e-01
    3.1189759889e-02
   -3.4964245868e-01
   -1.4476402787e-01
   -2.3225021779e-02
    2.0492555791e-01
    6.4201681789e-02
    1.5787403395e-01
    1.1291337081e-01
    1.5049569928e-01
    1.7997505440e-01
   -1.2967147221e-01
   -7.9085703219e-02
    8.2661175416e-02
    8.1986498814e-02
   -4.0700250051e-02
    1.8349808267e-01
    8.3595012008e-02
   -3.8153366277e-02
   -2.0937252851e-01
    4.1365545187e-02
   -1.2734283699e-01
   -5.4075305999e-02
   -1.3223618075e-01
    1.1590117924e-01
    1.6128159597e-01
   -1.3788170063e-02
    1.1022332579e-01
   -6.1576511638e-02
   -1.2490339678e-01
   -3.7188348890e-02
   -4.8956906321e-02
   -2.1851397887e-04
    1.4520274808e-01
    3.2717396836e-02
   -6.0442659215e-02
   -9.0704922436e-03
    5.9004799797e-02
    1.4213166295e-01
   -5.4052566136e-02
   -3.8859126082e-02
    1.0043685849e-01
   -5.3843147439e-02
    4.0430230006e-01
    1.6665798797e-01
   -4.3182470381e-02
    2.4917432819e-03
    1.0324786409e-01
   -6.5835010996e-02
    5.5682895160e-02
    8.6937452928e-02
    6.4185402303e-02
   -3.4821851990e-01
   -6.3115817992e-03
   -1.8829336786e-02
    1.0543294985e-01
   -1.6373207973e-01
   -3.3055831341e-03
   -1.6554582545e-02
    1.0136658982e-01
   -4.3544343850e-02
   -7.3465971000e-02
    8.9586915471e-02
    3.4906166685e-02
    1.7255282207e-01
   -1.0032219453e-01
    1.2608141115e-02
   -1.6019820898e-02
    6.6206707119e-02
    8.7212750941e-02
   -1.1956297587e-01
    1.3611911903e-01
    1.0056206787e-01
    6.1351482244e-02
   -4.3028784227e-02
   -2.6505522500e-02
   -3.0562313754e-03
    7.3497013714e-02
   -8.7384724327e-02
   -6.2122665925e-02
   -2.2476722035e-02
   -3.3174161256e-02
    1.9801721716e-01
    7.6147884789e-02
   -4.3376123337e-02
    2.3544860989e-01
    2.0168242629e-01
    4.8746505201e-02
   -2.1512792945e-01
   -3.4249104489e-01
    3.0333538306e-01
    7.3647899354e-02
    2.3716774620e-01
    1.0672362778e-01
   -8.3213671108e-02
    1.2269648158e-01
   -2.3308089790e-02
   -1.6785649911e-01
    6.2171759789e-02
   -1.7287769283e-01
    5.6224236258e-02
   -5.8007864282e-02
   -1.5984069290e-01
    2.6849946983e-02
   -1.5142223070e-02
    7.4001882799e-03
   -7.6233844393e-02
    2.9301378873e-02
    5.7701477525e-02
   -1.3811137518e-01
   -5.4316520338e-03
    2.0888135775e-02
    1.7439757400e-02
    6.1098783965e-02
   -1.8997375779e-02
    3.7575426690e-02
   -1.4698818135e-01
    1.5606501998e-01
    5.5374118160e-02
    1.2745524808e-02
   -2.7483989959e-03
   -9.7675097368e-02
   -2.9494121983e+04
   -1.5849998545e+03
    4.9412308487e+03
   -2.3970761473e+03
    3.0259623908e+03
   -2.7110655073e+03
    1.6684678803e+03
   -5.7710712364e+02
    1.3401998806e+03
   -2.3269221099e+03
   -1.5953705567e+02
    1.2318702247e+03
    2.5152280120e+02
    6.3275064298e+02
   -5.3750131197e+02
    9.1252352902e+02
    8.0915709143e+02
    2.8652755189e+02
    1.6572155515e+02
   -2.1071746897e+02
   -3.5640745016e+02
    1.6485647792e+02
    8.9155605922e+01
   -3.0984428405e+02
   -2.3063248563e+02
    3.5735332254e+02
    4.4490812503e+01
    2.0003671124e+02
    1.8906016544e+02
   -1.4111432295e+02
   -1.1792969947e+02
   -1.6303587479e+02
    3.4207349069e-01
   -7.8980958202e+00
    1.0097120036e+02
    7.2781725973e+01
    6.8580973359e+01
   -2.0883946152e+01
    7.5819288183e+01
    4.3949485304e+01
   -1.4115643063e+02
    6.1520231100e+01
   -2.2958298370e+01
   -6.6295753192e+01
    1.3111638059e+01
    3.0837228375e+00
   -7.7916482381e+01
    5.5494174859e+01
    8.0626511824e+01
   -7.4907871495e+01
   -5.7986287801e+01
   -4.7152871054e+00
   -2.1258455995e+01
    4.5371845378e+01
    6.4953837373e+00
    1.3982074516e+01
    2.4958578567e+01
    1.0455217922e+01
    6.9674424502e+00
    1.5311441079e+00
   -2.7672162372e+01
    4.9203014382e+00
   -3.2458534880e+00
    2.4484027598e+01
    8.1321988073e+00
    1.0837375029e+01
   -1.4594512840e+01
   -1.9950510128e+01
   -5.4928081546e+00
    1.1937041039e+01
   -1.9357262405e+01
   -1.7346634651e+01
    1.1623023521e+01
    1.6707334105e+01
    1.0880873327e+01
    6.9602958063e+00
   -1.4119080535e+01
   -1.0721136964e+01
   -3.5019677117e+00
    1.6916236504e+00
    5.6099977936e+00
    9.5187365295e+00
   -2.0767094386e+01
    3.3078464110e+00
    1.1361192412e+01
   -5.2778794436e+00
    1.2773521092e+01
    3.0580110259e+00
   -7.1461779266e+00
   -1.2407705108e+01
   -7.3621198929e+00
   -7.4465593923e-01
    8.0024612434e+00
    8.4092403380e+00
    2.1215719198e+00
   -8.4171073231e+00
   -6.0351150114e+00
   -1.0069098195e+01
    7.0125601798e+00
   -1.8392587622e+00
   -6.2770967843e+00
    2.7157655114e+00
    8.6704239250e-01
   -5.6360905406e-02
   -9.6130896068e-01
    4.7254272850e+00
   -1.7210922359e-01
    4.4363749585e+00
    2.4530758001e+00
   -7.2461285514e+00
   -3.4659499157e-01
   -9.6144812351e-01
    2.1523889474e+00
   -3.9464527117e+00
    3.1041386341e+00
   -2.0210080196e+00
   -1.0249007372e+00
   -1.9439302292e+00
   -2.8117504642e+00
   -8.3165956673e+00
    3.1086580080e+00
   -1.4453196153e+00
   -8.2799662645e-02
   -2.1682467383e+00
    1.6141791203e+00
    1.6324850903e+00
   -6.1566465143e-01
   -5.2988592835e-01
   -1.7268793512e+00
    5.4731842748e-01
    8.5828733739e-01
   -7.7965154557e-01
   -3.8097243581e-01
    3.8622820469e-01
   -2.5173871584e+00
    1.7869431103e+00
   -1.2878661174e+00
    1.1623874851e-01
   -2.1103323318e+00
    7.4099832762e-01
   -1.9415807438e+00
    3.7331005749e+00
   -1.8582639040e+00
   -2.0120805970e+00
   -2.2123665178e-01
   -9.5091578782e-01
    2.6363420253e-01
    3.3343413366e-01
    1.0965437737e+00
    2.1587135868e+00
   -6.0050984948e-01
   -2.4914254261e+00
    9.4082840768e-01
    4.8066546006e-01
   -1.0879389516e-01
    5.9811993741e-01
    5.1825173577e-01
   -3.0504003315e-02
   -4.0008674749e-01
    1.1783558293e-01
   -3.7889227739e-01
    2.6331535797e-01
    2.0823704037e-01
   -8.5704630002e-01
   -7.5007181738e-01
   -2.3684461423e-01
    2.8425703111e-02
    8.5228600461e-01
   -6.9261724009e-02
   -8.9600863279e-01
   -8.6993871714e-01
    2.5143503144e-01
    3.1764612354e-01
    4.1147434334e-01
    1.7195299156e+00
   -4.3564323119e-01
   -5.8718081812e-01
    1.0767309673e+00
   -1.1471297244e+00
   -3.0295845194e-01
   -6.9954450844e-02
    7.9200438915e-01
    5.2692212582e-01
   -1.7477388850e-01
    9.0690950700e-02
    3.5994604589e-01
    4.8206742000e-01
    2.2654031835e-02
    4.4111959951e-01
    4.1402354172e-01
   -2.4082833974e-01
   -2.6548738774e-01
   -5.2033533459e-01
   -2.7773366206e-01
   -7.9371649780e-01
   -3.2022666167e-01
    3.1083673908e-01
    3.8452712985e-01
   -3.0840541853e-01
   -6.6746496444e-01
   -1.7254959868e-01
    4.6915065282e-01
   -6.5668613346e-02
    4.5023978420e-01
    2.1257735914e-01
   -9.2036988693e-02
   -3.6771688164e-02
    3.3278362489e-01
   -1.4037544161e-01
    3.2116729224e-01
    2.8879888258e-01
    1.5548865813e-01
   -1.2172975978e-03
    3.7314811196e-01
    6.8180939046e-01
    1.3404620736e-01
   -3.3189003673e-01
    1.4360725424e-01
    3.0330087717e-01
    5.0025570085e-02
    2.2902664826e-01
   -2.5737426787e-01
    3.3672141243e-03
   -4.0090978422e-01
    2.3134291033e-01
    4.4920721393e-01
    6.7142366211e-01
    9.2857511834e-02
    5.7018106192e-02
    4.3159446727e-01
    2.3093750336e-01
   -8.8602713236e-02
    2.9301885511e-02
    1.0695430715e-01
    1.0150797535e-02
   -1.1607877586e-01
    1.0003975085e-01
   -1.1889443431e-01
    2.8213300491e-01
    1.3064096908e-01
   -1.9414309342e-01
   -2.6722227080e-01
    1.1757432166e-01
   -1.9056665109e-01
    6.8192533531e-03
    2.3300242299e-01
   -1.1111775490e-01
   -4.3042992649e-02
   -2.8678640371e-01
   -7.6542957797e-02
    1.4315455035e-01
    1.3805885122e-01
   -3.3540022239e-02
   -2.8203545422e-01
   -7.7346567783e-02
   -1.1604469730e-01
    1.1679872790e-01
    4.0781864893e-01
   -3.2678882282e-01
    1.3045098962e-01
    8.0656459517e-02
    2.9068096493e-01
    6.2854818313e-03
   -5.9949301914e-02
    3.0773027920e-02
   -1.2121069418e-01
    8.8397493560e-02
   -5.1187178178e-02
   -1.8682301499e-02
   -8.0238532097e-02
    2.0041230328e-01
    3.4710236937e-03
   -1.9942291572e-01
    1.0369788464e-02
    2.1198420059e-01
   -1.2040847550e-01
    2.0788751228e-01
   -3.3166364941e-02
   -1.1127128011e-02
   -1.2925443762e-01
   -1.3195497004e-01
   -1.1963913862e-01
   -7.7708251110e-02
    2.2469884540e-01
   -1.5504333594e-02
   -1.6404008055e-02
   -1.0946528535e-01
   -1.4053899313e-01
   -1.9492491463e-02
   -2.7693232704e-03
    2.0827647153e-01
    3.5432486617e-02
   -2.2263052254e-01
    3.4477017776e-01
   -5.7653769868e-02
    2.4031076209e-01
   -1.1434373796e-01
    8.0863526079e-03
   -2.5121890895e-01
    1.7594879723e-02
   -3.3978076417e-02
   -5.9499775002e-02
   -2.9343952368e-01
    1.5749752797e-01
    1.3089784852e-02
    9.3507223967e-02
   -5.1488706072e-02
    4.8140527482e-03
   -5.9272984003e-02
   -1.4316358584e-01
    1.3102924080e-01
   -1.2923677752e-01
    1.1535267972e-01
    1.0815621007e-02
   -5.1117344297e-02
    2.4515659654e-02
   -6.1484753609e-02
    3.9838819718e-02
    1.0978856468e-01
    3.0888603799e-02
   -3.4841423788e-01
   -1.4569723922e-01
   -2.1637130065e-02
    2.0417875926e-01
    6.4548402960e-02
    1.5860221749e-01
    1.1309032394e-01
    1.4990564205e-01
    1.7984858010e-01
   -1.2981607948e-01
   -7.9251561328e-02
    8.2860601030e-02
    8.3260531607e-02
   -4.1540112833e-02
    1.8346680512e-01
    8.3884103172e-02
   -3.7691087608e-02
   -2.0966999921e-01
    4.1129115090e-02
   -1.2683650207e-01
   -5.3845733302e-02
   -1.3281258458e-01
    1.1625827864e-01
    1.6219152694e-01
   -1.3363221136e-02
    1.1032985613e-01
   -6.1304267813e-02
   -1.2487535743e-01
   -3.6045259619e-02
   -4.9167337271e-02
   -2.6497049706e-04
    1.4531666333e-01
    3.1852711600e-02
   -5.9615768501e-02
   -9.3979994932e-03
    5.7629023555e-02
    1.4045820200e-01
   -5.5329846760e-02
   -3.8710695581e-02
    1.0183006596e-01
   -5.4307250197e-02
    4.0433621939e-01
    1.6706640610e-01
   -4.3363404227e-02
    2.2361281039e-03
    1.0308430543e-01
   -6.5731981817e-02
    5.5586546717e-02
    8.6708710253e-02
    6.4649957223e-02
   -3.4822619015e-01
   -5.9498981215e-03
   -1.9344258737e-02
    1.0545259878e-01
   -1.6380580767e-01
   -2.9859985824e-03
   -1.6604982968e-02
    1.0132845306e-01
   -4.3504345284e-02
   -7.3177168704e-02
    8.9121959308e-02
    3.4773449594e-02
    1.7272944986e-01
   -9.9957148300e-02
    1.2872345542e-02
   -1.6242739585e-02
    6.6072600914e-02
    8.7529448706e-02
   -1.1990768253e-01
    1.3659062962e-01
    1.0103193170e-01
    6.1106071342e-02
   -4.2575860487e-02
   -2.6061511094e-02
   -3.5611124496e-03
    7.2784154972e-02
   -8.7432596027e-02
   -6.1765751148e-02
   -2.1501162285e-02
   -3.3263650990e-02
    1.9780350785e-01
    7.7021727550e-02
   -4.2808643384e-02
    2.3505144792e-01
    2.0141794415e-01
    4.8737231782e-02
   -2.1508917708e-01
   -3.4208996396e-01
    3.0379103900e-01
    7.3507658526e-02
    2.3717225377e-01
    1.0653441961e-01
   -8.3152760687e-02
    1.2296968293e-01
   -2.3272916438e-02
   -1.6796026257e-01
    6.1931780390e-02
   -1.7298612330e-01
    5.6262770232e-02
   -5.7826225325e-02
   -1.5989438751e-01
    2.6793645207e-02
   -1.5308319965e-02
    7.3772178235e-03
   -7.6601014247e-02
    2.9348436296e-02
    5.7587328204e-02
   -1.3835705556e-01
   -5.5012020011e-03
    2.0866468758e-02
    1.7284459234e-02
    6.1271982702e-02
   -1.8922479005e-02
    3.6988084842e-02
   -1.4676835133e-01
    1.5627991999e-01
    5.4681872323e-02
    1.2433007110e-02
   -3.4419927139e-03
   -9.7131584037e-02
   -2.9488820908e+04
   -1.5780272823e+03
    4.9253070299e+03
   -2.4023421068e+03
    3.0244232263e+03
   -2.7239776462e+03
    1.6688830716e+03
   -5.8405460017e+02
    1.3408082925e+03
   -2.3290811366e+03
   -1.5457594700e+02
    1.2311997843e+03
    2.5026625375e+02
    6.2768445424e+02
   -5.3881797630e+02
    9.1190862482e+02
    8.1006571304e+02
    2.8634541943e+02
    1.6120672304e+02
   -2.0885613247e+02
   -3.5382448976e+02
    1.6670038862e+02
    8.7442189826e+01
   -3.1099875802e+02
   -2.3098623626e+02
    3.5765631432e+02
    4.4852529527e+01
    1.9914640663e+02
    1.8985082080e+02
   -1.4114344693e+02
   -1.1755046845e+02
   -1.6246079378e+02
    1.9728115737e+00
   -7.5333068229e+00
    1.0070540271e+02
    7.2489965239e+01
    6.8501325073e+01
   -2.0935634584e+01
    7.5520713861e+01
    4.2791859370e+01
   -1.4011375538e+02
    6.1292724477e+01
   -2.3614352968e+01
   -6.6444920360e+01
    1.3025956828e+01
    3.4243597103e+00
   -7.7313618306e+01
    5.6238401444e+01
    8.0697903913e+01
   -7.4986330663e+01
   -5.7569192454e+01
   -4.8836576022e+00
   -2.1122308606e+01
    4.6080091316e+01
    6.3766118166e+00
    1.4070745658e+01
    2.4923047051e+01
    1.0523789667e+01
    6.6127423409e+00
    1.0906392774e+00
   -2.7723010485e+01
    5.1365581903e+00
   -2.9801579977e+00
    2.4431278717e+01
    8.1804841041e+00
    1.0817155590e+01
   -1.4859661627e+01
   -1.9808758788e+01
   -5.2833328885e+00
    1.2144381650e+01
   -1.9522050758e+01
   -1.7075523029e+01
    1.1788800690e+01
    1.6714020253e+01
    1.1011695856e+01
    6.8136835247e+00
   -1.4298676880e+01
   -1.0544746067e+01
   -3.2843564248e+00
    1.8356764045e+00
    5.5897174618e+00
    9.4675961270e+00
   -2.0835153394e+01
    3.2418423032e+00
    1.1242100292e+01
   -5.1000141443e+00
    1.2736653702e+01
    2.8053970787e+00
   -7.1655231001e+00
   -1.2542200742e+01
   -7.2867567007e+00
   -6.7910828650e-01
    7.9780737459e+00
    8.3902483370e+00
    2.0220540633e+00
   -8.5155623197e+00
   -5.8504476033e+00
   -1.0134133711e+01
    7.1074351673e+00
   -1.8302352418e+00
   -6.2863403394e+00
    2.7707323394e+00
    8.0068223067e-01
   -8.4589601494e-02
   -7.9917292663e-01
    4.7296323309e+00
   -1.9473791459e-01
    4.4129474374e+00
    2.3905884431e+00
   -7.3135696644e+00
   -3.9143435696e-01
   -9.2882903846e-01
    2.1438593921e+00
   -3.9917263812e+00
    3.0271439044e+00
   -2.1311555202e+00
   -1.1014084128e+00
   -1.8918358611e+00
   -2.8796087178e+00
   -8.3609689225e+00
    3.1093640902e+00
   -1.4351724639e+00
   -9.7695770210e-02
   -2.1882736322e+00
    1.6501629039e+00
    1.6792995223e+00
   -6.1441478256e-01
   -5.5830340868e-01
   -1.6599540515e+00
    5.6842325305e-01
    8.5407450972e-01
   -7.7733956335e-01
   -3.5790804099e-01
    3.7360290916e-01
   -2.4937951006e+00
    1.7746176967e+00
   -1.3056966089e+00
    9.2956177374e-02
   -2.1605859021e+00
    7.1383715162e-01
   -1.9536950905e+00
    3.6816399946e+00
   -1.9117647887e+00
   -2.0054606774e+00
   -2.1315605692e-01
   -9.7818686861e-01
    2.7176929014e-01
    3.4489159386e-01
    1.1147982356e+00
    2.1302344270e+00
   -6.2948492592e-01
   -2.4636492493e+00
    9.3858474937e-01
    4.6476750325e-01
   -9.0221199797e-02
    6.1552820458e-01
    5.2054560482e-01
   -3.3668724089e-02
   -4.0199417466e-01
    1.2837464282e-01
   -3.8306141483e-01
    2.5784931916e-01
    2.2278671235e-01
   -8.6215869368e-01
   -7.6955765701e-01
   -2.2377305931e-01
    2.8271656734e-02
    8.4365565847e-01
   -6.1320239639e-02
   -8.9807167835e-01
   -8.7527875380e-01
    2.6069152790e-01
    3.2605526530e-01
    4.2739793905e-01
    1.7116155602e+00
   -4.3771733208e-01
   -5.8400165118e-01
    1.0654276083e+00
   -1.1560568980e+00
   -2.9372222090e-01
   -7.5451805675e-02
    7.9306683131e-01
    5.1694036286e-01
   -1.7008190924e-01
    7.5969204551e-02
    3.5708971917e-01
    4.7810938059e-01
    3.0044556153e-02
    4.4575912821e-01
    4.1790511959e-01
   -2.4116280010e-01
   -2.7984325931e-01
   -5.0868934346e-01
   -2.9005932834e-01
   -7.8395901731e-01
   -3.1945334313e-01
    3.1058078103e-01
    3.8368116873e-01
   -3.1590454116e-01
   -6.6650866161e-01
   -1.7179033838e-01
    4.7288008426e-01
   -6.4822886332e-02
    4.5238794496e-01
    2.1421491316e-01
   -9.2943518293e-02
   -3.3910582611e-02
    3.3113347863e-01
   -1.3997797319e-01
    3.2452654657e-01
    2.9049570360e-01
    1.4732949221e-01
    2.6069422314e-03
    3.7194063454e-01
    6.8416550819e-01
    1.2395272026e-01
   -3.2619030939e-01
    1.4958825262e-01
    3.0587672590e-01
    4.0184656970e-02
    2.2563672390e-01
   -2.6003122515e-01
   -1.6451843477e-02
   -4.0413065166e-01
    2.3132796330e-01
    4.4960830887e-01
    6.7207521225e-01
    9.2319024810e-02
    5.7855212826e-02
    4.3106442608e-01
    2.3165535279e-01
   -9.5482150452e-02
    2.9724841896e-02
    1.0862178416e-01
    1.1387180537e-02
   -1.1603064840e-01
    1.0155475108e-01
   -1.1608024367e-01
    2.8337966488e-01
    1.2756735024e-01
   -1.9146964394e-01
   -2.6692628842e-01
    1.1870562129e-01
   -1.8861034561e-01
    9.3568216158e-03
    2.3247596443e-01
   -1.1442130003e-01
   -4.3168595429e-02
   -2.8206436171e-01
   -7.2979500377e-02
    1.3686471778e-01
    1.4006563667e-01
   -3.7382412851e-02
   -2.9321433073e-01
   -7.7018340781e-02
   -1.1770400736e-01
    1.1605613206e-01
    4.1105587997e-01
   -3.2603164678e-01
    1.2930804141e-01
    8.0859415780e-02
    2.9209273829e-01
    4.3165887484e-03
   -5.9186833223e-02
    3.0404575502e-02
   -1.2228059781e-01
    8.7388274715e-02
   -4.9490998247e-02
   -1.8372176821e-02
   -7.9933103306e-02
    2.0025737720e-01
    4.1400036549e-03
   -2.0034493473e-01
    1.1559522520e-02
    2.1142235093e-01
   -1.1861738589e-01
    2.0810136731e-01
   -3.3512896539e-02
   -1.4315209459e-02
   -1.2934413738e-01
   -1.3327273149e-01
   -1.1908592156e-01
   -7.4220768302e-02
    2.2290350969e-01
   -1.4974094676e-02
   -1.5541707567e-02
   -1.1299364742e-01
   -1.3573631176e-01
   -2.0298637315e-02
   -3.0280932069e-03
    2.1013033240e-01
    3.4426721080e-02
   -2.2200021785e-01
    3.4443718614e-01
   -5.7452964865e-02
    2.3953937219e-01
   -1.1317846694e-01
    9.7556743432e-03
   -2.5186467817e-01
    1.6998933529e-02
   -3.3835530188e-02
   -5.9113541284e-02
   -2.9350128706e-01
    1.5724829828e-01
    1.3318425997e-02
    9.3997170458e-02
   -5.0941322679e-02
    4.9048238089e-03
   -5.8215158094e-02
   -1.4280403857e-01
    1.3039140364e-01
   -1.2823813765e-01
    1.1451456821e-01
    9.5855199152e-03
   -5.0733813081e-02
    2.3370434306e-02
   -5.9635911744e-02
    4.1722736858e-02
    1.0946914490e-01
    3.0621111892e-02
   -3.4712727797e-01
   -1.4675872250e-01
   -1.9999880399e-02
    2.0339033844e-01
    6.4891841114e-02
    1.5936205728e-01
    1.1322685439e-01
    1.4932711048e-01
    1.7972567647e-01
   -1.2998603470e-01
   -7.9449060868e-02
    8.3061422163e-02
    8.4501705908e-02
   -4.2402883710e-02
    1.8345686202e-01
    8.4156728212e-02
   -3.7215313524e-02
   -2.0992863853e-01
    4.0871453999e-02
   -1.2629545839e-01
   -5.3632131003e-02
   -1.3336587456e-01
    1.1661093326e-01
    1.6306687228e-01
   -1.2970347971e-02
    1.1045350465e-01
   -6.0975882311e-02
   -1.2483377044e-01
   -3.4927977515e-02
   -4.9370878208e-02
   -3.8821380643e-04
    1.4537910120e-01
    3.0959212686e-02
   -5.8803039906e-02
   -9.7770378857e-03
    5.6325561092e-02
    1.3872367439e-01
   -5.6445264388e-02
   -3.8416281578e-02
    1.0322360971e-01
   -5.4773663306e-02
    4.0437743762e-01
    1.6746462173e-01
   -4.3542537399e-02
    1.9749139081e-03
    1.0291537795e-01
   -6.5570923253e-02
    5.5556792460e-02
    8.6511779359e-02
    6.5131070513e-02
   -3.4826189282e-01
   -5.6195723657e-03
   -1.9819552634e-02
    1.0548361288e-01
   -1.6386424895e-01
   -2.7106280174e-03
   -1.6635083127e-02
    1.0128231693e-01
   -4.3453270063e-02
   -7.2904408190e-02
    8.8697178815e-02
    3.4653824438e-02
    1.7288446795e-01
   -9.9614008571e-02
    1.3119141977e-02
   -1.6453928430e-02
    6.5965967390e-02
    8.7861941496e-02
   -1.2025181381e-01
    1.3706573235e-01
    1.0145172967e-01
    6.0826088968e-02
   -4.2104957232e-02
   -2.5609851373e-02
   -4.0422514210e-03
    7.2020685579e-02
   -8.7479825630e-02
   -6.1439451321e-02
   -2.0559218465e-02
   -3.3369883263e-02
    1.9758898796e-01
    7.7890083167e-02
   -4.2247354394e-02
    2.3465675369e-01
    2.0115613510e-01
    4.8735880323e-02
   -2.1506810018e-01
   -3.4170307459e-01
    3.0424395924e-01
    7.3367193900e-02
    2.3717695696e-01
    1.0634129685e-01
   -8.3095354733e-02
    1.2322985585e-01
   -2.3232201241e-02
   -1.6806354477e-01
    6.1688376110e-02
   -1.7310200943e-01
    5.6289162812e-02
   -5.7650641619e-02
   -1.5994524575e-01
    2.6731616913e-02
   -1.5471403045e-02
    7.3589829798e-03
   -7.6968710990e-02
    2.9399136848e-02
    5.7481685163e-02
   -1.3859222487e-01
   -5.5842582610e-03
    2.0869842350e-02
    1.7124876254e-02
    6.1469748048e-02
   -1.8837945480e-02
    3.6451344924e-02
   -1.4655412267e-01
    1.5648877691e-01
    5.3994746660e-02
    1.2134792149e-02
   -4.1265761614e-03
   -9.6628032667e-02
   -2.9483890001e+04
   -1.5710078091e+03
    4.9097441993e+03
   -2.4074530695e+03
    3.0231347139e+03
   -2.7370053639e+03
    1.6692213681e+03
   -5.9019717235e+02
    1.3413852206e+03
   -2.3313196998e+03
   -1.4970305098e+02
    1.2303985012e+03
    2.4894305658e+02
    6.2243994232e+02
   -5.3980507912e+02
    9.1134961367e+02
    8.1085224672e+02
    2.8609489004e+02
    1.5658083025e+02
   -2.0697123730e+02
   -3.5122930450e+02
    1.6838782032e+02
    8.5588708513e+01
   -3.1224768742e+02
   -2.3138205361e+02
    3.5800759840e+02
    4.5164145065e+01
    1.9824189251e+02
    1.9066290153e+02
   -1.4109573799e+02
   -1.1725159266e+02
   -1.6187579874e+02
    3.5590938975e+00
   -7.0953964697e+00
    1.0043497768e+02
    7.2137546390e+01
    6.8403046806e+01
   -2.1031128809e+01
    7.5205550266e+01
    4.1684335462e+01
   -1.3902144527e+02
    6.1055563845e+01
   -2.4228467257e+01
   -6.6609083209e+01
    1.2932911029e+01
    3.8026875216e+00
   -7.6684310304e+01
    5.7115594845e+01
    8.0782437027e+01
   -7.5077902632e+01
   -5.7165370338e+01
   -5.0179943994e+00
   -2.0983949136e+01
    4.6795029914e+01
    6.2640027994e+00
    1.4174736515e+01
    2.4909544638e+01
    1.0598322677e+01
    6.2542885813e+00
    6.2880728571e-01
   -2.7726610818e+01
    5.3852003588e+00
   -2.6963174775e+00
    2.4383512191e+01
    8.2312975352e+00
    1.0798287243e+01
   -1.5099686658e+01
   -1.9647029957e+01
   -5.0805476037e+00
    1.2329778739e+01
   -1.9679427579e+01
   -1.6792933038e+01
    1.1969147198e+01
    1.6714191475e+01
    1.1132567230e+01
    6.6465676332e+00
   -1.4467325234e+01
   -1.0380856779e+01
   -3.0843802850e+00
    1.9367526600e+00
    5.5694113711e+00
    9.4134150090e+00
   -2.0915659842e+01
    3.1697912848e+00
    1.1127368325e+01
   -4.9183680852e+00
    1.2691740070e+01
    2.5412183110e+00
   -7.1778306368e+00
   -1.2679117405e+01
   -7.2203288939e+00
   -6.1836442832e-01
    7.9439320133e+00
    8.3789786088e+00
    1.9113247963e+00
   -8.6061912139e+00
   -5.6661635832e+00
   -1.0196554114e+01
    7.2149820072e+00
   -1.8293640479e+00
   -6.2898102235e+00
    2.8245860139e+00
    7.3182899625e-01
   -1.1124740394e-01
   -6.3603028189e-01
    4.7319302667e+00
   -2.2203308348e-01
    4.3900941884e+00
    2.3229592609e+00
   -7.3798391058e+00
   -4.3350464277e-01
   -8.9096542616e-01
    2.1317417284e+00
   -4.0383739613e+00
    2.9367306390e+00
   -2.2392345723e+00
   -1.1840520611e+00
   -1.8345980880e+00
   -2.9457233179e+00
   -8.4098947005e+00
    3.1090895507e+00
   -1.4243142497e+00
   -1.1633152750e-01
   -2.2104629357e+00
    1.6866860032e+00
    1.7265065493e+00
   -6.1450703688e-01
   -5.8912165068e-01
   -1.5872882400e+00
    5.8797755990e-01
    8.4952497274e-01
   -7.7414876613e-01
   -3.3309642897e-01
    3.5719113028e-01
   -2.4673786363e+00
    1.7612645828e+00
   -1.3214216347e+00
    6.9236766846e-02
   -2.2091302770e+00
    6.8754360729e-01
   -1.9639277090e+00
    3.6375725761e+00
   -1.9709332230e+00
   -1.9995178524e+00
   -2.0512839749e-01
   -1.0051374371e+00
    2.7940337482e-01
    3.5598310393e-01
    1.1324539214e+00
    2.1014310696e+00
   -6.5775806158e-01
   -2.4347749060e+00
    9.3563438643e-01
    4.4738857389e-01
   -7.0567377612e-02
    6.3238126584e-01
    5.2275597618e-01
   -3.7133701641e-02
   -4.0332821550e-01
    1.3796501137e-01
   -3.8707520711e-01
    2.5276633828e-01
    2.3571913333e-01
   -8.6812845310e-01
   -7.8878631746e-01
   -2.0959263017e-01
    2.7115698407e-02
    8.3260745988e-01
   -5.3712356553e-02
   -8.9991861130e-01
   -8.8022735816e-01
    2.7023308739e-01
    3.3525960475e-01
    4.4377861530e-01
    1.7029977589e+00
   -4.3964100005e-01
   -5.7955456578e-01
    1.0534370538e+00
   -1.1647665651e+00
   -2.8347982984e-01
   -8.0802345923e-02
    7.9407324187e-01
    5.0621792852e-01
   -1.6569327853e-01
    6.0680442548e-02
    3.5482514707e-01
    4.7452993602e-01
    3.7634791253e-02
    4.4996970524e-01
    4.2217394732e-01
   -2.4156839358e-01
   -2.9313593471e-01
   -4.9706612921e-01
   -3.0216673975e-01
   -7.7418996111e-01
   -3.1868575054e-01
    3.1051104277e-01
    3.8280285603e-01
   -3.2311012377e-01
   -6.6542859925e-01
   -1.7083381037e-01
    4.7640957627e-01
   -6.3496853199e-02
    4.5518553116e-01
    2.1650246474e-01
   -9.4081914358e-02
   -3.1052640757e-02
    3.2992090090e-01
   -1.3952509384e-01
    3.2789008665e-01
    2.9202191583e-01
    1.3948232709e-01
    6.7965877120e-03
    3.7090774710e-01
    6.8599800956e-01
    1.1407061916e-01
   -3.2011119331e-01
    1.5516664897e-01
    3.0854328024e-01
    3.0687135717e-02
    2.2260049005e-01
   -2.6267749919e-01
   -3.7072778496e-02
   -4.0656957303e-01
    2.3113610567e-01
    4.5004628981e-01
    6.7291976205e-01
    9.1744574974e-02
    5.9011674001e-02
    4.3079404518e-01
    2.3244279914e-01
   -1.0258301089e-01
    3.0400556460e-02
    1.1021965757e-01
    1.2667786849e-02
   -1.1598898692e-01
    1.0311921046e-01
   -1.1325322488e-01
    2.8461999368e-01
    1.2439004934e-01
   -1.8874036213e-01
   -2.6665020537e-01
    1.1985739353e-01
   -1.8652385930e-01
    1.1823443588e-02
    2.3169289236e-01
   -1.1794821103e-01
   -4.3013279243e-02
   -2.7726907336e-01
   -6.9618751186e-02
    1.3052925635e-01
    1.4203028172e-01
   -4.1276313872e-02
   -3.0365798667e-01
   -7.5272941185e-02
   -1.1957811403e-01
    1.1529318587e-01
    4.1424964024e-01
   -3.2529356240e-01
    1.2814645867e-01
    8.1037034136e-02
    2.9335398362e-01
    2.0943758579e-03
   -5.8298522111e-02
    2.9943786514e-02
   -1.2354005950e-01
    8.6274675034e-02
   -4.7854897312e-02
   -1.8102107802e-02
   -7.9844375805e-02
    2.0013247943e-01
    4.9305562908e-03
   -2.0130025559e-01
    1.2741725820e-02
    2.1094186767e-01
   -1.1684658744e-01
    2.0831595263e-01
   -3.3887057951e-02
   -1.7464944123e-02
   -1.2930934694e-01
   -1.3451367072e-01
   -1.1835026181e-01
   -7.0960178674e-02
    2.2084141996e-01
   -1.4551947826e-02
   -1.5036073721e-02
   -1.1669041664e-01
   -1.3069217248e-01
   -2.1118427954e-02
   -3.2414182947e-03
    2.1200051216e-01
    3.3351508215e-02
   -2.2141844890e-01
    3.4416300972e-01
   -5.7223296816e-02
    2.3884124692e-01
   -1.1202710408e-01
    1.1213828616e-02
   -2.5263781811e-01
    1.6405471121e-02
   -3.3681648180e-02
   -5.8837612930e-02
   -2.9349888479e-01
    1.5696515341e-01
    1.3631534552e-02
    9.4487209757e-02
   -5.0428010830e-02
    4.9913378139e-03
   -5.7153846416e-02
   -1.4242218690e-01
    1.2970361086e-01
   -1.2728158869e-01
    1.1362470640e-01
    8.3299882228e-03
   -5.0214460926e-02
    2.2270448023e-02
   -5.7721654745e-02
    4.3596008414e-02
    1.0908924900e-01
    3.0353164951e-02
   -3.4576300621e-01
   -1.4792395682e-01
   -1.8241578926e-02
    2.0256221581e-01
    6.5221415932e-02
    1.6015988176e-01
    1.1333205388e-01
    1.4875568291e-01
    1.7960377161e-01
   -1.3017529280e-01
   -7.9671071243e-02
    8.3268012258e-02
    8.5704908906e-02
   -4.3283339533e-02
    1.8347493674e-01
    8.4416786006e-02
   -3.6729729838e-02
   -2.1014637115e-01
    4.0598568751e-02
   -1.2572197604e-01
   -5.3438607380e-02
   -1.3389943349e-01
    1.1695710371e-01
    1.6390247716e-01
   -1.2601326566e-02
    1.1059051612e-01
   -6.0593721341e-02
   -1.2477374478e-01
   -3.3839173254e-02
   -4.9568777330e-02
   -5.7830058932e-04
    1.4539047579e-01
    3.0041892180e-02
   -5.7995898899e-02
   -1.0199575893e-02
    5.5090908825e-02
    1.3693352586e-01
   -5.7411411351e-02
   -3.7971319844e-02
    1.0461895390e-01
   -5.5242434072e-02
    4.0442607669e-01
    1.6785084694e-01
   -4.3718945140e-02
    1.7070066960e-03
    1.0274359271e-01
   -6.5353213657e-02
    5.5588866119e-02
    8.6345276516e-02
    6.5623896409e-02
   -3.4832518075e-01
   -5.3217510196e-03
   -2.0254287222e-02
    1.0552409556e-01
   -1.6390601321e-01
   -2.4800829348e-03
   -1.6645941840e-02
    1.0122777648e-01
   -4.3391368152e-02
   -7.2649227758e-02
    8.8310585601e-02
    3.4546088459e-02
    1.7301902793e-01
   -9.9291265312e-02
    1.3349545515e-02
   -1.6654446313e-02
    6.5886682484e-02
    8.8208122974e-02
   -1.2059575294e-01
    1.3754243654e-01
    1.0181629871e-01
    6.0513126151e-02
   -4.1617691358e-02
   -2.5152294359e-02
   -4.4948544288e-03
    7.1218014465e-02
   -8.7527270243e-02
   -6.1141129809e-02
   -1.9649351391e-02
   -3.3492231114e-02
    1.9737436416e-01
    7.8752817476e-02
   -4.1692625968e-02
    2.3426449934e-01
    2.0089768567e-01
    4.8743132677e-02
   -2.1506390849e-01
   -3.4132909339e-01
    3.0469394905e-01
    7.3226066212e-02
    2.3718093535e-01
    1.0614262581e-01
   -8.3042866849e-02
    1.2347705532e-01
   -2.3186020283e-02
   -1.6816706136e-01
    6.1440839738e-02
   -1.7322558143e-01
    5.6304619280e-02
   -5.7480433689e-02
   -1.5999389858e-01
    2.6664163509e-02
   -1.5631842701e-02
    7.3456771628e-03
   -7.7337812273e-02
    2.9453923398e-02
    5.7385957935e-02
   -1.3881770491e-01
   -5.6817516688e-03
    2.0899833245e-02
    1.6961752707e-02
    6.1691848116e-02
   -1.8743445150e-02
    3.5965333335e-02
   -1.4634617073e-01
    1.5669230213e-01
    5.3315484326e-02
    1.1852094270e-02
   -4.7998653758e-03
   -9.6161007715e-02
   -2.9478806282e+04
   -1.5630733543e+03
    4.8942004576e+03
   -2.4125099788e+03
    3.0220658206e+03
   -2.7506026818e+03
    1.6699572141e+03
   -5.9584159856e+02
    1.3419900644e+03
   -2.3336445301e+03
   -1.4478234422e+02
    1.2293870721e+03
    2.4776202954e+02
    6.1700321028e+02
   -5.4088466274e+02
    9.1079783512e+02
    8.1151291663e+02
    2.8585623844e+02
    1.5187091318e+02
   -2.0505787512e+02
   -3.4877542533e+02
    1.6999410508e+02
    8.3725859124e+01
   -3.1361019529e+02
   -2.3173231595e+02
    3.5835633126e+02
    4.5420158202e+01
    1.9735953472e+02
    1.9146903923e+02
   -1.4102337170e+02
   -1.1698741401e+02
   -1.6126261224e+02
    5.1418492962e+00
   -6.4959283239e+00
    1.0015497910e+02
    7.1775246063e+01
    6.8306432066e+01
   -2.1163202381e+01
    7.4906846996e+01
    4.0622405891e+01
   -1.3786904150e+02
    6.0817865336e+01
   -2.4816933520e+01
   -6.6780027447e+01
    1.2847989503e+01
    4.2080495613e+00
   -7.5984079956e+01
    5.8080225154e+01
    8.0887420000e+01
   -7.5180065719e+01
   -5.6787797822e+01
   -5.1424709448e+00
   -2.0848615013e+01
    4.7505585639e+01
    6.1576832619e+00
    1.4284393034e+01
    2.4905306314e+01
    1.0666706145e+01
    5.8989127992e+00
    1.4976029552e-01
   -2.7685591193e+01
    5.6638396185e+00
   -2.4310472354e+00
    2.4343117412e+01
    8.2855470544e+00
    1.0769364667e+01
   -1.5328303099e+01
   -1.9469558499e+01
   -4.8798224341e+00
    1.2493533213e+01
   -1.9827244902e+01
   -1.6501566845e+01
    1.2161660122e+01
    1.6702851124e+01
    1.1229105208e+01
    6.4749188853e+00
   -1.4640345910e+01
   -1.0229223538e+01
   -2.9071632231e+00
    1.9835869507e+00
    5.5507434557e+00
    9.3551872619e+00
   -2.1014412642e+01
    3.0994327738e+00
    1.1019857136e+01
   -4.7324265411e+00
    1.2639076085e+01
    2.2708322336e+00
   -7.1805980488e+00
   -1.2813661947e+01
   -7.1661041440e+00
   -5.5951695786e-01
    7.9064844364e+00
    8.3789355953e+00
    1.7897132564e+00
   -8.6864762691e+00
   -5.4725296107e+00
   -1.0254575883e+01
    7.3422759442e+00
   -1.8350800709e+00
   -6.2891032095e+00
    2.8760294778e+00
    6.5909973650e-01
   -1.3817850142e-01
   -4.7410039751e-01
    4.7334474248e+00
   -2.5422306140e-01
    4.3684802746e+00
    2.2516843116e+00
   -7.4461715673e+00
   -4.7190600833e-01
   -8.5040866885e-01
    2.1189000120e+00
   -4.0819235482e+00
    2.8406758251e+00
   -2.3414306562e+00
   -1.2712246787e+00
   -1.7706330253e+00
   -3.0147582369e+00
   -8.4621820165e+00
    3.1083475438e+00
   -1.4135854302e+00
   -1.3776241254e-01
   -2.2335724198e+00
    1.7234740033e+00
    1.7722303103e+00
   -6.1503326363e-01
   -6.2182606523e-01
   -1.5106667708e+00
    6.0529188084e-01
    8.4395834323e-01
   -7.6811249386e-01
   -3.0697881268e-01
    3.3679494502e-01
   -2.4362657171e+00
    1.7486602092e+00
   -1.3355344822e+00
    4.5067142321e-02
   -2.2552293683e+00
    6.6311662322e-01
   -1.9726425636e+00
    3.6057962864e+00
   -2.0321792135e+00
   -1.9941087034e+00
   -1.9742945091e-01
   -1.0317833498e+00
    2.8739344647e-01
    3.6629395898e-01
    1.1494465412e+00
    2.0719407182e+00
   -6.8450579773e-01
   -2.4048490843e+00
    9.3142814958e-01
    4.2851876299e-01
   -4.9766125967e-02
    6.4859021500e-01
    5.2503193674e-01
   -4.1318149655e-02
   -4.0330223427e-01
    1.4787930750e-01
   -3.9172586520e-01
    2.4892504745e-01
    2.4512691372e-01
   -8.7451433518e-01
   -8.0787914498e-01
   -1.9588054037e-01
    2.4982098818e-02
    8.1998258920e-01
   -4.6387230753e-02
   -9.0150470145e-01
   -8.8478704571e-01
    2.7986457370e-01
    3.4524608013e-01
    4.6096943768e-01
    1.6935122647e+00
   -4.4096875309e-01
   -5.7407640073e-01
    1.0410269318e+00
   -1.1730824436e+00
   -2.7231845982e-01
   -8.5784791546e-02
    7.9523593183e-01
    4.9471468876e-01
   -1.6131772364e-01
    4.5082834349e-02
    3.5366135282e-01
    4.7180178845e-01
    4.4742372998e-02
    4.5393330608e-01
    4.2683682928e-01
   -2.4245956740e-01
   -3.0515329550e-01
   -4.8585255960e-01
   -3.1381665880e-01
   -7.6509702653e-01
   -3.1798822727e-01
    3.1065334398e-01
    3.8205916563e-01
   -3.2987577836e-01
   -6.6412052700e-01
   -1.6954478247e-01
    4.7951018422e-01
   -6.1768843176e-02
    4.5877405106e-01
    2.1946101763e-01
   -9.5469472323e-02
   -2.8133867611e-02
    3.2909915864e-01
   -1.3897715721e-01
    3.3131693713e-01
    2.9357239683e-01
    1.3196296494e-01
    1.1322181810e-02
    3.7032342378e-01
    6.8723186755e-01
    1.0453677925e-01
   -3.1381877351e-01
    1.6041086513e-01
    3.1140744728e-01
    2.1496471929e-02
    2.1980716578e-01
   -2.6528202066e-01
   -5.7991028871e-02
   -4.0829269854e-01
    2.3072372881e-01
    4.5057599041e-01
    6.7390045451e-01
    9.1120170506e-02
    6.0389181447e-02
    4.3073364283e-01
    2.3330283490e-01
   -1.0985301762e-01
    3.1275437778e-02
    1.1173119156e-01
    1.4045697835e-02
   -1.1590084673e-01
    1.0471265100e-01
   -1.1043527380e-01
    2.8577826870e-01
    1.2119131152e-01
   -1.8596824091e-01
   -2.6641820728e-01
    1.2104874655e-01
   -1.8439021463e-01
    1.4231904231e-02
    2.3060512693e-01
   -1.2168795403e-01
   -4.2575800459e-02
   -2.7246048890e-01
   -6.6371131188e-02
    1.2415522864e-01
    1.4386854284e-01
   -4.5252085005e-02
   -3.1334203644e-01
   -7.2211768289e-02
   -1.2163949728e-01
    1.1452745301e-01
    4.1734956603e-01
   -3.2460688840e-01
    1.2697958970e-01
    8.1186292348e-02
    2.9446767634e-01
   -3.6303541984e-04
   -5.7346239479e-02
    2.9386180953e-02
   -1.2499871603e-01
    8.5097418489e-02
   -4.6262307136e-02
   -1.7854140334e-02
   -7.9950995725e-02
    2.0007370742e-01
    5.8446613560e-03
   -2.0228500352e-01
    1.3908111352e-02
    2.1049598190e-01
   -1.1508514177e-01
    2.0854692682e-01
   -3.4293552088e-02
   -2.0574664076e-02
   -1.2916181623e-01
   -1.3570753249e-01
   -1.1744021252e-01
   -6.7896310338e-02
    2.1850176494e-01
   -1.4269626970e-02
   -1.4875894249e-02
   -1.2043360498e-01
   -1.2544945340e-01
   -2.1958407198e-02
   -3.4149554062e-03
    2.1386913918e-01
    3.2213791846e-02
   -2.2089338710e-01
    3.4393174116e-01
   -5.6966086379e-02
    2.3821154391e-01
   -1.1090899169e-01
    1.2460332281e-02
   -2.5353777617e-01
    1.5828576716e-02
   -3.3517985820e-02
   -5.8672672836e-02
   -2.9342593757e-01
    1.5664329097e-01
    1.4029410299e-02
    9.4968632205e-02
   -4.9946937759e-02
    5.0687625394e-03
   -5.6101705812e-02
   -1.4202244152e-01
    1.2897042014e-01
   -1.2636358900e-01
    1.1269958116e-01
    7.0500318230e-03
   -4.9573000283e-02
    2.1201493537e-02
   -5.5764812134e-02
    4.5452841408e-02
    1.0861149526e-01
    3.0054060388e-02
   -3.4431547473e-01
   -1.4916023861e-01
   -1.6300897084e-02
    2.0169717946e-01
    6.5526259534e-02
    1.6100115696e-01
    1.1341470019e-01
    1.4818784636e-01
    1.7947961133e-01
   -1.3037699717e-01
   -7.9909658367e-02
    8.3485193562e-02
    8.6864777821e-02
   -4.4175561737e-02
    1.8352698449e-01
    8.4668311109e-02
   -3.6237879792e-02
   -2.1032094827e-01
    4.0317274974e-02
   -1.2511937414e-01
   -5.3269089092e-02
   -1.3441609853e-01
    1.1729541978e-01
    1.6469281478e-01
   -1.2247979215e-02
    1.1073748035e-01
   -6.0160418621e-02
   -1.2469105578e-01
   -3.2782548270e-02
   -4.9764090560e-02
   -8.2357719956e-04
    1.4535220268e-01
    2.9105685376e-02
   -5.7184513781e-02
   -1.0655564016e-02
    5.3918027369e-02
    1.3509539638e-01
   -5.8240894840e-02
   -3.7376369798e-02
    1.0601504299e-01
   -5.5714457438e-02
    4.0448230996e-01
    1.6822413944e-01
   -4.3891632236e-02
    1.4313017409e-03
    1.0257136846e-01
   -6.5080417330e-02
    5.5677777517e-02
    8.6207687819e-02
    6.6123547579e-02
   -3.4841542756e-01
   -5.0576505999e-03
   -2.0647902894e-02
    1.0557181573e-01
   -1.6392955998e-01
   -2.2948484399e-03
   -1.6639032359e-02
    1.0116457060e-01
   -4.3318680625e-02
   -7.2412677724e-02
    8.7960075488e-02
    3.4448891129e-02
    1.7313452272e-01
   -9.8987058581e-02
    1.3564396700e-02
   -1.6845084109e-02
    6.5834287870e-02
    8.8565558092e-02
   -1.2093949924e-01
    1.3801854848e-01
    1.0212084849e-01
    6.0169258125e-02
   -4.1116207899e-02
   -2.4691054510e-02
   -4.9139768013e-03
    7.0387974295e-02
   -8.7575438040e-02
   -6.0867458864e-02
   -1.8770042824e-02
   -3.3630319012e-02
    1.9716036913e-01
    7.9609831466e-02
   -4.1144742479e-02
    2.3387491209e-01
    2.0064356143e-01
    4.8759709941e-02
   -2.1507551077e-01
   -3.4096672980e-01
    3.0514081140e-01
    7.3083882224e-02
    2.3718321407e-01
    1.0593678447e-01
   -8.2996710290e-02
    1.2371131056e-01
   -2.3134411549e-02
   -1.6827158392e-01
    6.1188545172e-02
   -1.7335689732e-01
    5.6310512230e-02
   -5.7314770351e-02
   -1.6004105453e-01
    2.6591611961e-02
   -1.5789983580e-02
    7.3372936129e-03
   -7.7709137412e-02
    2.9513252935e-02
    5.7301523108e-02
   -1.3903436000e-01
   -5.7945947582e-03
    2.0957963320e-02
    1.6796018879e-02
    6.1937734042e-02
   -1.8638566910e-02
    3.5529958518e-02
   -1.4614523155e-01
    1.5689125417e-01
    5.2647244428e-02
    1.1586002413e-02
   -5.4593379869e-03
   -9.5726823809e-02
   -2.9473265195e+04
   -1.5544368969e+03
    4.8784664445e+03
   -2.4175402940e+03
    3.0209045379e+03
   -2.7648375188e+03
    1.6709249460e+03
   -6.0170439127e+02
    1.3426802186e+03
   -2.3361186261e+03
   -1.4000501254e+02
    1.2283059310e+03
    2.4683693121e+02
    6.1165540311e+02
   -5.4188795523e+02
    9.1021106742e+02
    8.1207543548e+02
    2.8565508605e+02
    1.4710678624e+02
   -2.0303230363e+02
   -3.4648996180e+02
    1.7161154850e+02
    8.1879847497e+01
   -3.1517449218e+02
   -2.3199043086e+02
    3.5865478527e+02
    4.5674864523e+01
    1.9652147248e+02
    1.9223840039e+02
   -1.4096531389e+02
   -1.1679094224e+02
   -1.6066696346e+02
    6.7285835574e+00
   -5.7731818138e+00
    9.9932950567e+01
    7.1451656795e+01
    6.8233014451e+01
   -2.1293504507e+01
    7.4623421473e+01
    3.9559986416e+01
   -1.3668250186e+02
    6.0573805511e+01
   -2.5399833581e+01
   -6.6915865318e+01
    1.2776210822e+01
    4.6254052992e+00
   -7.5208547584e+01
    5.9021195870e+01
    8.1000924732e+01
   -7.5289101142e+01
   -5.6432236916e+01
   -5.2890191689e+00
   -2.0716012464e+01
    4.8190647353e+01
    6.0543818021e+00
    1.4396882787e+01
    2.4891469014e+01
    1.0706499002e+01
    5.5480198405e+00
   -3.2318574207e-01
   -2.7619811351e+01
    5.9385591993e+00
   -2.2031469970e+00
    2.4306385635e+01
    8.3472539623e+00
    1.0716200436e+01
   -1.5558834704e+01
   -1.9285442016e+01
   -4.6676338968e+00
    1.2641410074e+01
   -1.9966385196e+01
   -1.6208006343e+01
    1.2359467681e+01
    1.6671885906e+01
    1.1301836167e+01
    6.3104525420e+00
   -1.4824618046e+01
   -1.0083124051e+01
   -2.7439924851e+00
    1.9865571303e+00
    5.5346888515e+00
    9.2921630614e+00
   -2.1132635521e+01
    3.0413814400e+00
    1.0923944188e+01
   -4.5400020047e+00
    1.2574764404e+01
    2.0024293265e+00
   -7.1701199066e+00
   -1.2937673381e+01
   -7.1259052879e+00
   -4.9873986951e-01
    7.8701414843e+00
    8.3935379373e+00
    1.6612733108e+00
   -8.7536194738e+00
   -5.2648559125e+00
   -1.0306843169e+01
    7.4911340228e+00
   -1.8449844844e+00
   -6.2874549412e+00
    2.9238967347e+00
    5.8226490115e-01
   -1.6715772826e-01
   -3.1386263065e-01
    4.7343094030e+00
   -2.9088220015e-01
    4.3496579158e+00
    2.1782659165e+00
   -7.5145783419e+00
   -5.0583006235e-01
   -8.0886248225e-01
    2.1080374447e+00
   -4.1174605781e+00
    2.7486609950e+00
   -2.4333578537e+00
   -1.3604779537e+00
   -1.6987912524e+00
   -3.0911504842e+00
   -8.5132375934e+00
    3.1072918678e+00
   -1.4042645986e+00
   -1.6018689348e-01
   -2.2561674480e+00
    1.7605477740e+00
    1.8150557111e+00
   -6.1517670029e-01
   -6.5538139459e-01
   -1.4329072313e+00
    6.1943627498e-01
    8.3670826701e-01
   -7.5824020282e-01
   -2.8077606033e-01
    3.1335285220e-01
   -2.3990493296e+00
    1.7387257900e+00
   -1.3490679842e+00
    1.9698002159e-02
   -2.2982051802e+00
    6.3964363396e-01
   -1.9805506654e+00
    3.5864599185e+00
   -2.0917553442e+00
   -1.9888221534e+00
   -1.9060819839e-01
   -1.0581489285e+00
    2.9632837718e-01
    3.7566557398e-01
    1.1659551711e+00
    2.0412515398e+00
   -7.0946429236e-01
   -2.3738422440e+00
    9.2558478286e-01
    4.0830564752e-01
   -2.8018400850e-02
    6.6388829414e-01
    5.2769442805e-01
   -4.6612537881e-02
   -4.0109785850e-01
    1.5944142430e-01
   -3.9773511836e-01
    2.4707883190e-01
    2.4981508401e-01
   -8.8056921394e-01
   -8.2686527177e-01
   -1.8403044457e-01
    2.1794414060e-02
    8.0671125457e-01
   -3.9054568765e-02
   -9.0281707844e-01
   -8.8903148411e-01
    2.8941592971e-01
    3.5595924974e-01
    4.7910587788e-01
    1.6830131151e+00
   -4.4119557878e-01
   -5.6772181920e-01
    1.0285547983e+00
   -1.1809236745e+00
   -2.6046668499e-01
   -9.0166815568e-02
    7.9683532494e-01
    4.8238940529e-01
   -1.5665203359e-01
    2.9658106272e-02
    3.5398181134e-01
    4.7031431584e-01
    5.0698663891e-02
    4.5786841370e-01
    4.3192235164e-01
   -2.4433242719e-01
   -3.1588559602e-01
   -4.7524208405e-01
   -3.2483269089e-01
   -7.5723668800e-01
   -3.1733495525e-01
    3.1099447969e-01
    3.8163108477e-01
   -3.3606540965e-01
   -6.6250577884e-01
   -1.6790174224e-01
    4.8199132070e-01
   -5.9742086789e-02
    4.6326417018e-01
    2.2306123197e-01
   -9.7109963023e-02
   -2.5064804992e-02
    3.2864013888e-01
   -1.3827095112e-01
    3.3485681322e-01
    2.9530135089e-01
    1.2475544749e-01
    1.6077234623e-02
    3.7043447154e-01
    6.8784269883e-01
    9.5449095744e-02
   -3.0744683739e-01
    1.6545476350e-01
    3.1456198264e-01
    1.2455142117e-02
    2.1712357650e-01
   -2.6781536749e-01
   -7.8561879561e-02
   -4.0944304082e-01
    2.3002854852e-01
    4.5124448954e-01
    6.7496258002e-01
    9.0404471291e-02
    6.1870408672e-02
    4.3082747495e-01
    2.3423489087e-01
   -1.1725201172e-01
    3.2289516615e-02
    1.1314512809e-01
    1.5552394837e-02
   -1.1570838140e-01
    1.0631073976e-01
   -1.0765602107e-01
    2.8677952905e-01
    1.1804513954e-01
   -1.8316288863e-01
   -2.6625808709e-01
    1.2228480564e-01
   -1.8229031726e-01
    1.6593893684e-02
    2.2920470552e-01
   -1.2561205169e-01
   -4.1867970054e-02
   -2.6769790442e-01
   -6.3159248331e-02
    1.1774191331e-01
    1.4551990337e-01
   -4.9308159345e-02
   -3.2230105782e-01
   -6.8015682502e-02
   -1.2386187495e-01
    1.1377452226e-01
    4.2031386685e-01
   -3.2400547760e-01
    1.2581545702e-01
    8.1293241359e-02
    2.9543308493e-01
   -3.0362660667e-03
   -5.6389983666e-02
    2.8726879446e-02
   -1.2665630091e-01
    8.3903321445e-02
   -4.4694669913e-02
   -1.7616468083e-02
   -8.0224272938e-02
    2.0010937794e-01
    6.8789577975e-03
   -2.0328918155e-01
    1.5050858422e-02
    2.1004044593e-01
   -1.1332861279e-01
    2.0881152020e-01
   -3.4737998301e-02
   -2.3639767947e-02
   -1.2891282719e-01
   -1.3688208871e-01
   -1.1637946479e-01
   -6.4997034718e-02
    2.1587799140e-01
   -1.4162643234e-02
   -1.5031452323e-02
   -1.2408674197e-01
   -1.2006373316e-01
   -2.2822161237e-02
   -3.5517326781e-03
    2.1571621798e-01
    3.1022520141e-02
   -2.2043153329e-01
    3.4373065125e-01
   -5.6680823346e-02
    2.3764443952e-01
   -1.0984156780e-01
    1.3497398331e-02
   -2.5455836482e-01
    1.5283803428e-02
   -3.3344676138e-02
   -5.8617410323e-02
   -2.9327904966e-01
    1.5627882364e-01
    1.4509942684e-02
    9.5431423081e-02
   -4.9496390661e-02
    5.1343635128e-03
   -5.5071118279e-02
   -1.4160887278e-01
    1.2819711324e-01
   -1.2548038137e-01
    1.1175598054e-01
    5.7487926418e-03
   -4.8828412596e-02
    2.0153043707e-02
   -5.3785261182e-02
    4.7286533920e-02
    1.0799647764e-01
    2.9696280586e-02
   -3.4279082261e-01
   -1.5042700432e-01
   -1.4132589539e-02
    2.0079909194e-01
    6.5795954747e-02
    1.6188945229e-01
    1.1348276561e-01
    1.4762119340e-01
    1.7934989832e-01
   -1.3058358372e-01
   -8.0156317339e-02
    8.3718213228e-02
    8.7975423052e-02
   -4.5072884987e-02
    1.8361764360e-01
    8.4915214711e-02
   -3.5743937875e-02
   -2.1045045551e-01
    4.0035482422e-02
   -1.2449195887e-01
   -5.3127225866e-02
   -1.3491776490e-01
    1.1762446223e-01
    1.6543192411e-01
   -1.1903018483e-02
    1.1089092172e-01
   -5.9679097151e-02
   -1.2458287832e-01
   -3.1762631152e-02
   -4.9961397366e-02
   -1.1110145127e-03
    1.4526666139e-01
    2.8155975053e-02
   -5.6358428105e-02
   -1.1133259489e-02
    5.2797830176e-02
    1.3321985520e-01
   -5.8945346928e-02
   -3.6635932940e-02
    1.0740884484e-01
   -5.6191215737e-02
    4.0454638017e-01
    1.6858411231e-01
   -4.4059394921e-02
    1.1467637323e-03
    1.0240102582e-01
   -6.4754409189e-02
    5.5818079245e-02
    8.6097326576e-02
    6.6624844559e-02
   -3.4853179184e-01
   -4.8285306769e-03
   -2.1000191267e-02
    1.0562427308e-01
   -1.6393316889e-01
   -2.1553750848e-03
   -1.6616127698e-02
    1.0109246119e-01
   -4.3234945058e-02
   -7.2195572678e-02
    8.7643513995e-02
    3.4360626691e-02
    1.7323244201e-01
   -9.8699393434e-02
    1.3764022251e-02
   -1.7026092849e-02
    6.5807953073e-02
    8.8931457712e-02
   -1.2128258597e-01
    1.3849150104e-01
    1.0236104210e-01
    5.9797194793e-02
   -4.0603378574e-02
   -2.4228768535e-02
   -5.2946463884e-03
    6.9542979998e-02
   -8.7624575450e-02
   -6.0614584155e-02
   -1.7920019170e-02
   -3.3783963784e-02
    1.9694781604e-01
    8.0460670246e-02
   -4.0604129045e-02
    2.3348864111e-01
    2.0039507673e-01
    4.8786329908e-02
   -2.1510157004e-01
   -3.4061491278e-01
    3.0558407066e-01
    7.2940319475e-02
    2.3718271817e-01
    1.0572230601e-01
   -8.2958281148e-02
    1.2393252101e-01
   -2.3077354836e-02
   -1.6837787408e-01
    6.0930998567e-02
   -1.7349574547e-01
    5.6308260027e-02
   -5.7152803705e-02
   -1.6008751239e-01
    2.6514287607e-02
   -1.5946022366e-02
    7.3335515259e-03
   -7.8083257036e-02
    2.9577522551e-02
    5.7229772609e-02
   -1.3924300476e-01
   -5.9235570418e-03
    2.1045635373e-02
    1.6628876611e-02
    6.2206499706e-02
   -1.8522842695e-02
    3.5145066104e-02
   -1.4595207646e-01
    1.5708637060e-01
    5.1993836496e-02
    1.1337649612e-02
   -6.1019124388e-03
   -9.5321908724e-02
   -2.9467627754e+04
   -1.5455118353e+03
    4.8628599302e+03
   -2.4224989748e+03
    3.0197836423e+03
   -2.7793075469e+03
    1.6719304737e+03
   -6.0814290698e+02
    1.3435752874e+03
   -2.3387511599e+03
   -1.3550506044e+02
    1.2274333135e+03
    2.4618015288e+02
    6.0639316786e+02
   -5.4221772534e+02
    9.0966733875e+02
    8.1259112001e+02
    2.8544857612e+02
    1.4236431801e+02
   -2.0081154460e+02
   -3.4431585864e+02
    1.7327262382e+02
    8.0037922558e+01
   -3.1709719451e+02
   -2.3218225734e+02
    3.5890828120e+02
    4.5962160269e+01
    1.9573754161e+02
    1.9298841733e+02
   -1.4091048371e+02
   -1.1675003572e+02
   -1.6014802060e+02
    8.2987102397e+00
   -4.8615036991e+00
    9.9881154978e+01
    7.1170404286e+01
    6.8170060444e+01
   -2.1363831379e+01
    7.4325707969e+01
    3.8462194379e+01
   -1.3548472419e+02
    6.0316872334e+01
   -2.5998634291e+01
   -6.6973243054e+01
    1.2715668434e+01
    5.0574714853e+00
   -7.4405652369e+01
    5.9846775849e+01
    8.1102746613e+01
   -7.5405459499e+01
   -5.6087537096e+01
   -5.4826112639e+00
   -2.0577176901e+01
    4.8834146928e+01
    5.9537743385e+00
    1.4520542419e+01
    2.4859659020e+01
    1.0682281405e+01
    5.1990043212e+00
   -7.6976635337e-01
   -2.7552031188e+01
    6.1705939139e+00
   -2.0136519573e+00
    2.4265855578e+01
    8.4190812777e+00
    1.0631364997e+01
   -1.5796978322e+01
   -1.9105556425e+01
   -4.4308302146e+00
    1.2780509699e+01
   -2.0094229565e+01
   -1.5920929381e+01
    1.2552261619e+01
    1.6618206739e+01
    1.1363276698e+01
    6.1597537189e+00
   -1.5019620346e+01
   -9.9301900415e+00
   -2.5859352414e+00
    1.9711157507e+00
    5.5201174157e+00
    9.2250659302e+00
   -2.1267104077e+01
    3.0034135785e+00
    1.0842687427e+01
   -4.3382890937e+00
    1.2491844360e+01
    1.7442703814e+00
   -7.1418137125e+00
   -1.3042823069e+01
   -7.0962033934e+00
   -4.3491796099e-01
    7.8377746398e+00
    8.4229458962e+00
    1.5334466113e+00
   -8.8090534030e+00
   -5.0444865644e+00
   -1.0352369032e+01
    7.6551423285e+00
   -1.8571362314e+00
   -6.2880580408e+00
    2.9683155895e+00
    5.0215692586e-01
   -1.9919975497e-01
   -1.5440228374e-01
    4.7328948638e+00
   -3.3130893988e-01
    4.3360769632e+00
    2.1032771484e+00
   -7.5859611664e+00
   -5.3577681067e-01
   -7.6772183282e-01
    2.1009842487e+00
   -4.1411303392e+00
    2.6661040853e+00
   -2.5125519289e+00
   -1.4498791077e+00
   -1.6178537479e+00
   -3.1760095400e+00
   -8.5594555012e+00
    3.1057287002e+00
   -1.3973741443e+00
   -1.8184707828e-01
   -2.2775429596e+00
    1.7982343735e+00
    1.8544270002e+00
   -6.1436034082e-01
   -6.8836074015e-01
   -1.3567240263e+00
    6.2932812907e-01
    8.2746147628e-01
   -7.4512645591e-01
   -2.5610216824e-01
    2.8806654350e-01
   -2.3553410882e+00
    1.7325307440e+00
   -1.3630564809e+00
   -8.5095903032e-03
   -2.3383568464e+00
    6.1453550090e-01
   -1.9882086773e+00
    3.5753985450e+00
   -2.1467993379e+00
   -1.9832346603e+00
   -1.8517563595e-01
   -1.0842464136e+00
    3.0647051449e-01
    3.8420344039e-01
    1.1822785013e+00
    2.0088767727e+00
   -7.3303742990e-01
   -2.3418344882e+00
    9.1797602859e-01
    3.8689980024e-01
   -5.7955400151e-03
    6.7792525889e-01
    5.3088336444e-01
   -5.3161657314e-02
   -3.9653714425e-01
    1.7367686625e-01
   -4.0541861512e-01
    2.4737198187e-01
    2.4958271975e-01
   -8.8559422886e-01
   -8.4577358700e-01
   -1.7467409936e-01
    1.7269779003e-02
    7.9336727945e-01
   -3.1292996822e-02
   -9.0393050855e-01
   -8.9313075779e-01
    2.9879022493e-01
    3.6736856454e-01
    4.9808734100e-01
    1.6714079037e+00
   -4.3988606774e-01
   -5.6054009121e-01
    1.0163281683e+00
   -1.1883871161e+00
   -2.4821022670e-01
   -9.3787975342e-02
    7.9907949933e-01
    4.6924310329e-01
   -1.5150414594e-01
    1.5011300095e-02
    3.5595507630e-01
    4.7019200756e-01
    5.5115486351e-02
    4.6189173091e-01
    4.3740651867e-01
   -2.4767351308e-01
   -3.2549294926e-01
   -4.6519356412e-01
   -3.3503116287e-01
   -7.5086689905e-01
   -3.1663085546e-01
    3.1147182995e-01
    3.8169586778e-01
   -3.4155927716e-01
   -6.6053125350e-01
   -1.6598629917e-01
    4.8374175170e-01
   -5.7527917042e-02
    4.6869622345e-01
    2.2721241620e-01
   -9.8989472344e-02
   -2.1762632404e-02
    3.2854501862e-01
   -1.3736190246e-01
    3.3858326013e-01
    2.9726037368e-01
    1.1778863069e-01
    2.0901319527e-02
    3.7137142390e-01
    6.8784165897e-01
    8.6829201072e-02
   -3.0111005219e-01
    1.7046509017e-01
    3.1806221469e-01
    3.3045332807e-03
    2.1441920396e-01
   -2.7027330845e-01
   -9.8039974303e-02
   -4.1018277168e-01
    2.2898317770e-01
    4.5208839675e-01
    6.7605634616e-01
    8.9540237916e-02
    6.3335907388e-02
    4.3101387668e-01
    2.3524504793e-01
   -1.2474165423e-01
    3.3398745789e-02
    1.1445938955e-01
    1.7180629379e-02
   -1.1535462189e-01
    1.0789309385e-01
   -1.0494923899e-01
    2.8755982932e-01
    1.1499681607e-01
   -1.8033414006e-01
   -2.6618840935e-01
    1.2354045113e-01
   -1.8029531683e-01
    1.8905445754e-02
    2.2750821129e-01
   -1.2967265789e-01
   -4.0907776305e-02
   -2.6303937640e-01
   -5.9926590355e-02
    1.1128996413e-01
    1.4694205155e-01
   -5.3409763107e-02
   -3.3058943528e-01
   -6.2925851918e-02
   -1.2621740437e-01
    1.1304647111e-01
    4.2310982092e-01
   -3.2352371754e-01
    1.2465758016e-01
    8.1338827449e-02
    2.9624779088e-01
   -5.9050301675e-03
   -5.5477094800e-02
    2.7965343120e-02
   -1.2850225185e-01
    8.2738907771e-02
   -4.3134300416e-02
   -1.7381752101e-02
   -8.0631296884e-02
    2.0025592079e-01
    8.0244726171e-03
   -2.0429725110e-01
    1.6160259010e-02
    2.0953771506e-01
   -1.1157903201e-01
    2.0912067479e-01
   -3.5229415719e-02
   -2.6656615817e-02
   -1.2857213798e-01
   -1.3805798377e-01
   -1.1520028227e-01
   -6.2228835390e-02
    2.1296915639e-01
   -1.4272514956e-02
   -1.5453545672e-02
   -1.2751262188e-01
   -1.1460240625e-01
   -2.3710442129e-02
   -3.6509858542e-03
    2.1752188618e-01
    2.9787100753e-02
   -2.2003855304e-01
    3.4355062129e-01
   -5.6364571331e-02
    2.3713312800e-01
   -1.0883768296e-01
    1.4328811136e-02
   -2.5568780316e-01
    1.4785330024e-02
   -3.3161683900e-02
   -5.8669229238e-02
   -2.9305962533e-01
    1.5586827305e-01
    1.5068708498e-02
    9.5864995104e-02
   -4.9074577086e-02
    5.1863447984e-03
   -5.4073926203e-02
   -1.4118701492e-01
    1.2738855351e-01
   -1.2462834590e-01
    1.1080906328e-01
    4.4306439257e-03
   -4.8004285067e-02
    1.9118019265e-02
   -5.1800489501e-02
    4.9090951034e-02
    1.0720646833e-01
    2.9255637132e-02
   -3.4120257797e-01
   -1.5167714038e-01
   -1.1708712745e-02
    1.9987264060e-01
    6.6021774813e-02
    1.6282619958e-01
    1.1354282101e-01
    1.4705410394e-01
    1.7921148571e-01
   -1.3078695943e-01
   -8.0402223704e-02
    8.3973001365e-02
    8.9031077773e-02
   -4.5968558492e-02
    1.8374995682e-01
    8.5161194743e-02
   -3.5252923672e-02
   -2.1053413391e-01
    3.9762140519e-02
   -1.2384446084e-01
   -5.3015980325e-02
   -1.3540530518e-01
    1.1794229712e-01
    1.6611419921e-01
   -1.1560559206e-02
    1.1104716626e-01
   -5.9153550354e-02
   -1.2444842864e-01
   -3.0783750331e-02
   -5.0166491084e-02
   -1.4268762383e-03
    1.4513681456e-01
    2.7198670995e-02
   -5.5506957384e-02
   -1.1619766967e-02
    5.1720430514e-02
    1.3131966166e-01
   -5.9535299356e-02
   -3.5757452247e-02
    1.0879630901e-01
   -5.6674675556e-02
    4.0461872654e-01
    1.6893089825e-01
   -4.4220861702e-02
    8.5233910156e-04
    1.0223456013e-01
   -6.4377450442e-02
    5.6003624799e-02
    8.6012222570e-02
    6.7122399077e-02
   -3.4867307000e-01
   -4.6354017238e-03
   -2.1311487568e-02
    1.0567885621e-01
   -1.6391501925e-01
   -2.0619134423e-03
   -1.6579212963e-02
    1.0101117064e-01
   -4.3139490766e-02
   -7.1998623284e-02
    8.7358566689e-02
    3.4279336826e-02
    1.7331438040e-01
   -9.8426212992e-02
    1.3948116032e-02
   -1.7197123436e-02
    6.5806276983e-02
    8.9302881204e-02
   -1.2162446407e-01
    1.3895848253e-01
    1.0253332402e-01
    5.9400246649e-02
   -4.0082533343e-02
   -2.3768202433e-02
   -5.6322096237e-03
    6.8695706572e-02
   -8.7674728890e-02
   -6.0378311561e-02
   -1.7098014030e-02
   -3.3953125151e-02
    1.9673755589e-01
    8.1304678375e-02
   -4.0071206211e-02
    2.3310665054e-01
    2.0015377277e-01
    4.8823650161e-02
   -2.1514055753e-01
   -3.4027275534e-01
    3.0602301596e-01
    7.2795084140e-02
    2.3717825028e-01
    1.0549793325e-01
   -8.2928895041e-02
    1.2414053748e-01
   -2.3014750120e-02
   -1.6848668686e-01
    6.0667745772e-02
   -1.7364165553e-01
    5.6299235368e-02
   -5.6993677346e-02
   -1.6013415717e-01
    2.6432485275e-02
   -1.6100018482e-02
    7.3338467190e-03
   -7.8460559343e-02
    2.9647012835e-02
    5.7172056956e-02
   -1.3944449604e-01
   -6.0691703571e-03
    2.1164035914e-02
    1.6461742603e-02
    6.2497007174e-02
   -1.8395773512e-02
    3.4810215075e-02
   -1.4576739326e-01
    1.5727843474e-01
    5.1359465452e-02
    1.1108166936e-02
   -6.7241968828e-03
   -9.4942782309e-02
   -2.9462095172e+04
   -1.5363106756e+03
    4.8479008257e+03
   -2.4274421860e+03
    3.0186569223e+03
   -2.7936420546e+03
    1.6728910961e+03
   -6.1509285021e+02
    1.3448112371e+03
   -2.3415343596e+03
   -1.3113311459e+02
    1.2269000863e+03
    2.4572074533e+02
    6.0117225564e+02
   -5.4187402602e+02
    9.0923190898e+02
    8.1304190642e+02
    2.8517349407e+02
    1.3769304365e+02
   -1.9840580945e+02
   -3.4225468970e+02
    1.7494037323e+02
    7.8227166733e+01
   -3.1947551657e+02
   -2.3234200934e+02
    3.5915611390e+02
    4.6247670329e+01
    1.9498486691e+02
    1.9375495886e+02
   -1.4084679542e+02
   -1.1694016341e+02
   -1.5969286900e+02
    9.8404949125e+00
   -3.5711995342e+00
    1.0000329671e+02
    7.0894976440e+01
    6.8083336991e+01
   -2.1334982637e+01
    7.3993710714e+01
    3.7332117024e+01
   -1.3428097671e+02
    6.0043848935e+01
   -2.6621852826e+01
   -6.6944426522e+01
    1.2676886292e+01
    5.5193930065e+00
   -7.3650033998e+01
    6.0539776163e+01
    8.1182957343e+01
   -7.5528954360e+01
   -5.5744149988e+01
   -5.7307623772e+00
   -2.0423047601e+01
    4.9439883993e+01
    5.8637205149e+00
    1.4656610293e+01
    2.4810843633e+01
    1.0557091654e+01
    4.8432813132e+00
   -1.1931703361e+00
   -2.7495147095e+01
    6.3523485536e+00
   -1.8845732912e+00
    2.4215707001e+01
    8.4992768187e+00
    1.0518620835e+01
   -1.6041045937e+01
   -1.8935059768e+01
   -4.1660065998e+00
    1.2913082487e+01
   -2.0207161764e+01
   -1.5647835886e+01
    1.2730020760e+01
    1.6544562859e+01
    1.1425096842e+01
    6.0252570623e+00
   -1.5221983933e+01
   -9.7621674051e+00
   -2.4335911505e+00
    1.9638989799e+00
    5.5042634722e+00
    9.1558209265e+00
   -2.1412592866e+01
    2.9852532451e+00
    1.0775851008e+01
   -4.1262173186e+00
    1.2382976081e+01
    1.4996473815e+00
   -7.0921511134e+00
   -1.3123825998e+01
   -7.0692523699e+00
   -3.7058351128e-01
    7.8116842761e+00
    8.4644615317e+00
    1.4134027877e+00
   -8.8587049042e+00
   -4.8148904415e+00
   -1.0393691131e+01
    7.8249323043e+00
   -1.8706996141e+00
   -6.2925702915e+00
    3.0113690087e+00
    4.2011142874e-01
   -2.3382692040e-01
    5.4922092842e-03
    4.7255098167e+00
   -3.7468621448e-01
    4.3303214911e+00
    2.0263936238e+00
   -7.6595864719e+00
   -5.6370084288e-01
   -7.2875375009e-01
    2.0986791800e+00
   -4.1517949458e+00
    2.5918174166e+00
   -2.5800086246e+00
   -1.5378359920e+00
   -1.5263559784e+00
   -3.2673675600e+00
   -8.6006932177e+00
    3.1032502700e+00
   -1.3931446523e+00
   -2.0162567076e-01
   -2.2984026879e+00
    1.8369336714e+00
    1.8906851651e+00
   -6.1213691644e-01
   -7.1944387930e-01
   -1.2838005270e+00
    6.3386262547e-01
    8.1634794804e-01
   -7.3063509051e-01
   -2.3463481452e-01
    2.6155987047e-01
   -2.3061348555e+00
    1.7295141427e+00
   -1.3782828005e+00
   -4.1632878259e-02
   -2.3774347791e+00
    5.8490661010e-01
   -1.9958049732e+00
    3.5665090823e+00
   -2.1958441385e+00
   -1.9770753472e+00
   -1.8133371360e-01
   -1.1098969451e+00
    3.1777810093e-01
    3.9220979914e-01
    1.1986564791e+00
    1.9745419692e+00
   -7.5609543798e-01
   -2.3091490194e+00
    9.0868543991e-01
    3.6432392878e-01
    1.6335970718e-02
    6.9038140980e-01
    5.3435678949e-01
   -6.0810151615e-02
   -3.9033121459e-01
    1.9118910590e-01
   -4.1445097570e-01
    2.4896404126e-01
    2.4519896174e-01
   -8.8924217584e-01
   -8.6476784282e-01
   -1.6759146192e-01
    1.0881316661e-02
    7.8003669541e-01
   -2.2710337355e-02
   -9.0502316991e-01
   -8.9735781260e-01
    3.0801653663e-01
    3.7952904105e-01
    5.1763265515e-01
    1.6586708645e+00
   -4.3679161991e-01
   -5.5249264084e-01
    1.0045134232e+00
   -1.1957865200e+00
   -2.3576040013e-01
   -9.6588477327e-02
    8.0198480289e-01
    4.5536501843e-01
   -1.4585716546e-01
    1.7154485110e-03
    3.5953845182e-01
    4.7122648337e-01
    5.8029202819e-02
    4.6594802798e-01
    4.4315856215e-01
   -2.5284284138e-01
   -3.3420805389e-01
   -4.5552604870e-01
   -3.4417732191e-01
   -7.4588187017e-01
   -3.1574875649e-01
    3.1197616518e-01
    3.8240549701e-01
   -3.4623894714e-01
   -6.5816514207e-01
   -1.6393713821e-01
    4.8474515613e-01
   -5.5237110971e-02
    4.7502499256e-01
    2.3174730427e-01
   -1.0107010415e-01
   -1.8182952482e-02
    3.2882082603e-01
   -1.3624739916e-01
    3.4261406368e-01
    2.9937539990e-01
    1.1091103905e-01
    2.5622564633e-02
    3.7307915874e-01
    6.8726940270e-01
    7.8596641935e-02
   -2.9491958742e-01
    1.7559540054e-01
    3.2191774391e-01
   -6.2582935777e-03
    2.1160287878e-01
   -2.7267292122e-01
   -1.1569880086e-01
   -4.1059101124e-01
    2.2753197348e-01
    4.5313179142e-01
    6.7713536149e-01
    8.8464611591e-02
    6.4683397514e-02
    4.3123152503e-01
    2.3634749604e-01
   -1.3228079600e-01
    3.4591810059e-02
    1.1568097784e-01
    1.8878050427e-02
   -1.1479204788e-01
    1.0944557243e-01
   -1.0234409607e-01
    2.8807139867e-01
    1.1205679732e-01
   -1.7749564884e-01
   -2.6620243269e-01
    1.2475318328e-01
   -1.7845859504e-01
    2.1140146447e-02
    2.2554073421e-01
   -1.3380747143e-01
   -3.9703432532e-02
   -2.5853964195e-01
   -5.6635943315e-02
    1.0480616782e-01
    1.4809303205e-01
   -5.7499220515e-02
   -3.3827571880e-01
   -5.7208774684e-02
   -1.2867602855e-01
    1.1235047085e-01
    4.2571333842e-01
   -3.2319469901e-01
    1.2350540273e-01
    8.1305017576e-02
    2.9690882429e-01
   -8.9480287377e-03
   -5.4634746778e-02
    2.7108781791e-02
   -1.3051639248e-01
    8.1644271058e-02
   -4.1565569655e-02
   -1.7143555063e-02
   -8.1137491705e-02
    2.0051885359e-01
    9.2678556057e-03
   -2.0528928272e-01
    1.7222832154e-02
    2.0896021923e-01
   -1.0984008652e-01
    2.0947383770e-01
   -3.5782248874e-02
   -2.9626246447e-02
   -1.2814590797e-01
   -1.3924541302e-01
   -1.1393623267e-01
   -5.9554595087e-02
    2.0977841552e-01
   -1.4642876603e-02
   -1.6078736344e-02
   -1.3058398464e-01
   -1.0914212691e-01
   -2.4622421733e-02
   -3.7079599702e-03
    2.1926903429e-01
    2.8515177964e-02
   -2.1971969878e-01
    3.4338615799e-01
   -5.6011988524e-02
    2.3667004211e-01
   -1.0790342739e-01
    1.4959325353e-02
   -2.5691063022e-01
    1.4343589434e-02
   -3.2969482678e-02
   -5.8825224487e-02
   -2.9277439433e-01
    1.5540901990e-01
    1.5699434403e-02
    9.6260192805e-02
   -4.8679420782e-02
    5.2234915562e-03
   -5.3119754931e-02
   -1.4076493987e-01
    1.2654846598e-01
   -1.2380342943e-01
    1.0987051997e-01
    3.0994971521e-03
   -4.7126366572e-02
    1.8092220546e-02
   -4.9825973139e-02
    5.0862330565e-02
    1.0620822875e-01
    2.8711791408e-02
   -3.3956597337e-01
   -1.5285926636e-01
   -9.0160575894e-03
    1.9892268065e-01
    6.6197786808e-02
    1.6381133170e-01
    1.1359943379e-01
    1.4648518240e-01
    1.7906110993e-01
   -1.3097869781e-01
   -8.0638707390e-02
    8.4256474179e-02
    9.0027122184e-02
   -4.6856989425e-02
    1.8392554572e-01
    8.5409677381e-02
   -3.4770255055e-02
   -2.1057283587e-01
    3.9506860640e-02
   -1.2318104216e-01
   -5.2937133867e-02
   -1.3587886822e-01
    1.1824658726e-01
    1.6673545680e-01
   -1.1216118379e-02
    1.1120267910e-01
   -5.8587996783e-02
   -1.2428915964e-01
   -2.9848792241e-02
   -5.0385892434e-02
   -1.7575443613e-03
    1.4496550605e-01
    2.6239726994e-02
   -5.4619026533e-02
   -1.2102074074e-02
    5.0675677007e-02
    1.2940785794e-01
   -6.0020468322e-02
   -3.4750452972e-02
    1.1017382041e-01
   -5.7167406167e-02
    4.0470013554e-01
    1.6926533415e-01
   -4.4374659821e-02
    5.4670659092e-04
    1.0207327542e-01
   -6.3951867067e-02
    5.6227705910e-02
    8.5950181967e-02
    6.7611037057e-02
   -3.4883767329e-01
   -4.4787652945e-03
   -2.1582793991e-02
    1.0573305843e-01
   -1.6387324020e-01
   -2.0143847398e-03
   -1.6530343853e-02
    1.0092034015e-01
   -4.3031138370e-02
   -7.1822441317e-02
    8.7102471272e-02
    3.4202764164e-02
    1.7338208027e-01
   -9.8165350380e-02
    1.4115839417e-02
   -1.7357302259e-02
    6.5827226195e-02
    8.9677149873e-02
   -1.2196509181e-01
    1.3941688596e-01
    1.0263519911e-01
    5.8981957849e-02
   -3.9556806245e-02
   -2.3311858683e-02
   -5.9227677282e-03
    6.7858218814e-02
   -8.7725885656e-02
   -6.0154471948e-02
   -1.6302214843e-02
   -3.4137965721e-02
    1.9653033605e-01
    8.2141602448e-02
   -3.9545979714e-02
    2.3272990007e-01
    1.9992117812e-01
    4.8872281522e-02
   -2.1519084526e-01
   -3.3993933669e-01
    3.0645703210e-01
    7.2647794581e-02
    2.3716848704e-01
    1.0526254930e-01
   -8.2909723072e-02
    1.2433534306e-01
   -2.2946386058e-02
   -1.6859883263e-01
    6.0398155392e-02
   -1.7379404151e-01
    5.6284707564e-02
   -5.6836448540e-02
   -1.6018191940e-01
    2.6346425183e-02
   -1.6251997611e-02
    7.3372790046e-03
   -7.8841524347e-02
    2.9721912753e-02
    5.7129603074e-02
   -1.3963989202e-01
   -6.2317694344e-03
    2.1314159099e-02
    1.6296040661e-02
    6.2808199610e-02
   -1.8256768910e-02
    3.4524382144e-02
   -1.4559163806e-01
    1.5746842855e-01
    5.0748138179e-02
    1.0898495686e-02
   -7.3230950589e-03
   -9.4585810605e-02
   -2.9456377360e+04
   -1.5269257839e+03
    4.8335559283e+03
   -2.4324704028e+03
    3.0172708079e+03
   -2.8076763430e+03
    1.6738494449e+03
   -6.2208687779e+02
    1.3463594022e+03
   -2.3444189544e+03
   -1.2685391362e+02
    1.2265313756e+03
    2.4537844578e+02
    5.9617124329e+02
   -5.4104270995e+02
    9.0879505859e+02
    8.1332393633e+02
    2.8480629216e+02
    1.3305166963e+02
   -1.9588206861e+02
   -3.4036884494e+02
    1.7655284218e+02
    7.6378598916e+01
   -3.2217204472e+02
   -2.3246158807e+02
    3.5942226307e+02
    4.6492107768e+01
    1.9424341322e+02
    1.9453575888e+02
   -1.4081337234e+02
   -1.1741465067e+02
   -1.5921042080e+02
    1.1367266732e+01
   -1.8102621203e+00
    1.0012328111e+02
    7.0582952274e+01
    6.7952721087e+01
   -2.1203820754e+01
    7.3640108274e+01
    3.6203730431e+01
   -1.3307616914e+02
    5.9743843947e+01
   -2.7245646219e+01
   -6.6861336999e+01
    1.2695505920e+01
    6.0112660057e+00
   -7.2944595921e+01
    6.1129719314e+01
    8.1245781203e+01
   -7.5652355796e+01
   -5.5397750187e+01
   -6.0208567538e+00
   -2.0248796013e+01
    5.0033082751e+01
    5.7949103258e+00
    1.4789188495e+01
    2.4745125143e+01
    1.0315460508e+01
    4.4686791893e+00
   -1.6147871188e+00
   -2.7458565247e+01
    6.4920528245e+00
   -1.8617996832e+00
    2.4158224831e+01
    8.5828547075e+00
    1.0389838227e+01
   -1.6282051533e+01
   -1.8766811775e+01
   -3.8823841750e+00
    1.3034652349e+01
   -2.0305057998e+01
   -1.5387516234e+01
    1.2888989593e+01
    1.6455339971e+01
    1.1493441379e+01
    5.9077147440e+00
   -1.5428101382e+01
   -9.5836592578e+00
   -2.2981059421e+00
    1.9829087001e+00
    5.4860271363e+00
    9.0862689401e+00
   -2.1564991557e+01
    2.9782145843e+00
    1.0720694483e+01
   -3.9062807808e+00
    1.2244885128e+01
    1.2659660846e+00
   -7.0201996392e+00
   -1.3179056038e+01
   -7.0369935541e+00
   -3.0884852085e-01
    7.7930777899e+00
    8.5143165665e+00
    1.3043215600e+00
   -8.9091629263e+00
   -4.5787640551e+00
   -1.0436702158e+01
    7.9945626660e+00
   -1.8852166984e+00
   -6.3004370987e+00
    3.0564838428e+00
    3.3788257396e-01
   -2.6849494612e-01
    1.6574602336e-01
    4.7076014810e+00
   -4.1994123067e-01
    4.3338848911e+00
    1.9472809030e+00
   -7.7335138950e+00
   -5.9183246578e-01
   -6.9411402883e-01
    2.1017373115e+00
   -4.1524246250e+00
    2.5211835393e+00
   -2.6406736075e+00
   -1.6219699716e+00
   -1.4242653438e+00
   -3.3614946664e+00
   -8.6384740286e+00
    3.0994816177e+00
   -1.3908698026e+00
   -2.1914797895e-01
   -2.3208544005e+00
    1.8767914717e+00
    1.9245818105e+00
   -6.0791655840e-01
   -7.4805837479e-01
   -1.2145119167e+00
    6.3206778105e-01
    8.0378134397e-01
   -7.1674374740e-01
   -2.1791496281e-01
    2.3395009889e-01
   -2.2539283219e+00
    1.7275308635e+00
   -1.3952138034e+00
   -8.1127638235e-02
   -2.4181541476e+00
    5.4932640021e-01
   -2.0030165177e+00
    3.5545040366e+00
   -2.2389949970e+00
   -1.9702345249e+00
   -1.7885896492e-01
   -1.1345633857e+00
    3.2988501546e-01
    4.0006019254e-01
    1.2150705709e+00
    1.9382868396e+00
   -7.7960523770e-01
   -2.2763544942e+00
    8.9788492400e-01
    3.4049911788e-01
    3.8000938154e-02
    7.0108996482e-01
    5.3760665062e-01
   -6.9298614436e-02
   -3.8369806698e-01
    2.1216432734e-01
   -4.2393086448e-01
    2.5010711332e-01
    2.3812209043e-01
   -8.9157117398e-01
   -8.8414985648e-01
   -1.6212969508e-01
    2.0064977602e-03
    7.6670692907e-01
   -1.3097354992e-02
   -9.0632339085e-01
   -9.0205837336e-01
    3.1724162942e-01
    3.9256631592e-01
    5.3734561776e-01
    1.6448381215e+00
   -4.3192426273e-01
   -5.4350449520e-01
    9.9311937908e-01
   -1.2035889127e+00
   -2.2313748400e-01
   -9.8585067831e-02
    8.0537150387e-01
    4.4097192048e-01
   -1.3981498368e-01
   -9.8495190005e-03
    3.6454131672e-01
    4.7296504870e-01
    5.9901889682e-02
    4.6987782539e-01
    4.4897609588e-01
   -2.5998690211e-01
   -3.4225274359e-01
   -4.4609368723e-01
   -3.5196266694e-01
   -7.4180791273e-01
   -3.1457080417e-01
    3.1237377378e-01
    3.8386789008e-01
   -3.4996450176e-01
   -6.5540210791e-01
   -1.6188626352e-01
    4.8506215164e-01
   -5.2977046719e-02
    4.8213106306e-01
    2.3641051451e-01
   -1.0328693123e-01
   -1.4338382994e-02
    3.2944362781e-01
   -1.3495764071e-01
    3.4709529790e-01
    3.0147827866e-01
    1.0390367097e-01
    3.0101889855e-02
    3.7532149475e-01
    6.8619528118e-01
    7.0579257790e-02
   -2.8899043544e-01
    1.8095781063e-01
    3.2608870475e-01
   -1.6480742705e-02
    2.0864752633e-01
   -2.7504072991e-01
   -1.3097003471e-01
   -4.1054852953e-01
    2.2564523472e-01
    4.5438647781e-01
    6.7815393677e-01
    8.7119767891e-02
    6.5837608663e-02
    4.3143225734e-01
    2.3755480759e-01
   -1.3981544904e-01
    3.5890690851e-02
    1.1681779865e-01
    2.0557068445e-02
   -1.1399266713e-01
    1.1095735578e-01
   -9.9855055455e-02
    2.8827980793e-01
    1.0921698747e-01
   -1.7467030317e-01
   -2.6625608490e-01
    1.2582960217e-01
   -1.7681124746e-01
    2.3252331930e-02
    2.2333497867e-01
   -1.3794118854e-01
   -3.8243846735e-02
   -2.5425383784e-01
   -5.3266294485e-02
    9.8302975890e-02
    1.4891642710e-01
   -6.1506345048e-02
   -3.4545112783e-01
   -5.1118972029e-02
   -1.3120447130e-01
    1.1168941765e-01
    4.2810458485e-01
   -3.2304760599e-01
    1.2235614918e-01
    8.1180508140e-02
    2.9741110911e-01
   -1.2138755139e-02
   -5.3870470323e-02
    2.6173103916e-02
   -1.3266776606e-01
    8.0650588694e-02
   -3.9975798108e-02
   -1.6892839477e-02
   -8.1707597124e-02
    2.0089874862e-01
    1.0592384945e-02
   -2.0624197056e-01
    1.8220822778e-02
    2.0829450900e-01
   -1.0811283003e-01
    2.0985957408e-01
   -3.6413841476e-02
   -3.2552486974e-02
   -1.2763589402e-01
   -1.4044304311e-01
   -1.1261721099e-01
   -5.6936256116e-02
    2.0631502690e-01
   -1.5310682879e-02
   -1.6836956529e-02
   -1.3318960291e-01
   -1.0376871809e-01
   -2.5556513900e-02
   -3.7149818220e-03
    2.2094285980e-01
    2.7212795541e-02
   -2.1948013346e-01
    3.4323532697e-01
   -5.5616891630e-02
    2.3624797359e-01
   -1.0703909895e-01
    1.5393103414e-02
   -2.5820887062e-01
    1.3964741576e-02
   -3.2768638145e-02
   -5.9082872388e-02
   -2.9243459678e-01
    1.5490106294e-01
    1.6393860907e-02
    9.6610683304e-02
   -4.8309189420e-02
    5.2458797678e-03
   -5.2215642785e-02
   -1.4035337695e-01
    1.2568068979e-01
   -1.2300156761e-01
    1.0894864521e-01
    1.7586798018e-03
   -4.6220895601e-02
    1.7075390904e-02
   -4.7877051629e-02
    5.2598246303e-02
    1.0497571534e-01
    2.8049400767e-02
   -3.3789618797e-01
   -1.5392004032e-01
   -6.0542031206e-03
    1.9795487950e-01
    6.6320993729e-02
    1.6484292866e-01
    1.1365475633e-01
    1.4591359983e-01
    1.7889507243e-01
   -1.3115002944e-01
   -8.0857329543e-02
    8.4576160569e-02
    9.0959391482e-02
   -4.7733751377e-02
    1.8414490931e-01
    8.5663492300e-02
   -3.4301714066e-02
   -2.1056862039e-01
    3.9279621620e-02
   -1.2250536113e-01
   -5.2891133308e-02
   -1.3633766350e-01
    1.1853491217e-01
    1.6729262187e-01
   -1.0866625255e-02
    1.1135454299e-01
   -5.7987377294e-02
   -1.2410859265e-01
   -2.8959816424e-02
   -5.0626009013e-02
   -2.0896767394e-03
    1.4475526927e-01
    2.5285916451e-02
   -5.3684055182e-02
   -1.2567658472e-02
    4.9654788303e-02
    1.2749843252e-01
   -6.0409150660e-02
   -3.3627117880e-02
    1.1153776832e-01
   -5.7672115708e-02
    4.0479171385e-01
    1.6958870559e-01
   -4.4519423141e-02
    2.2846432214e-04
    1.0191769083e-01
   -6.3479984449e-02
    5.6483250640e-02
    8.5909148339e-02
    6.8085651552e-02
   -3.4902352804e-01
   -4.3588203379e-03
   -2.1815301374e-02
    1.0578461761e-01
   -1.6380594204e-01
   -2.0125753690e-03
   -1.6471561462e-02
    1.0081962520e-01
   -4.2908314140e-02
   -7.1667648918e-02
    8.6872272975e-02
    3.4128655782e-02
    1.7343737919e-01
   -9.7914849228e-02
    1.4265859994e-02
   -1.7505153740e-02
    6.5868227115e-02
    9.0051732678e-02
   -1.2230486078e-01
    1.3986416765e-01
    1.0266510686e-01
    5.8546163777e-02
   -3.9029170634e-02
   -2.2862400472e-02
   -6.1629855616e-03
    6.7042092175e-02
   -8.7778219825e-02
   -5.9939537543e-02
   -1.5530867188e-02
   -3.4338728369e-02
    1.9632692822e-01
    8.2971081324e-02
   -3.9028358045e-02
    2.3235953251e-01
    1.9969892106e-01
    4.8932833019e-02
   -2.1525072704e-01
   -3.3961391812e-01
    3.0688541038e-01
    7.2498044964e-02
    2.3715200058e-01
    1.0501536042e-01
   -8.2901805693e-02
    1.2451693254e-01
   -2.2872002939e-02
   -1.6871511514e-01
    6.0121568570e-02
   -1.7395218917e-01
    5.6265855722e-02
   -5.6680210472e-02
   -1.6023164944e-01
    2.6256331932e-02
   -1.6401859657e-02
    7.3427608390e-03
   -7.9226505400e-02
    2.9802293182e-02
    5.7103544780e-02
   -1.3983027097e-01
   -6.4114178097e-03
    2.1496751994e-02
    1.6133205688e-02
    6.3139010376e-02
   -1.8105216200e-02
    3.4286265081e-02
   -1.4542516561e-01
    1.5765738961e-01
    5.0163958761e-02
    1.0709483924e-02
   -7.8955430063e-03
   -9.4247451087e-02
   -2.9450637373e+04
   -1.5176375282e+03
    4.8201750460e+03
   -2.4374483851e+03
    3.0156911238e+03
   -2.8212223412e+03
    1.6749700459e+03
   -6.2894127422e+02
    1.3479748568e+03
   -2.3472738474e+03
   -1.2276838511e+02
    1.2261188559e+03
    2.4514236807e+02
    5.9123572123e+02
   -5.3981583424e+02
    9.0821178469e+02
    8.1346193829e+02
    2.8438131592e+02
    1.2844582007e+02
   -1.9329574495e+02
   -3.3855526234e+02
    1.7808485544e+02
    7.4339930797e+01
   -3.2485826326e+02
   -2.3251588629e+02
    3.5970748994e+02
    4.6689952133e+01
    1.9354100141e+02
    1.9533177259e+02
   -1.4083842293e+02
   -1.1811790473e+02
   -1.5863233583e+02
    1.2936039819e+01
    3.2925767143e-01
    1.0014209394e+02
    7.0210601844e+01
    6.7784276361e+01
   -2.0987109600e+01
    7.3296980655e+01
    3.5123455880e+01
   -1.3187896122e+02
    5.9415472254e+01
   -2.7847099367e+01
   -6.6764915508e+01
    1.2809031077e+01
    6.5130936410e+00
   -7.2234434054e+01
    6.1650431662e+01
    8.1298523640e+01
   -7.5762627222e+01
   -5.5051687872e+01
   -6.3227814908e+00
   -2.0050662064e+01
    5.0644238441e+01
    5.7464838962e+00
    1.4898460903e+01
    2.4663072796e+01
    9.9834471684e+00
    4.0693180479e+00
   -2.0501669098e+00
   -2.7448140049e+01
    6.5825792665e+00
   -1.9674011670e+00
    2.4105018148e+01
    8.6646248122e+00
    1.0257724258e+01
   -1.6504417364e+01
   -1.8583054198e+01
   -3.5951673170e+00
    1.3137032082e+01
   -2.0392325060e+01
   -1.5126531852e+01
    1.3036742413e+01
    1.6355464946e+01
    1.1572456041e+01
    5.8102538953e+00
   -1.5634672496e+01
   -9.4093260201e+00
   -2.1916591125e+00
    2.0386790774e+00
    5.4685270844e+00
    9.0172082080e+00
   -2.1723004611e+01
    2.9702278770e+00
    1.0674296403e+01
   -3.6843169761e+00
    1.2081374801e+01
    1.0390905756e+00
   -6.9278437520e+00
   -1.3209494734e+01
   -6.9936470533e+00
   -2.4916086138e-01
    7.7824074673e+00
    8.5687984004e+00
    1.2042055038e+00
   -8.9626634062e+00
   -4.3374035658e+00
   -1.0483226489e+01
    8.1620757656e+00
   -1.8993818741e+00
   -6.3090640115e+00
    3.1068642201e+00
    2.5794882145e-01
   -2.9891467294e-01
    3.2433358981e-01
    4.6756384369e+00
   -4.6562793500e-01
    4.3465303517e+00
    1.8659671433e+00
   -7.8051883327e+00
   -6.2146998841e-01
   -6.6487002640e-01
    2.1103017813e+00
   -4.1496169114e+00
    2.4508053555e+00
   -2.7023962117e+00
   -1.6989576383e+00
   -1.3143497787e+00
   -3.4535750994e+00
   -8.6740728658e+00
    3.0942947767e+00
   -1.3891325249e+00
   -2.3450044914e-01
   -2.3476021725e+00
    1.9175304353e+00
    1.9567118788e+00
   -6.0100442332e-01
   -7.7450916493e-01
   -1.1480809063e+00
    6.2330300189e-01
    7.9033800088e-01
   -7.0461586811e-01
   -2.0686988343e-01
    2.0525170701e-01
   -2.2021338089e+00
    1.7236895972e+00
   -1.4137320753e+00
   -1.2709472223e-01
   -2.4629678467e+00
    5.0876918523e-01
   -2.0091445584e+00
    3.5361730009e+00
   -2.2776311659e+00
   -1.9626916251e+00
   -1.7716593076e-01
   -1.1574129949e+00
    3.4215239086e-01
    4.0810145127e-01
    1.2311929523e+00
    1.9004068090e+00
   -8.0432940310e-01
   -2.2440248912e+00
    8.8572252338e-01
    3.1543173655e-01
    5.9216252413e-02
    7.1016968832e-01
    5.4003816818e-01
   -7.8397718090e-02
   -3.7771339639e-01
    2.3642791743e-01
   -4.3278103481e-01
    2.4879108928e-01
    2.3004016814e-01
   -8.9296933165e-01
   -9.0419091342e-01
   -1.5763965737e-01
   -9.9367976285e-03
    7.5371375069e-01
   -2.5049438879e-03
   -9.0802387617e-01
   -9.0756766656e-01
    3.2668018919e-01
    4.0661188307e-01
    5.5681938379e-01
    1.6299878176e+00
   -4.2555440447e-01
   -5.3351941142e-01
    9.8199369792e-01
   -1.2122605834e+00
   -2.1014973050e-01
   -9.9849831120e-02
    8.0894064673e-01
    4.2640611898e-01
   -1.3347090047e-01
   -1.9630198994e-02
    3.7066246096e-01
    4.7488619088e-01
    6.1544742328e-02
    4.7356275350e-01
    4.5468724190e-01
   -2.6896588254e-01
   -3.4986102168e-01
   -4.3690078411e-01
   -3.5804589187e-01
   -7.3778250161e-01
   -3.1301576564e-01
    3.1253995026e-01
    3.8613307866e-01
   -3.5259111989e-01
   -6.5227201296e-01
   -1.5990167906e-01
    4.8479478875e-01
   -5.0836889089e-02
    4.8984637777e-01
    2.4087635682e-01
   -1.0556797206e-01
   -1.0289010493e-02
    3.3033598383e-01
   -1.3353189777e-01
    3.5216371003e-01
    3.0336947284e-01
    9.6534544581e-02
    3.4263752648e-02
    3.7776513053e-01
    6.8470305198e-01
    6.2550156197e-02
   -2.8342557441e-01
    1.8664039581e-01
    3.3048215692e-01
   -2.7454763022e-02
    2.0559313180e-01
   -2.7741615784e-01
   -1.4357802868e-01
   -4.0966121213e-01
    2.2332803680e-01
    4.5585621675e-01
    6.7906716216e-01
    8.5460690510e-02
    6.6749435592e-02
    4.3159361280e-01
    2.3886569337e-01
   -1.4727392443e-01
    3.7335152721e-02
    1.1787117154e-01
    2.2115810950e-02
   -1.1295436664e-01
    1.1241705777e-01
   -9.7471482067e-02
    2.8816344641e-01
    1.0646830204e-01
   -1.7188500040e-01
   -2.6627158582e-01
    1.2666530584e-01
   -1.7536282769e-01
    2.5186903726e-02
    2.2093783054e-01
   -1.4198827532e-01
   -3.6503576367e-02
   -2.5024128376e-01
   -4.9807531888e-02
    9.1786592433e-02
    1.4934507243e-01
   -6.5359399588e-02
   -3.5224841917e-01
   -4.4864842970e-02
   -1.3376752818e-01
    1.1106326150e-01
    4.3026679110e-01
   -3.2310424902e-01
    1.2120600244e-01
    8.0964653096e-02
    2.9774653757e-01
   -1.5442972319e-02
   -5.3177879134e-02
    2.5180713357e-02
   -1.3491603419e-01
    7.9780526451e-02
   -3.8354721544e-02
   -1.6616527984e-02
   -8.2305886358e-02
    2.0139790111e-01
    1.1980619867e-02
   -2.0713291800e-01
    1.9135528019e-02
    2.0754313635e-01
   -1.0639357510e-01
    2.1026130247e-01
   -3.7137821406e-02
   -3.5441183133e-02
   -1.2704079647e-01
   -1.4163953239e-01
   -1.1126582755e-01
   -5.4337897996e-02
    2.0259847497e-01
   -1.6297490825e-02
   -1.7658260889e-02
   -1.3524766936e-01
   -9.8565326243e-02
   -2.6511641209e-02
   -3.6637310850e-03
    2.2253101456e-01
    2.5885063107e-02
   -2.1932433095e-01
    3.4309896268e-01
   -5.5174521346e-02
    2.3586076923e-01
   -1.0624115979e-01
    1.5633966821e-02
   -2.5956331041e-01
    1.3651408303e-02
   -3.2558297829e-02
   -5.9439733154e-02
   -2.9205398972e-01
    1.5434838377e-01
    1.7141975945e-02
    9.6913277575e-02
   -4.7962495667e-02
    5.2557914850e-03
   -5.1365975907e-02
   -1.3996531314e-01
    1.2479063697e-01
   -1.2221937040e-01
    1.0804827111e-01
    4.1039450887e-04
   -4.5313775437e-02
    1.6071224917e-02
   -4.5968243566e-02
    5.4296326900e-02
    1.0349202621e-01
    2.7259566047e-02
   -3.3620771157e-01
   -1.5480926512e-01
   -2.8318261378e-03
    1.9697596696e-01
    6.6391144323e-02
    1.6591701537e-01
    1.1370867576e-01
    1.4533926662e-01
    1.7870890655e-01
   -1.3129213998e-01
   -8.1050054494e-02
    8.4939497036e-02
    9.1823903263e-02
   -4.8595642456e-02
    1.8440770038e-01
    8.5924803638e-02
   -3.3853191851e-02
   -2.1052389574e-01
    3.9089916359e-02
   -1.2182076258e-01
   -5.2877097041e-02
   -1.3677999807e-01
    1.1880554664e-01
    1.6778333535e-01
   -1.0510198726e-02
    1.1150111850e-01
   -5.7357638143e-02
   -1.2391177896e-01
   -2.8118441484e-02
   -5.0892659814e-02
   -2.4103392871e-03
    1.4450888985e-01
    2.4345286316e-02
   -5.2692906015e-02
   -1.3005150918e-02
    4.8651252348e-02
    1.2560642317e-01
   -6.0707785096e-02
   -3.2402739607e-02
    1.1288476539e-01
   -5.8191439073e-02
    4.0489479395e-01
    1.6990260334e-01
   -4.4653890025e-02
   -1.0364658973e-04
    1.0176748836e-01
   -6.2963981706e-02
    5.6763041898e-02
    8.5887525389e-02
    6.8541288042e-02
   -3.4922801663e-01
   -4.2756332043e-03
   -2.2010130598e-02
    1.0583169955e-01
   -1.6371134342e-01
   -2.0562814373e-03
   -1.6404880295e-02
    1.0070877072e-01
   -4.2769239034e-02
   -7.1534694945e-02
    8.6664935055e-02
    3.4055004837e-02
    1.7348228753e-01
   -9.7673208419e-02
    1.4396639562e-02
   -1.7638724297e-02
    6.5926222930e-02
    9.0424139806e-02
   -1.2264435929e-01
    1.4029783986e-01
    1.0262250154e-01
    5.8097002071e-02
   -3.8502383058e-02
   -2.2422992130e-02
   -6.3499570629e-03
    6.6258166719e-02
   -8.7832383054e-02
   -5.9730893225e-02
   -1.4782585291e-02
   -3.4555638080e-02
    1.9612815240e-01
    8.3792450163e-02
   -3.8518252231e-02
    2.3199692509e-01
    1.9948876226e-01
    4.9005970635e-02
   -2.1531840445e-01
   -3.3929598981e-01
    3.0730734078e-01
    7.2345419382e-02
    2.3712731857e-01
    1.0475598838e-01
   -8.2906036477e-02
    1.2468527434e-01
   -2.2791345032e-02
   -1.6883630848e-01
    5.9837395588e-02
   -1.7411527446e-01
    5.6243813552e-02
   -5.6524127764e-02
   -1.6028404727e-01
    2.6162481912e-02
   -1.6549369875e-02
    7.3491397271e-03
   -7.9615630200e-02
    2.9888083785e-02
    5.7094879434e-02
   -1.4001659228e-01
   -6.6078574568e-03
    2.1712199448e-02
    1.5974709687e-02
    6.3488261931e-02
   -1.7940538292e-02
    3.4094375760e-02
   -1.4526827572e-01
    1.5784631940e-01
    4.9611161598e-02
    1.0541829566e-02
   -8.4384801061e-03
   -9.3924326190e-02
   -2.9445325777e+04
   -1.5085532777e+03
    4.8073758849e+03
   -2.4422891423e+03
    3.0138630587e+03
   -2.8344855122e+03
    1.6759405713e+03
   -6.3606071564e+02
    1.3494138077e+03
   -2.3500700565e+03
   -1.1877666613e+02
    1.2257467622e+03
    2.4504005500e+02
    5.8603987021e+02
   -5.3880228034e+02
    9.0758850981e+02
    8.1354785511e+02
    2.8395291702e+02
    1.2393098901e+02
   -1.9063976710e+02
   -3.3660659164e+02
    1.7959862668e+02
    7.2125168855e+01
   -3.2743688411e+02
   -2.3255905643e+02
    3.6000568159e+02
    4.6815329498e+01
    1.9287378717e+02
    1.9616472922e+02
   -1.4090531304e+02
   -1.1883808321e+02
   -1.5796966067e+02
    1.4591153032e+01
    2.6190955979e+00
    1.0013933724e+02
    6.9785201474e+01
    6.7604391611e+01
   -2.0721218775e+01
    7.2983501898e+01
    3.4117319916e+01
   -1.3069948604e+02
    5.9062078954e+01
   -2.8444272023e+01
   -6.6687197918e+01
    1.3000764616e+01
    7.0086689128e+00
   -7.1491700923e+01
    6.2118062298e+01
    8.1347025400e+01
   -7.5848460870e+01
   -5.4717365213e+01
   -6.6084384691e+00
   -1.9827435206e+01
    5.1282172675e+01
    5.6913351092e+00
    1.4980621668e+01
    2.4568066262e+01
    9.6158163177e+00
    3.6466102695e+00
   -2.5003713181e+00
   -2.7465245172e+01
    6.6238586698e+00
   -2.1569752305e+00
    2.4068567904e+01
    8.7426928738e+00
    1.0128616431e+01
   -1.6692766633e+01
   -1.8367899021e+01
   -3.3150032538e+00
    1.3211903622e+01
   -2.0476134465e+01
   -1.4850133184e+01
    1.3187038994e+01
    1.6250215235e+01
    1.1665373440e+01
    5.7338027593e+00
   -1.5836648908e+01
   -9.2476868668e+00
   -2.1057052181e+00
    2.1397053748e+00
    5.4567626178e+00
    8.9483998899e+00
   -2.1887159148e+01
    2.9535529665e+00
    1.0635258295e+01
   -3.4664269684e+00
    1.1901648502e+01
    8.1715979130e-01
   -6.8195764108e+00
   -1.3218929944e+01
   -6.9376692746e+00
   -1.8635018494e-01
    7.7804197204e+00
    8.6260722388e+00
    1.1097753765e+00
   -9.0161804519e+00
   -4.0913428800e+00
   -1.0527063326e+01
    8.3251148970e+00
   -1.9105982658e+00
   -6.3150623570e+00
    3.1632455655e+00
    1.8349803328e-01
   -3.2053174528e-01
    4.7840537997e-01
    4.6281268912e+00
   -5.1015929204e-01
    4.3665390734e+00
    1.7819873449e+00
   -7.8730633108e+00
   -6.5276771303e-01
   -6.3941108176e-01
    2.1231027341e+00
   -4.1502423046e+00
    2.3799027518e+00
   -2.7722360393e+00
   -1.7662881963e+00
   -1.2012005929e+00
   -3.5387695572e+00
   -8.7086981560e+00
    3.0879059546e+00
   -1.3863620194e+00
   -2.4777349740e-01
   -2.3804962223e+00
    1.9585690519e+00
    1.9873893435e+00
   -5.9112162822e-01
   -7.9934253622e-01
   -1.0831624162e+00
    6.0744052992e-01
    7.7664967899e-01
   -6.9473526075e-01
   -2.0137203511e-01
    1.7540319140e-01
   -2.1536112312e+00
    1.7155678276e+00
   -1.4329640349e+00
   -1.7841214361e-01
   -2.5130335149e+00
    4.6609051114e-01
   -2.0134041621e+00
    3.5098263511e+00
   -2.3138577417e+00
   -1.9544481651e+00
   -1.7557485306e-01
   -1.1775764673e+00
    3.5388771962e-01
    4.1662515482e-01
    1.2465904231e+00
    1.8612536462e+00
   -8.3064649854e-01
   -2.2123656031e+00
    8.7231291698e-01
    2.8939692466e-01
    8.0295713635e-02
    7.1797483040e-01
    5.4105049787e-01
   -8.7847699879e-02
   -3.7280542608e-01
    2.6349408481e-01
   -4.4026042647e-01
    2.4366983242e-01
    2.2244279647e-01
   -8.9403900571e-01
   -9.2491562962e-01
   -1.5359716749e-01
   -2.5302722867e-02
    7.4163616239e-01
    8.8120956103e-03
   -9.1020414402e-01
   -9.1407726563e-01
    3.3654252841e-01
    4.2174274627e-01
    5.7577881008e-01
    1.6142003188e+00
   -4.1808574296e-01
   -5.2253891279e-01
    9.7082523514e-01
   -1.2220821214e+00
   -1.9648396155e-01
   -1.0050507993e-01
    8.1233275837e-01
    4.1204781326e-01
   -1.2679324446e-01
   -2.7929101900e-02
    3.7749229396e-01
    4.7657040236e-01
    6.3915942330e-02
    4.7705287984e-01
    4.6015719722e-01
   -2.7930576953e-01
   -3.5738126612e-01
   -4.2809238492e-01
   -3.6228057854e-01
   -7.3274621549e-01
   -3.1103907359e-01
    3.1239568598e-01
    3.8919604849e-01
   -3.5403387634e-01
   -6.4883640118e-01
   -1.5796305490e-01
    4.8404556517e-01
   -4.8849222096e-02
    4.9798718685e-01
    2.4480992636e-01
   -1.0787382128e-01
   -6.1045154111e-03
    3.3137023006e-01
   -1.3200756043e-01
    3.5790154604e-01
    3.0488905632e-01
    8.8632423157e-02
    3.8099696424e-02
    3.8010980812e-01
    6.8285618989e-01
    5.4298699633e-02
   -2.7828650061e-01
    1.9273702432e-01
    3.3495618520e-01
   -3.9073896498e-02
    2.0254577334e-01
   -2.7985812592e-01
   -1.5364719121e-01
   -4.0729281145e-01
    2.2061789767e-01
    4.5754604308e-01
    6.7983547345e-01
    8.3455729491e-02
    6.7389443949e-02
    4.3172139759e-01
    2.4025825015e-01
   -1.5457288314e-01
    3.8959814583e-02
    1.1883511286e-01
    2.3460327860e-02
   -1.1169618310e-01
    1.1381087567e-01
   -9.5155761195e-02
    2.8771800732e-01
    1.0380727242e-01
   -1.6915333769e-01
   -2.6616111616e-01
    1.2717267756e-01
   -1.7411143436e-01
    2.6891928920e-02
    2.1840729743e-01
   -1.4585871809e-01
   -3.4456788531e-02
   -2.4656393123e-01
   -4.6255597668e-02
    8.5241282242e-02
    1.4932629755e-01
   -6.8992693125e-02
   -3.5886372033e-01
   -3.8568908368e-02
   -1.3633327843e-01
    1.1047024062e-01
    4.3218913237e-01
   -3.2337665129e-01
    1.2004954175e-01
    8.0666598822e-02
    2.9790486458e-01
   -1.8821848997e-02
   -5.2544010388e-02
    2.4154899246e-02
   -1.3721930635e-01
    7.9052229499e-02
   -3.6694016518e-02
   -1.6299854216e-02
   -8.2896867524e-02
    2.0202494422e-01
    1.3418552843e-02
   -2.0794825746e-01
    1.9952947388e-02
    2.0672049511e-01
   -1.0467563640e-01
    2.1066476185e-01
   -3.7958282339e-02
   -3.8301794630e-02
   -1.2635853921e-01
   -1.4281765026e-01
   -1.0989643729e-01
   -5.1729668080e-02
    1.9865909185e-01
   -1.7607249055e-02
   -1.8479574096e-02
   -1.3672489387e-01
   -9.3587042776e-02
   -2.7489292325e-02
   -3.5475393078e-03
    2.2402533707e-01
    2.4535970812e-02
   -2.1925529076e-01
    3.4297920919e-01
   -5.4683123378e-02
    2.3550327666e-01
   -1.0550375726e-01
    1.5686992119e-02
   -2.6095589317e-01
    1.3404827843e-02
   -3.2334620900e-02
   -5.9892963092e-02
   -2.9164584454e-01
    1.5375860711e-01
    1.7933194874e-02
    9.7167204962e-02
   -4.7637317217e-02
    5.2577680140e-03
   -5.0572387793e-02
   -1.3961532570e-01
    1.2388534320e-01
   -1.2145449850e-01
    1.0716996293e-01
   -9.4559022328e-04
   -4.4428819623e-02
    1.5085933874e-02
   -4.4109427482e-02
    5.5953995232e-02
    1.0174807494e-01
    2.6340697237e-02
   -3.3451257314e-01
   -1.5548555628e-01
    6.4073025345e-04
    1.9599259086e-01
    6.6410220881e-02
    1.6702840028e-01
    1.1375958736e-01
    1.4476217767e-01
    1.7849701246e-01
   -1.3139669478e-01
   -8.1209738892e-02
    8.5353440253e-02
    9.2617513659e-02
   -4.9441348511e-02
    1.8471320069e-01
    8.6195428308e-02
   -3.3429954619e-02
   -2.1044023269e-01
    3.8945404777e-02
   -1.2112989020e-01
   -5.2893101967e-02
   -1.3720387288e-01
    1.1905834485e-01
    1.6820572858e-01
   -1.0145612005e-02
    1.1164271081e-01
   -5.6705336686e-02
   -1.2370415047e-01
   -2.7325384456e-02
   -5.1191249546e-02
   -2.7077777260e-03
    1.4422995149e-01
    2.3426318893e-02
   -5.1637777243e-02
   -1.3405120749e-02
    4.7660260631e-02
    1.2374596725e-01
   -6.0920271358e-02
   -3.1094420229e-02
    1.1421353133e-01
   -5.8728404999e-02
    4.0501093755e-01
    1.7020905848e-01
   -4.4777133241e-02
   -4.5082983837e-04
    1.0162141883e-01
   -6.2405088641e-02
    5.7060178443e-02
    8.5884460607e-02
    6.8973700849e-02
   -3.4944822257e-01
   -4.2292967868e-03
   -2.2168366171e-02
    1.0587316880e-01
   -1.6358779836e-01
   -2.1455667586e-03
   -1.6332236709e-02
    1.0058750754e-01
   -4.2611973608e-02
   -7.1423474370e-02
    8.6477277998e-02
    3.3980074171e-02
    1.7351912131e-01
   -9.7439385303e-02
    1.4506931863e-02
   -1.7755957609e-02
    6.5997826946e-02
    9.0792124198e-02
   -1.2298434954e-01
    1.4071587696e-01
    1.0250779826e-01
    5.7638483067e-02
   -3.7978486488e-02
   -2.1996997442e-02
   -6.4811923795e-03
    6.5515520665e-02
   -8.7889641908e-02
   -5.9526691134e-02
   -1.4056027996e-02
   -3.4789060626e-02
    1.9593465801e-01
    8.4605453411e-02
   -3.8015098309e-02
    2.3164334566e-01
    1.9929243100e-01
    4.9092556575e-02
   -2.1539207861e-01
   -3.3898494670e-01
    3.0772234059e-01
    7.2189351524e-02
    2.3709297098e-01
    1.0448422177e-01
   -8.2923143475e-02
    1.2484042087e-01
   -2.2704090229e-02
   -1.6896325233e-01
    5.9544891466e-02
   -1.7428255857e-01
    5.6219664268e-02
   -5.6367266751e-02
   -1.6033971943e-01
    2.6065097346e-02
   -1.6694342481e-02
    7.3552928912e-03
   -8.0009144773e-02
    2.9979160117e-02
    5.7104407248e-02
   -1.4019977527e-01
   -6.8207010558e-03
    2.1960647114e-02
    1.5822011481e-02
    6.3854970380e-02
   -1.7762054910e-02
    3.3946963878e-02
   -1.4512111957e-01
    1.5803630302e-01
    4.9093549610e-02
    1.0395873745e-02
   -8.9493411830e-03
   -9.3612976592e-02
   -2.9440437098e+04
   -1.4999197501e+03
    4.7938757064e+03
   -2.4471477626e+03
    3.0117406841e+03
   -2.8481026243e+03
    1.6765277718e+03
   -6.4356869356e+02
    1.3508308260e+03
   -2.3528351632e+03
   -1.1468743126e+02
    1.2257266356e+03
    2.4503597338e+02
    5.8064384019e+02
   -5.3851236059e+02
    9.0713271894e+02
    8.1361553734e+02
    2.8357188248e+02
    1.1954624372e+02
   -1.8785139562e+02
   -3.3446542190e+02
    1.8122808004e+02
    6.9922993783e+01
   -3.2983415235e+02
   -2.3270497517e+02
    3.6030376691e+02
    4.6841766267e+01
    1.9219587336e+02
    1.9705528492e+02
   -1.4098601843e+02
   -1.1937943982e+02
   -1.5727761355e+02
    1.6313335025e+01
    4.7901904081e+00
    1.0015067678e+02
    6.9343706739e+01
    6.7433255862e+01
   -2.0464261792e+01
    7.2705382434e+01
    3.3168439309e+01
   -1.2955750133e+02
    5.8669614755e+01
   -2.9053785987e+01
   -6.6634855769e+01
    1.3198135583e+01
    7.4765948256e+00
   -7.0708861254e+01
    6.2543770451e+01
    8.1390369395e+01
   -7.5912014542e+01
   -5.4405807260e+01
   -6.8717065488e+00
   -1.9582604748e+01
    5.1925725724e+01
    5.5872790729e+00
    1.5055488921e+01
    2.4465003019e+01
    9.2533992405e+00
    3.2008815105e+00
   -2.9642475482e+00
   -2.7505953276e+01
    6.6411831332e+00
   -2.3471360366e+00
    2.4052357635e+01
    8.8175527113e+00
    9.9983079296e+00
   -1.6841481013e+01
   -1.8118836305e+01
   -3.0425032144e+00
    1.3255108204e+01
   -2.0560370298e+01
   -1.4555689120e+01
    1.3348397868e+01
    1.6143640515e+01
    1.1776721210e+01
    5.6669700589e+00
   -1.6027088387e+01
   -9.0883248837e+00
   -2.0104545214e+00
    2.2796612453e+00
    5.4527555288e+00
    8.8795943266e+00
   -2.2057624385e+01
    2.9293617360e+00
    1.0603989695e+01
   -3.2558731729e+00
    1.1715625475e+01
    6.0170016227e-01
   -6.7008143819e+00
   -1.3213659608e+01
   -6.8721525603e+00
   -1.1289514418e-01
    7.7876026516e+00
    8.6856426896e+00
    1.0224717030e+00
   -9.0658503787e+00
   -3.8421501705e+00
   -1.0563683165e+01
    8.4809859099e+00
   -1.9155789175e+00
   -6.3160193684e+00
    3.2221673008e+00
    1.1750356171e-01
   -3.3025199127e-01
    6.2573788559e-01
    4.5656662001e+00
   -5.5210880543e-01
    4.3915585549e+00
    1.6941018465e+00
   -7.9379247422e+00
   -6.8475238129e-01
   -6.1327237696e-01
    2.1366306065e+00
   -4.1578960180e+00
    2.3086392493e+00
   -2.8528037872e+00
   -1.8244088751e+00
   -1.0891001527e+00
   -3.6143867951e+00
   -8.7417498253e+00
    3.0808963944e+00
   -1.3814848503e+00
   -2.5871471249e-01
   -2.4193761143e+00
    1.9993182681e+00
    2.0168080793e+00
   -5.7890610813e-01
   -8.2265329245e-01
   -1.0185695872e+00
    5.8501327793e-01
    7.6327319616e-01
   -6.8745907792e-01
   -2.0023914217e-01
    1.4415340642e-01
   -2.1093695961e+00
    1.7020312587e+00
   -1.4516307667e+00
   -2.3285174212e-01
   -2.5676471751e+00
    4.2471764371e-01
   -2.0149790382e+00
    3.4748795379e+00
   -2.3498092165e+00
   -1.9455361194e+00
   -1.7360681949e-01
   -1.1943988910e+00
    3.6450365706e-01
    4.2589582210e-01
    1.2609265650e+00
    1.8210878838e+00
   -8.5849531277e-01
   -2.1810205761e+00
    8.5782998614e-01
    2.6297468924e-01
    1.0151019524e-01
    7.2483273117e-01
    5.4012724463e-01
   -9.7283509386e-02
   -3.6862802605e-01
    2.9252387041e-01
   -4.4628374146e-01
    2.3475277042e-01
    2.1632603186e-01
   -8.9547619912e-01
   -9.4604240979e-01
   -1.4951635546e-01
   -4.3703716996e-02
    7.3075879303e-01
    2.0526799166e-02
   -9.1276904345e-01
   -9.2151619155e-01
    3.4696538669e-01
    4.3793960091e-01
    5.9413488730e-01
    1.5975507813e+00
   -4.0991044403e-01
   -5.1065023074e-01
    9.5916662174e-01
   -1.2330328854e+00
   -1.8183349457e-01
   -1.0070040338e-01
    8.1514082147e-01
    3.9820727117e-01
   -1.1964148908e-01
   -3.5303913955e-02
    3.8449791510e-01
    4.7780330911e-01
    6.7790455605e-02
    4.8057005187e-01
    4.6522341837e-01
   -2.9028368622e-01
   -3.6531656257e-01
   -4.1988866069e-01
   -3.6504434370e-01
   -7.2589903812e-01
   -3.0862222359e-01
    3.1193688369e-01
    3.9300746254e-01
   -3.5432309957e-01
   -6.4517761139e-01
   -1.5598764431e-01
    4.8288996767e-01
   -4.6961468149e-02
    5.0637969687e-01
    2.4792955059e-01
   -1.1023510546e-01
   -1.8301368948e-03
    3.3238716087e-01
   -1.3042515100e-01
    3.6430365761e-01
    3.0596131877e-01
    8.0160668279e-02
    4.1642270821e-02
    3.8219714465e-01
    6.8066376919e-01
    4.5715353553e-02
   -2.7358119137e-01
    1.9932914227e-01
    3.3933666797e-01
   -5.1046586027e-02
    1.9969274530e-01
   -2.8243091706e-01
   -1.6172376348e-01
   -4.0274545940e-01
    2.1757614513e-01
    4.5946800486e-01
    6.8043120663e-01
    8.1088938644e-02
    6.7742922459e-02
    4.3184216540e-01
    2.4168912995e-01
   -1.6162425027e-01
    4.0775037678e-02
    1.1969591677e-01
    2.4516490936e-02
   -1.1024807414e-01
    1.1512123118e-01
   -9.2853390644e-02
    2.8696319362e-01
    1.0123742700e-01
   -1.6646302553e-01
   -2.6585468876e-01
    1.2730533814e-01
   -1.7305699904e-01
    2.8330178335e-02
    2.1580384074e-01
   -1.4946385496e-01
   -3.2096252285e-02
   -2.4328153310e-01
   -4.2617540796e-02
    7.8626343132e-02
    1.4885354031e-01
   -7.2349776591e-02
   -3.6555806041e-01
   -3.2249385574e-02
   -1.3887672318e-01
    1.0990790043e-01
    4.3386769824e-01
   -3.2386600400e-01
    1.1887972667e-01
    8.0301380932e-02
    2.9787607202e-01
   -2.2233998706e-02
   -5.1955018770e-02
    2.3113907453e-02
   -1.3954176284e-01
    7.8484740130e-02
   -3.4991352235e-02
   -1.5931920786e-02
   -8.3445827924e-02
    2.0279575441e-01
    1.4895937185e-02
   -2.0868739340e-01
    2.0667609776e-02
    2.0584738822e-01
   -1.0295484980e-01
    2.1106273589e-01
   -3.8867652770e-02
   -4.1145155929e-02
   -1.2558896428e-01
   -1.4395886076e-01
   -1.0851913969e-01
   -4.9095335387e-02
    1.9453853581e-01
   -1.9228747555e-02
   -1.9249413024e-02
   -1.3764735072e-01
   -8.8843759076e-02
   -2.8494070389e-02
   -3.3631377949e-03
    2.2542154932e-01
    2.3169555559e-02
   -2.1927459086e-01
    3.4287853816e-01
   -5.4145038326e-02
    2.3517156142e-01
   -1.0481991429e-01
    1.5559620877e-02
   -2.6237028399e-01
    1.3227240636e-02
   -3.2090854204e-02
   -6.0438616274e-02
   -2.9122116380e-01
    1.5314234002e-01
    1.8756249777e-02
    9.7373082655e-02
   -4.7330463109e-02
    5.2577399099e-03
   -4.9834477542e-02
   -1.3931913146e-01
    1.2297352309e-01
   -1.2070682981e-01
    1.0631038297e-01
   -2.3107153386e-03
   -4.3586398956e-02
    1.4128419405e-02
   -4.2304524243e-02
    5.7566865740e-02
    9.9740901251e-02
    2.5299464224e-02
   -3.3282125228e-01
   -1.5591902949e-01
    4.3543290406e-03
    1.9501106780e-01
    6.6381653913e-02
    1.6817034528e-01
    1.1380521386e-01
    1.4418206355e-01
    1.7825284179e-01
   -1.3145606271e-01
   -8.1330295107e-02
    8.5823959777e-02
    9.3337539515e-02
   -5.0270989720e-02
    1.8506023479e-01
    8.6476799071e-02
   -3.3036449132e-02
   -2.1031772154e-01
    3.8851043101e-02
   -1.2043503423e-01
   -5.2936521431e-02
   -1.3760716353e-01
    1.1929479017e-01
    1.6855775577e-01
   -9.7722117184e-03
    1.1178178397e-01
   -5.6037746471e-02
   -1.2349053441e-01
   -2.6580941338e-02
   -5.1526782966e-02
   -2.9719938407e-03
    1.4392335645e-01
    2.2537676651e-02
   -5.0512595558e-02
   -1.3759921485e-02
    4.6678772498e-02
    1.2193035569e-01
   -6.1046963815e-02
   -2.9720436114e-02
    1.1552523396e-01
   -5.9286409955e-02
    4.0514189382e-01
    1.7051037716e-01
   -4.4888683334e-02
   -8.1406073262e-04
    1.0147741556e-01
   -6.1803248980e-02
    5.7368235162e-02
    8.5900051135e-02
    6.9379380338e-02
   -3.4968104178e-01
   -4.2201988454e-03
   -2.2290966157e-02
    1.0590874238e-01
   -1.6343385667e-01
   -2.2809889688e-03
   -1.6255558059e-02
    1.0045553145e-01
   -4.2434530335e-02
   -7.1333192019e-02
    8.6306181631e-02
    3.3902323419e-02
    1.7355050348e-01
   -9.7212938478e-02
    1.4596061568e-02
   -1.7854898418e-02
    6.6079459805e-02
    9.1153544014e-02
   -1.2332544749e-01
    1.4111660560e-01
    1.0232215370e-01
    5.7174519339e-02
   -3.7459024232e-02
   -2.1587889815e-02
   -6.5545334542e-03
    6.4821418276e-02
   -8.7951733633e-02
   -5.9325686403e-02
   -1.3350387513e-02
   -3.5039475129e-02
    1.9574691748e-01
    8.5410147862e-02
   -3.7517915430e-02
    2.3129996882e-01
    1.9911169647e-01
    4.9193709032e-02
   -2.1546999917e-01
   -3.3868007779e-01
    3.0813021732e-01
    7.2029164369e-02
    2.3704753384e-01
    1.0419997349e-01
   -8.2953687509e-02
    1.2498240931e-01
   -2.2609818609e-02
   -1.6909682441e-01
    5.9243182638e-02
   -1.7445343013e-01
    5.6194434972e-02
   -5.6208566899e-02
   -1.6039922065e-01
    2.5964300665e-02
   -1.6836664165e-02
    7.3601572119e-03
   -8.0407400672e-02
    3.0075401470e-02
    5.7132730226e-02
   -1.4038062806e-01
   -7.0494824263e-03
    2.2241979068e-02
    1.5676687512e-02
    6.4238369484e-02
   -1.7568968332e-02
    3.3842201283e-02
   -1.4498379881e-01
    1.5822843182e-01
    4.8614534328e-02
    1.0271611074e-02
   -9.4258860575e-03
   -9.3309959759e-02
   -2.9436096776e+04
   -1.4921913132e+03
    4.7795280533e+03
   -2.4520649826e+03
    3.0094723409e+03
   -2.8620077585e+03
    1.6772139470e+03
   -6.5141108840e+02
    1.3525717851e+03
   -2.3555326037e+03
   -1.1067627455e+02
    1.2260694103e+03
    2.4503573677e+02
    5.7522246097e+02
   -5.3872750074e+02
    9.0682177097e+02
    8.1363408437e+02
    2.8326947894e+02
    1.1531806293e+02
   -1.8495774615e+02
   -3.3218124810e+02
    1.8303385484e+02
    6.7735980040e+01
   -3.3192699016e+02
   -2.3293071183e+02
    3.6059576153e+02
    4.6813023725e+01
    1.9151085938e+02
    1.9801634352e+02
   -1.4105251095e+02
   -1.1973875589e+02
   -1.5659745352e+02
    1.8036963398e+01
    6.6972444122e+00
    1.0009024785e+02
    6.8928452353e+01
    6.7262551648e+01
   -2.0257949933e+01
    7.2472356337e+01
    3.2246123914e+01
   -1.2848764362e+02
    5.8219136649e+01
   -2.9665950148e+01
   -6.6589178331e+01
    1.3357636819e+01
    7.8773418055e+00
   -6.9893149593e+01
    6.2971676361e+01
    8.1414108187e+01
   -7.5969594630e+01
   -5.4114921474e+01
   -7.1217341043e+00
   -1.9319733617e+01
    5.2544876672e+01
    5.4084705416e+00
    1.5143573583e+01
    2.4357906885e+01
    8.9000332868e+00
    2.7237392079e+00
   -3.4453743521e+00
   -2.7552292024e+01
    6.6723970037e+00
   -2.4884063544e+00
    2.4049071452e+01
    8.8899613197e+00
    9.8532569747e+00
   -1.6957976185e+01
   -1.7845488982e+01
   -2.7710804337e+00
    1.3268913495e+01
   -2.0643306776e+01
   -1.4252707804e+01
    1.3519441818e+01
    1.6035191037e+01
    1.1911615598e+01
    5.5849698256e+00
   -1.6199103042e+01
   -8.9103160870e+00
   -1.8871895354e+00
    2.4277985306e+00
    5.4527520528e+00
    8.8126510501e+00
   -2.2233135625e+01
    2.9057394006e+00
    1.0582279604e+01
   -3.0525632127e+00
    1.1530000436e+01
    3.9573887501e-01
   -6.5748965863e+00
   -1.3200618859e+01
   -6.8032439263e+00
   -2.2594157418e-02
    7.8020695520e+00
    8.7439181962e+00
    9.4717911041e-01
   -9.1103521309e+00
   -3.5931801615e+00
   -1.0604310296e+01
    8.6291197641e+00
   -1.9121003269e+00
   -6.3118164050e+00
    3.2769629115e+00
    6.1731488636e-02
   -3.2741660677e-01
    7.6549308825e-01
    4.4905317497e+00
   -5.9061010193e-01
    4.4198528453e+00
    1.6011682270e+00
   -8.0023087704e+00
   -7.1551237388e-01
   -5.8069141210e-01
    2.1453863534e+00
   -4.1719414758e+00
    2.2360275234e+00
   -2.9412809337e+00
   -1.8770839487e+00
   -9.8009787172e-01
   -3.6802750438e+00
   -8.7679592762e+00
    3.0741677273e+00
   -1.3743676190e+00
   -2.6678396404e-01
   -2.4617997953e+00
    2.0395214829e+00
    2.0452438091e+00
   -5.6583612560e-01
   -8.4396608960e-01
   -9.5350923637e-01
    5.5717937855e-01
    7.5054668484e-01
   -6.8313411323e-01
   -2.0167450681e-01
    1.1130137783e-01
   -2.0684346168e+00
    1.6833377760e+00
   -1.4687549474e+00
   -2.8732258117e-01
   -2.6241999349e+00
    3.8755018242e-01
   -2.0132582750e+00
    3.4325622224e+00
   -2.3868224387e+00
   -1.9361033930e+00
   -1.7113882359e-01
   -1.2076026784e+00
    3.7352279919e-01
    4.3615714387e-01
    1.2739913769e+00
    1.7800952385e+00
   -8.8746590222e-01
   -2.1491645949e+00
    8.4254141238e-01
    2.3692979998e-01
    1.2280485582e-01
    7.3074252855e-01
    5.3700635583e-01
   -1.0623457333e-01
   -3.6434616694e-01
    3.2232791077e-01
   -4.5134921653e-01
    2.2341297888e-01
    2.1204546388e-01
   -8.9787521748e-01
   -9.6719408464e-01
   -1.4490350466e-01
   -6.3699252747e-02
    7.2068529171e-01
    3.2366080741e-02
   -9.1543692407e-01
   -9.2951276870e-01
    3.5798102008e-01
    4.5507801550e-01
    6.1191524686e-01
    1.5801401757e+00
   -4.0131271730e-01
   -4.9803243272e-01
    9.4645388685e-01
   -1.2448002180e+00
   -1.6600468753e-01
   -1.0057901251e-01
    8.1692156888e-01
    3.8504836012e-01
   -1.1194391371e-01
   -4.2399046192e-02
    3.9101088565e-01
    4.7854763631e-01
    7.3479265819e-02
    4.8436085465e-01
    4.6970706529e-01
   -3.0119306253e-01
   -3.7422318419e-01
   -4.1248293358e-01
   -3.6733279060e-01
   -7.1696112854e-01
   -3.0576837062e-01
    3.1123882760e-01
    3.9747923443e-01
   -3.5361707556e-01
   -6.4138938549e-01
   -1.5389712579e-01
    4.8137345783e-01
   -4.5035461834e-02
    5.1487365033e-01
    2.5004795439e-01
   -1.1276901211e-01
    2.5243765080e-03
    3.3322416897e-01
   -1.2883891441e-01
    3.7127807644e-01
    3.0658226960e-01
    7.1246246872e-02
    4.4927057247e-02
    3.8403218478e-01
    6.7807403198e-01
    3.6820904238e-02
   -2.6926791583e-01
    2.0643237612e-01
    3.4345167009e-01
   -6.2970630351e-02
    1.9729586363e-01
   -2.8517419045e-01
   -1.6865727263e-01
   -3.9554276140e-01
    2.1427877162e-01
    4.6163760315e-01
    6.8084500486e-01
    7.8365574402e-02
    6.7811104005e-02
    4.3199244607e-01
    2.4309954633e-01
   -1.6834579590e-01
    4.2760611740e-02
    1.2043265480e-01
    2.5231294783e-02
   -1.0864044938e-01
    1.1632610071e-01
   -9.0506686045e-02
    2.8594616464e-01
    9.8762836200e-02
   -1.6377739426e-01
   -2.6531583075e-01
    1.2706533427e-01
   -1.7220118317e-01
    2.9488704711e-02
    2.1318288757e-01
   -1.5273174523e-01
   -2.9449046830e-02
   -2.4044040491e-01
   -3.8923009617e-02
    7.1879820629e-02
    1.4798368513e-01
   -7.5391244492e-02
   -3.7261353118e-01
   -2.5852577662e-02
   -1.4138195372e-01
    1.0937315083e-01
    4.3530584725e-01
   -3.2456283855e-01
    1.1768853338e-01
    7.9885500348e-02
    2.9765454348e-01
   -2.5637566647e-02
   -5.1396607689e-02
    2.2067424390e-02
   -1.4185867629e-01
    7.8099448494e-02
   -3.3256680713e-02
   -1.5511880942e-02
   -8.3921203578e-02
    2.0373059069e-01
    1.6402919385e-02
   -2.0936189096e-01
    2.1283611642e-02
    2.0494839309e-01
   -1.0123320773e-01
    2.1145564519e-01
   -3.9849250968e-02
   -4.3980919735e-02
   -1.2473581725e-01
   -1.4504922107e-01
   -1.0714518157e-01
   -4.6436648137e-02
    1.9028657740e-01
   -2.1138603195e-02
   -1.9930223443e-02
   -1.3809241855e-01
   -8.4300997489e-02
   -2.9532953827e-02
   -3.1114706642e-03
    2.2671810967e-01
    2.1791488768e-02
   -2.1938291300e-01
    3.4279934860e-01
   -5.3566953059e-02
    2.3486313153e-01
   -1.0418097089e-01
    1.5262339112e-02
   -2.6379138650e-01
    1.3122460793e-02
   -3.1819412375e-02
   -6.1070980153e-02
   -2.9078895058e-01
    1.5251224346e-01
    1.9598072361e-02
    9.7532807497e-02
   -4.7037762408e-02
    5.2616758636e-03
   -4.9150083215e-02
   -1.3909334944e-01
    1.2206514691e-01
   -1.1997955900e-01
    1.0546276474e-01
   -3.6851545692e-03
   -4.2802614563e-02
    1.3211203448e-02
   -4.0552801276e-02
    5.9127618020e-02
    9.7473415062e-02
    2.4150447717e-02
   -3.3114625170e-01
   -1.5609146399e-01
    8.2988681887e-03
    1.9403770532e-01
    6.6309788464e-02
    1.6933366985e-01
    1.1384324321e-01
    1.4359816704e-01
    1.7796975746e-01
   -1.3146352928e-01
   -8.1406755603e-02
    8.6355538407e-02
    9.3981140303e-02
   -5.1085215615e-02
    1.8544646935e-01
    8.6769613266e-02
   -3.2676298141e-02
   -2.1015550027e-01
    3.8808841576e-02
   -1.1973875909e-01
   -5.3004035247e-02
   -1.3798757549e-01
    1.1951735033e-01
    1.6883696103e-01
   -9.3902023936e-03
    1.1192280225e-01
   -5.5363119811e-02
   -1.2327492121e-01
   -2.5885613459e-02
   -5.1903695908e-02
   -3.1948786084e-03
    1.4359568243e-01
    2.1688036614e-02
   -4.9313601183e-02
   -1.4063362634e-02
    4.5705810881e-02
    1.2017261112e-01
   -6.1084744045e-02
   -2.8299695946e-02
    1.1682210422e-01
   -5.9868842743e-02
    4.0528954128e-01
    1.7080894606e-01
   -4.4988560183e-02
   -1.1938150200e-03
    1.0133276858e-01
   -6.1157313194e-02
    5.7681228538e-02
    8.5935288622e-02
    6.9755382174e-02
   -3.4992317551e-01
   -4.2490873243e-03
   -2.2378788872e-02
    1.0593897525e-01
   -1.6324841930e-01
   -2.4635050447e-03
   -1.6176934319e-02
    1.0031258433e-01
   -4.2235051211e-02
   -7.1262410701e-02
    8.6148833431e-02
    3.3820261223e-02
    1.7357922808e-01
   -9.6994064608e-02
    1.4663980155e-02
   -1.7933751932e-02
    6.6167409700e-02
    9.1506242925e-02
   -1.2366785369e-01
    1.4149842175e-01
    1.0206741758e-01
    5.6709104209e-02
   -3.6945637957e-02
   -2.1199176436e-02
   -6.5684390231e-03
    6.4181621978e-02
   -8.8020615525e-02
   -5.9127252854e-02
   -1.2665953790e-02
   -3.5307301268e-02
    1.9556531849e-01
    8.6206493446e-02
   -3.7025603736e-02
    2.3096801387e-01
    1.9894846419e-01
    4.9310744122e-02
   -2.1555045868e-01
   -3.3838069486e-01
    3.0853082190e-01
    7.1864211017e-02
    2.3698968891e-01
    1.0390338025e-01
   -8.2998036956e-02
    1.2511113044e-01
   -2.2508022209e-02
   -1.6923784310e-01
    5.8931436877e-02
   -1.7462736195e-01
    5.6169095898e-02
   -5.6046924142e-02
   -1.6046304909e-01
    2.5860133149e-02
   -1.6976209218e-02
    7.3627006019e-03
   -8.0810681156e-02
    3.0176735769e-02
    5.7180247824e-02
   -1.4055974022e-01
   -7.2935898629e-03
    2.2555623824e-02
    1.5540551887e-02
    6.4637736591e-02
   -1.7360459669e-02
    3.3778276672e-02
   -1.4485649097e-01
    1.5842362168e-01
    4.8177313201e-02
    1.0168725871e-02
   -9.8658642187e-03
   -9.3012111292e-02
   -2.9432023567e+04
   -1.4854046657e+03
    4.7644352928e+03
   -2.4570545664e+03
    3.0069524898e+03
   -2.8759998009e+03
    1.6781524956e+03
   -6.5944386550e+02
    1.3543192589e+03
   -2.3581825940e+03
   -1.0702367021e+02
    1.2265871670e+03
    2.4503526352e+02
    5.6986529159e+02
   -5.3916243331e+02
    9.0652601477e+02
    8.1354521316e+02
    2.8302825558e+02
    1.1131426066e+02
   -1.8208144049e+02
   -3.2979921995e+02
    1.8495298908e+02
    6.5514223852e+01
   -3.3381785904e+02
   -2.3309785160e+02
    3.6088714539e+02
    4.6802693869e+01
    1.9088249275e+02
    1.9904396804e+02
   -1.4109201916e+02
   -1.1996244542e+02
   -1.5593944418e+02
    1.9686816332e+01
    8.3207820429e+00
    9.9892018941e+01
    6.8559036769e+01
    6.7069467061e+01
   -2.0077966335e+01
    7.2297953617e+01
    3.1358041484e+01
   -1.2751439196e+02
    5.7710764196e+01
   -3.0293058976e+01
   -6.6533465316e+01
    1.3492391916e+01
    8.1888731058e+00
   -6.9071392299e+01
    6.3445975886e+01
    8.1401981846e+01
   -7.6035139198e+01
   -5.3831343387e+01
   -7.3692122962e+00
   -1.9045236983e+01
    5.3123312040e+01
    5.1510036580e+00
    1.5239342850e+01
    2.4249579025e+01
    8.5514295384e+00
    2.2079150868e+00
   -3.9420036524e+00
   -2.7582038497e+01
    6.7566495034e+00
   -2.5788371826e+00
    2.4047147622e+01
    8.9610435454e+00
    9.6800290741e+00
   -1.7057749006e+01
   -1.7561600704e+01
   -2.4937902246e+00
    1.3258619059e+01
   -2.0721237411e+01
   -1.3952681537e+01
    1.3695306392e+01
    1.5920408383e+01
    1.2070094278e+01
    5.4602827423e+00
   -1.6344047427e+01
   -8.7008216795e+00
   -1.7428482097e+00
    2.5510046680e+00
    5.4496855688e+00
    8.7525992509e+00
   -2.2411453548e+01
    2.8901116730e+00
    1.0572285468e+01
   -2.8544049509e+00
    1.1347411021e+01
    2.0068125353e-01
   -6.4418390010e+00
   -1.3186044599e+01
   -6.7369927569e+00
    8.6470952354e-02
    7.8186574800e+00
    8.7931511766e+00
    8.8696147381e-01
   -9.1499787364e+00
   -3.3476434930e+00
   -1.0668714517e+01
    8.7684063353e+00
   -1.9006903964e+00
   -6.3044756946e+00
    3.3211267854e+00
    1.6439319484e-02
   -3.1369742595e-01
    8.9816512559e-01
    4.4057217635e+00
   -6.2573766445e-01
    4.4510957458e+00
    1.5029099825e+00
   -8.0687053554e+00
   -7.4344206308e-01
   -5.3723045675e-01
    2.1438086244e+00
   -4.1888460794e+00
    2.1587528070e+00
   -3.0307985641e+00
   -1.9293804889e+00
   -8.7400187141e-01
   -3.7351018935e+00
   -8.7797518534e+00
    3.0686826529e+00
   -1.3657128028e+00
   -2.7156275901e-01
   -2.5036428879e+00
    2.0794110738e+00
    2.0730872736e+00
   -5.5370710793e-01
   -8.6254708394e-01
   -8.8755286017e-01
    5.2552054970e-01
    7.3848847572e-01
   -6.8182534843e-01
   -2.0388255398e-01
    7.7271807504e-02
   -2.0286696490e+00
    1.6607431404e+00
   -1.4841600108e+00
   -3.3865128566e-01
   -2.6793416749e+00
    3.5638253362e-01
   -2.0083241919e+00
    3.3865004225e+00
   -2.4253736870e+00
   -1.9265150915e+00
   -1.6836851528e-01
   -1.2173503342e+00
    3.8056676812e-01
    4.4758184899e-01
    1.2856194320e+00
    1.7385251564e+00
   -9.1693902952e-01
   -2.1158258898e+00
    8.2674994570e-01
    2.1201423668e-01
    1.4380208343e-01
    7.3525588156e-01
    5.3184211122e-01
   -1.1420482633e-01
   -3.5909139441e-01
    3.5161515155e-01
   -4.5611825284e-01
    2.1160823211e-01
    2.0925385539e-01
   -9.0148538652e-01
   -9.8818525919e-01
   -1.3937335117e-01
   -8.3494202389e-02
    7.1017277262e-01
    4.4176453517e-02
   -9.1781037374e-01
   -9.3744828490e-01
    3.6951963892e-01
    4.7295209407e-01
    6.2912838245e-01
    1.5621409740e+00
   -3.9241538622e-01
   -4.8495414280e-01
    9.3204884201e-01
   -1.2568804196e+00
   -1.4897902619e-01
   -1.0026430794e-01
    8.1724221974e-01
    3.7256174557e-01
   -1.0387968553e-01
   -4.9769928461e-02
    3.9626943181e-01
    4.7880291965e-01
    8.0792424427e-02
    4.8854239065e-01
    4.7344463721e-01
   -3.1162092672e-01
   -3.8448270669e-01
   -4.0593061375e-01
   -3.7048300152e-01
   -7.0608968517e-01
   -3.0250372177e-01
    3.1042938956e-01
    4.0249115140e-01
   -3.5217116869e-01
   -6.3757405208e-01
   -1.5168922024e-01
    4.7952746104e-01
   -4.2874381816e-02
    5.2334102064e-01
    2.5109342228e-01
   -1.1566428984e-01
    6.9767078361e-03
    3.3373877302e-01
   -1.2732689746e-01
    3.7866695036e-01
    3.0677448629e-01
    6.2141485486e-02
    4.7964792530e-02
    3.8571105605e-01
    6.7500821410e-01
    2.7728471680e-02
   -2.6526948658e-01
    2.1396559172e-01
    3.4717838637e-01
   -7.4441082317e-02
    1.9562376524e-01
   -2.8806809199e-01
   -1.7539077079e-01
   -3.8564893107e-01
    2.1081077100e-01
    4.6406220765e-01
    6.8108892664e-01
    7.5316791538e-02
    6.7614040211e-02
    4.3221164810e-01
    2.4442659631e-01
   -1.7466947514e-01
    4.4872284494e-02
    1.2102021900e-01
    2.5569774224e-02
   -1.0689637061e-01
    1.1739762275e-01
   -8.8066277181e-02
    2.8473373163e-01
    9.6379219267e-02
   -1.6104946706e-01
   -2.6453934020e-01
    1.2648895947e-01
   -1.7153345900e-01
    3.0381168610e-02
    2.1059130610e-01
   -1.5562461986e-01
   -2.6574561083e-02
   -2.3806540602e-01
   -3.5234098281e-02
    6.4926225303e-02
    1.4682585567e-01
   -7.8101416552e-02
   -3.8024422482e-01
   -1.9317083312e-02
   -1.4384195228e-01
    1.0886162791e-01
    4.3651391686e-01
   -3.2544894758e-01
    1.1646823038e-01
    7.9433068036e-02
    2.9724324848e-01
   -2.8992287558e-02
   -5.0850081840e-02
    2.1017246339e-02
   -1.4415780314e-01
    7.7917641146e-02
   -3.1516454242e-02
   -1.5052340707e-02
   -8.4298968662e-02
    2.0485009612e-01
    1.7926290978e-02
   -2.0999007159e-01
    2.1813674027e-02
    2.0405174321e-01
   -9.9520464176e-02
    2.1184893530e-01
   -4.0881777856e-02
   -4.6815534434e-02
   -1.2380782737e-01
   -1.4608577444e-01
   -1.0578929624e-01
   -4.3772534857e-02
    1.8595322315e-01
   -2.3302242601e-02
   -2.0498515181e-02
   -1.3816320164e-01
   -7.9895586363e-02
   -3.0614132196e-02
   -2.7973371918e-03
    2.2791488011e-01
    2.0409948991e-02
   -2.1958072073e-01
    3.4274383199e-01
   -5.2959376485e-02
    2.3457708832e-01
   -1.0357488115e-01
    1.4808748253e-02
   -2.6520491225e-01
    1.3094867944e-02
   -3.1514791883e-02
   -6.1782067243e-02
   -2.9035744530e-01
    1.5188197021e-01
    2.0443081854e-02
    9.7650154443e-02
   -4.6754599102e-02
    5.2744730239e-03
   -4.8515434191e-02
   -1.3895546729e-01
    1.2117062978e-01
   -1.1927915916e-01
    1.0461711440e-01
   -5.0659619838e-03
   -4.2088696085e-02
    1.2350588767e-02
   -3.8852175632e-02
    6.0626576001e-02
    9.4954210147e-02
    2.2913751874e-02
   -3.2950600295e-01
   -1.5599278528e-01
    1.2458662698e-02
    1.9307915673e-01
    6.6199686474e-02
    1.7050612214e-01
    1.1387170769e-01
    1.4300905114e-01
    1.7764211269e-01
   -1.3141359875e-01
   -8.1435340357e-02
    8.6950887910e-02
    9.4544932848e-02
   -5.1884489794e-02
    1.8586774877e-01
    8.7073448754e-02
   -3.2352300743e-02
   -2.0995284172e-01
    3.8818299369e-02
   -1.1904422134e-01
   -5.3091392029e-02
   -1.3834252632e-01
    1.1972869546e-01
    1.6904059328e-01
   -9.0008796077e-03
    1.1207191013e-01
   -5.4690614677e-02
   -1.2306094144e-01
   -2.5240434951e-02
   -5.2325667643e-02
   -3.3699346813e-03
    1.4325527707e-01
    2.0885950402e-02
   -4.8039831668e-02
   -1.4310740191e-02
    4.4742711923e-02
    1.1848533993e-01
   -6.1027965046e-02
   -2.6850466891e-02
    1.1810386680e-01
   -6.0478675174e-02
    4.0545586685e-01
    1.7110713248e-01
   -4.5077170949e-02
   -1.5898884908e-03
    1.0118425157e-01
   -6.0465459861e-02
    5.7993572854e-02
    8.5991786110e-02
    7.0099171181e-02
   -3.5017113875e-01
   -4.3169209892e-03
   -2.2432692019e-02
    1.0596507841e-01
   -1.6303087229e-01
   -2.6941587547e-03
   -1.6098727879e-02
    1.0015858220e-01
   -4.2011965363e-02
   -7.1209199228e-02
    8.6002888045e-02
    3.3732365163e-02
    1.7360803232e-01
   -9.6783453002e-02
    1.4711169095e-02
   -1.7990819813e-02
    6.6257885623e-02
    9.1848097793e-02
   -1.2401138694e-01
    1.4185967660e-01
    1.0174626294e-01
    5.6246299252e-02
   -3.6440525006e-02
   -2.0834344584e-02
   -6.5223798090e-03
    6.3600690555e-02
   -8.8098352904e-02
   -5.8931618684e-02
   -1.2004326531e-02
   -3.5592738009e-02
    1.9539024398e-01
    8.6994071429e-02
   -3.6537197091e-02
    2.3064882935e-01
    1.9880478351e-01
    4.9445055040e-02
   -2.1563178009e-01
   -3.3808625802e-01
    3.0892383171e-01
    7.1693998456e-02
    2.3691829014e-01
    1.0359490143e-01
   -8.3056349437e-02
    1.2522627676e-01
   -2.2398137747e-02
   -1.6938696857e-01
    5.8609023233e-02
   -1.7480386389e-01
    5.6144554493e-02
   -5.5881329122e-02
   -1.6053159322e-01
    2.5752601907e-02
   -1.7112732465e-02
    7.3618720048e-03
   -8.1219056547e-02
    3.0283172714e-02
    5.7247157214e-02
   -1.4073742902e-01
   -7.5521814981e-03
    2.2900361603e-02
    1.5415664675e-02
    6.5052216118e-02
   -1.7135803674e-02
    3.3753351348e-02
   -1.4473951894e-01
    1.5862246218e-01
    4.7784936750e-02
    1.0086619905e-02
   -1.0266871685e-02
   -9.2716811876e-02
   -2.9427715797e+04
   -1.4796084954e+03
    4.7491796645e+03
   -2.4621798926e+03
    3.0042486144e+03
   -2.8901495541e+03
    1.6790370694e+03
   -6.6722617029e+02
    1.3557499325e+03
   -2.3608482062e+03
   -1.0364417038e+02
    1.2272115914e+03
    2.4496140631e+02
    5.6455056823e+02
   -5.4001505084e+02
    9.0618609015e+02
    8.1331956061e+02
    2.8278502430e+02
    1.0758149513e+02
   -1.7928898451e+02
   -3.2733667301e+02
    1.8689958173e+02
    6.3292373630e+01
   -3.3559115976e+02
   -2.3318891408e+02
    3.6117674599e+02
    4.6861267357e+01
    1.9036367083e+02
    2.0012909000e+02
   -1.4109331453e+02
   -1.2001720369e+02
   -1.5529425871e+02
    2.1289414178e+01
    9.6558357368e+00
    9.9606229289e+01
    6.8225196231e+01
    6.6848937537e+01
   -1.9877567446e+01
    7.2188292202e+01
    3.0542082814e+01
   -1.2662033524e+02
    5.7162153288e+01
   -3.0978569794e+01
   -6.6450724556e+01
    1.3604027813e+01
    8.4197756468e+00
   -6.8291693733e+01
    6.4024370700e+01
    8.1353620431e+01
   -7.6105675629e+01
   -5.3547029242e+01
   -7.6146700332e+00
   -1.8770941550e+01
    5.3660218963e+01
    4.8217510352e+00
    1.5319242686e+01
    2.4144436219e+01
    8.2186959460e+00
    1.6623205390e+00
   -4.4378196514e+00
   -2.7587478439e+01
    6.9237424081e+00
   -2.6264663889e+00
    2.4038263011e+01
    9.0333477227e+00
    9.4790721212e+00
   -1.7153861847e+01
   -1.7277542512e+01
   -2.2101333609e+00
    1.3230073376e+01
   -2.0791255263e+01
   -1.3659899417e+01
    1.3875324882e+01
    1.5798061544e+01
    1.2248459638e+01
    5.2776821841e+00
   -1.6451854533e+01
   -8.4631664483e+00
   -1.5860740366e+00
    2.6359981432e+00
    5.4383314192e+00
    8.7044317801e+00
   -2.2590552639e+01
    2.8831400576e+00
    1.0575752175e+01
   -2.6597599507e+00
    1.1167289741e+01
    1.5141155819e-02
   -6.2996511601e+00
   -1.3175242452e+01
   -6.6762744520e+00
    2.1164857385e-01
    7.8312621309e+00
    8.8270592249e+00
    8.3981018165e-01
   -9.1848718031e+00
   -3.1062437604e+00
   -1.0766146781e+01
    8.8967255586e+00
   -1.8841427586e+00
   -6.2968237165e+00
    3.3510906784e+00
   -1.9658921607e-02
   -2.9196734898e-01
    1.0249934168e+00
    4.3136556535e+00
   -6.5858313032e-01
    4.4860607272e+00
    1.4001017515e+00
   -8.1383796525e+00
   -7.6847729165e-01
   -4.8212264041e-01
    2.1289988470e+00
   -4.2045457078e+00
    2.0728199894e+00
   -3.1135119592e+00
   -1.9847040234e+00
   -7.7027815049e-01
   -3.7753998049e+00
   -8.7747742409e+00
    3.0650179776e+00
   -1.3565341574e+00
   -2.7308026893e-01
   -2.5407065057e+00
    2.1195453200e+00
    2.1006292628e+00
   -5.4398818863e-01
   -8.7778267306e-01
   -8.2068196976e-01
    4.9185641928e-01
    7.2689844877e-01
   -6.8292187488e-01
   -2.0557522000e-01
    4.3500193714e-02
   -1.9877502831e+00
    1.6358184520e+00
   -1.4984649144e+00
   -3.8445951949e-01
   -2.7308693666e+00
    3.3146841695e-01
   -2.0010965241e+00
    3.3412858806e+00
   -2.4647331116e+00
   -1.9173802727e+00
   -1.6559002861e-01
   -1.2241706606e+00
    3.8535755062e-01
    4.6019653332e-01
    1.2956045469e+00
    1.6967639857e+00
   -9.4620490073e-01
   -2.0802722132e+00
    8.1076072718e-01
    1.8873180635e-01
    1.6408548833e-01
    7.3772840864e-01
    5.2523160563e-01
   -1.2090231161e-01
   -3.5226614356e-01
    3.7943603523e-01
   -4.6092795999e-01
    2.0082991210e-01
    2.0674426153e-01
   -9.0619799120e-01
   -1.0090588396e+00
   -1.3273021735e-01
   -1.0227767749e-01
    6.9723967526e-01
    5.5918751386e-02
   -9.1951793912e-01
   -9.4459997460e-01
    3.8142642841e-01
    4.9132484356e-01
    6.4565262079e-01
    1.5438133597e+00
   -3.8320274236e-01
   -4.7173716101e-01
    9.1535414667e-01
   -1.2687196295e+00
   -1.3090329781e-01
   -9.9856759632e-02
    8.1578186956e-01
    3.6058694814e-01
   -9.5873870271e-02
   -5.7729792425e-02
    3.9956725798e-01
    4.7850994671e-01
    8.9205357044e-02
    4.9307835684e-01
    4.7626336417e-01
   -3.2158161238e-01
   -3.9605728378e-01
   -4.0009530788e-01
   -3.7563261094e-01
   -6.9372903238e-01
   -2.9887639960e-01
    3.0964485497e-01
    4.0791004294e-01
   -3.5027653564e-01
   -6.3384517196e-01
   -1.4947706080e-01
    4.7739414683e-01
   -4.0281487312e-02
    5.3168204385e-01
    2.5110674159e-01
   -1.1912872952e-01
    1.1552008512e-02
    3.3381563495e-01
   -1.2598933156e-01
    3.8627614734e-01
    3.0655719450e-01
    5.3138737089e-02
    5.0740961698e-02
    3.8732484281e-01
    6.7141657500e-01
    1.8572163739e-02
   -2.6149650583e-01
    2.2177101741e-01
    3.5049236696e-01
   -8.5143563703e-02
    1.9484386266e-01
   -2.9101693486e-01
   -1.8275448898e-01
   -3.7352306444e-01
    2.0726342326e-01
    4.6672703410e-01
    6.8119614462e-01
    7.2002571762e-02
    6.7191235309e-02
    4.3254025585e-01
    2.4561501641e-01
   -1.8054865615e-01
    4.7058278081e-02
    1.2143124443e-01
    2.5513623517e-02
   -1.0503060661e-01
    1.1830166364e-01
   -8.5494711300e-02
    2.8339277055e-01
    9.4071019837e-02
   -1.5823914650e-01
   -2.6353322035e-01
    1.2562744147e-01
   -1.7101728780e-01
    3.1040947160e-02
    2.0806417817e-01
   -1.5814530106e-01
   -2.3543850549e-02
   -2.3615759569e-01
   -3.1644126845e-02
    5.7690328711e-02
    1.4551222779e-01
   -8.0492482118e-02
   -3.8851493961e-01
   -1.2621481995e-02
   -1.4625638034e-01
    1.0836681003e-01
    4.3750887956e-01
   -3.2650007815e-01
    1.1521258533e-01
    7.8953073385e-02
    2.9665566522e-01
   -3.2261806759e-02
   -5.0287183814e-02
    1.9961080771e-02
   -1.4643808890e-01
    7.7955551148e-02
   -2.9811863961e-02
   -1.4577163922e-02
   -8.4566375334e-02
    2.0617191579e-01
    1.9448482516e-02
   -2.1059071555e-01
    2.2279032391e-02
    2.0318996287e-01
   -9.7835283499e-02
    2.1224921229e-01
   -4.1942741216e-02
   -4.9651714549e-02
   -1.2281712095e-01
   -1.4708150107e-01
   -1.0446708521e-01
   -4.1131948715e-02
    1.8157933402e-01
   -2.5675064707e-02
   -2.0942359609e-02
   -1.3796628881e-01
   -7.5545970858e-02
   -3.1746309462e-02
   -2.4281438269e-03
    2.2901247984e-01
    1.9034604790e-02
   -2.1986877713e-01
    3.4271397273e-01
   -5.2335454283e-02
    2.3431418097e-01
   -1.0298458974e-01
    1.4215138384e-02
   -2.6659787620e-01
    1.3147212445e-02
   -3.1175635549e-02
   -6.2561466748e-02
   -2.8993473680e-01
    1.5126492245e-01
    2.1274187419e-02
    9.7731623314e-02
   -4.6476409520e-02
    5.2996944598e-03
   -4.7925358231e-02
   -1.3892303887e-01
    1.2030017366e-01
   -1.1861393804e-01
    1.0376118985e-01
   -6.4469616347e-03
   -4.1449866760e-02
    1.1565175618e-02
   -3.7202763638e-02
    6.2053848666e-02
    9.2196025595e-02
    2.1611572073e-02
   -3.2792550301e-01
   -1.5561830456e-01
    1.6807764931e-02
    1.9214216260e-01
    6.6057256318e-02
    1.7167281418e-01
    1.1388897474e-01
    1.4241230661e-01
    1.7726594252e-01
   -1.3130227524e-01
   -8.1413499493e-02
    8.7610958426e-02
    9.5025236251e-02
   -5.2669176552e-02
    1.8631800020e-01
    8.7386660820e-02
   -3.2066418757e-02
   -2.0971001765e-01
    3.8877222384e-02
   -1.1835455919e-01
   -5.3193188386e-02
   -1.3866929592e-01
    1.1993136724e-01
    1.6916605931e-01
   -8.6063074804e-03
    1.1223676839e-01
   -5.4029641378e-02
   -1.2285235123e-01
   -2.4646651350e-02
   -5.2795434929e-02
   -3.4920879773e-03
    1.4291218509e-01
    2.0139455029e-02
   -4.6692864904e-02
   -1.4499326761e-02
    4.3792746889e-02
    1.1687914071e-01
   -6.0869598317e-02
   -2.5387659348e-02
    1.1936367042e-01
   -6.1118382183e-02
    4.0564301853e-01
    1.7140736274e-01
   -4.5155224996e-02
   -2.0014944895e-03
    1.0102808698e-01
   -5.9725494055e-02
    5.8300222808e-02
    8.6071360631e-02
    7.0408721291e-02
   -3.5042143817e-01
   -4.4245609236e-03
   -2.2453679118e-02
    1.0598858363e-01
   -1.6278108336e-01
   -2.9737648134e-03
   -1.6023449501e-02
    9.9993688092e-02
   -4.1764011356e-02
   -7.1171238142e-02
    8.5866427976e-02
    3.3637152914e-02
    1.7363940660e-01
   -9.6581977264e-02
    1.4738590282e-02
   -1.8024368659e-02
    6.6347171699e-02
    9.2177292938e-02
   -1.2435588323e-01
    1.4219893449e-01
    1.0136241197e-01
    5.5789828040e-02
   -3.5946217891e-02
   -2.0496663853e-02
   -6.4171285929e-03
    6.3081939646e-02
   -8.8187243765e-02
   -5.8739624659e-02
   -1.1367771279e-02
   -3.5895781155e-02
    1.9522203547e-01
    8.7772350616e-02
   -3.6051795487e-02
    2.3034374506e-01
    1.9868266207e-01
    4.9597992252e-02
   -2.1571235912e-01
   -3.3779633369e-01
    3.0930880845e-01
    7.1518193517e-02
    2.3683242083e-01
    1.0327525313e-01
   -8.3128595531e-02
    1.2532745477e-01
   -2.2279580758e-02
   -1.6954467015e-01
    5.8275484767e-02
   -1.7498251752e-01
    5.6121636188e-02
   -5.5710952073e-02
   -1.6060506515e-01
    2.5641700914e-02
   -1.7245850155e-02
    7.3565928959e-03
   -8.1632446675e-02
    3.0394838083e-02
    5.7333446994e-02
   -1.4091379244e-01
   -7.8242223611e-03
    2.3274343598e-02
    1.5304149437e-02
    6.5480859936e-02
   -1.6894396318e-02
    3.3765370018e-02
   -1.4463327118e-01
    1.5882525792e-01
    4.7440039551e-02
    1.0024373447e-02
   -1.0626635914e-02
   -9.2422032574e-02
   -2.9423479260e+04
   -1.4747023386e+03
    4.7336816274e+03
   -2.4674623008e+03
    3.0014614288e+03
   -2.9046297770e+03
    1.6796953176e+03
   -6.7503543658e+02
    1.3570203470e+03
   -2.3635416642e+03
   -1.0031466497e+02
    1.2278892467e+03
    2.4471531588e+02
    5.5914058761e+02
   -5.4140425219e+02
    9.0584886629e+02
    8.1298944725e+02
    2.8253158937e+02
    1.0408622951e+02
   -1.7654593683e+02
   -3.2480799647e+02
    1.8884693772e+02
    6.1216541355e+01
   -3.3723565781e+02
   -2.3328985217e+02
    3.6146843415e+02
    4.6988254864e+01
    1.8993970530e+02
    2.0127742889e+02
   -1.4107742978e+02
   -1.1992351379e+02
   -1.5464651561e+02
    2.2941458832e+01
    1.0669587125e+01
    9.9291445231e+01
    6.7900086621e+01
    6.6606447884e+01
   -1.9668512085e+01
    7.2132183270e+01
    2.9809262160e+01
   -1.2576990877e+02
    5.6584491231e+01
   -3.1749796855e+01
   -6.6318437923e+01
    1.3669541266e+01
    8.5908361784e+00
   -6.7597991688e+01
    6.4716363540e+01
    8.1280565427e+01
   -7.6169926895e+01
   -5.3266140566e+01
   -7.8393189313e+00
   -1.8504874687e+01
    5.4157867834e+01
    4.4380516664e+00
    1.5373422894e+01
    2.4045468074e+01
    7.9136745632e+00
    1.1103741071e+00
   -4.9119120931e+00
   -2.7574101930e+01
    7.1829083579e+00
   -2.6226103098e+00
    2.4019016911e+01
    9.1108642530e+00
    9.2669674279e+00
   -1.7248255823e+01
   -1.6996365661e+01
   -1.9272362532e+00
    1.3188994025e+01
   -2.0848914307e+01
   -1.3371030338e+01
    1.4064015644e+01
    1.5674290941e+01
    1.2443493072e+01
    5.0437298027e+00
   -1.6517850834e+01
   -8.2136978811e+00
   -1.4184835514e+00
    2.6845377247e+00
    5.4176286251e+00
    8.6679055762e+00
   -2.2769182566e+01
    2.8786541212e+00
    1.0593661862e+01
   -2.4691889763e+00
    1.0986747651e+01
   -1.6370967839e-01
   -6.1461019153e+00
   -1.3171315977e+01
   -6.6194989473e+00
    3.4657196873e-01
    7.8364959252e+00
    8.8460584620e+00
    7.9830370075e-01
   -9.2148297105e+00
   -2.8671644536e+00
   -1.0892225249e+01
    9.0158410760e+00
   -1.8652663563e+00
   -6.2912295077e+00
    3.3668006071e+00
   -4.8878213176e-02
   -2.6498937171e-01
    1.1471614051e+00
    4.2153014317e+00
   -6.9077470287e-01
    4.5260787664e+00
    1.2941342061e+00
   -8.2110288192e+00
   -7.9178682156e-01
   -4.1869133135e-01
    2.1020679280e+00
   -4.2166542945e+00
    1.9773436288e+00
   -3.1836878836e+00
   -2.0433844240e+00
   -6.6942210003e-01
   -3.7994568408e+00
   -8.7600947093e+00
    3.0632896525e+00
   -1.3477367994e+00
   -2.7188951718e-01
   -2.5704348404e+00
    2.1604355530e+00
    2.1278884818e+00
   -5.3732936871e-01
   -8.8939111042e-01
   -7.5313884194e-01
    4.5800335413e-01
    7.1562884206e-01
   -6.8498767712e-01
   -2.0621487481e-01
    1.2252237348e-02
   -1.9438229881e+00
    1.6098186927e+00
   -1.5126071959e+00
   -4.2387122694e-01
   -2.7784547555e+00
    3.1129040855e-01
   -1.9930974797e+00
    3.2998424629e+00
   -2.5019856049e+00
   -1.9093977833e+00
   -1.6292332451e-01
   -1.2287308116e+00
    3.8775095556e-01
    4.7383129854e-01
    1.3036838697e+00
    1.6552273299e+00
   -9.7456979413e-01
   -2.0422690155e+00
    7.9486850350e-01
    1.6722903579e-01
    1.8354750104e-01
    7.3777426349e-01
    5.1804475204e-01
   -1.2639724791e-01
   -3.4358157654e-01
    4.0552046660e-01
   -4.6555904477e-01
    1.9157649008e-01
    2.0251063100e-01
   -9.1175843259e-01
   -1.0298650577e+00
   -1.2483232969e-01
   -1.2120443964e-01
    6.7993737273e-01
    6.7619239139e-02
   -9.2036437422e-01
   -9.5029530541e-01
    3.9350146473e-01
    5.0998430016e-01
    6.6120629829e-01
    1.5254503737e+00
   -3.7359556791e-01
   -4.5867365739e-01
    8.9597164047e-01
   -1.2798230898e+00
   -1.1203020432e-01
   -9.9406974170e-02
    8.1242953760e-01
    3.4888723848e-01
   -8.8410761578e-02
   -6.6251513892e-02
    4.0044375859e-01
    4.7759988415e-01
    9.8066720656e-02
    4.9788378364e-01
    4.7796301541e-01
   -3.3149768451e-01
   -4.0844570305e-01
   -3.9468293857e-01
   -3.8313004526e-01
   -6.8034156735e-01
   -2.9494676488e-01
    3.0898962119e-01
    4.1361594774e-01
   -3.4820367382e-01
   -6.3032834397e-01
   -1.4747605189e-01
    4.7503941536e-01
   -3.7122367966e-02
    5.3985053483e-01
    2.5021867096e-01
   -1.2331303464e-01
    1.6255630239e-02
    3.3336862377e-01
   -1.2492854583e-01
    3.9391658320e-01
    3.0593969653e-01
    4.4482323841e-02
    5.3239459879e-02
    3.8891178030e-01
    6.6731752581e-01
    9.4512628274e-03
   -2.5787264510e-01
    2.2966458275e-01
    3.5349682198e-01
   -9.4894332110e-02
    1.9493456714e-01
   -2.9387256100e-01
   -1.9132216599e-01
   -3.5994980860e-01
    2.0372968100e-01
    4.6958639417e-01
    6.8121726313e-01
    6.8505867055e-02
    6.6598572528e-02
    4.3301944882e-01
    2.4662126248e-01
   -1.8596255435e-01
    4.9278950003e-02
    1.2163895150e-01
    2.5060523250e-02
   -1.0305503059e-01
    1.1900242224e-01
   -8.2762246720e-02
    2.8197099369e-01
    9.1813681373e-02
   -1.5532327319e-01
   -2.6229951042e-01
    1.2453879153e-01
   -1.7058960843e-01
    3.1509621651e-02
    2.0561512394e-01
   -1.6033054062e-01
   -2.0420972788e-02
   -2.3469260909e-01
   -2.8260435786e-02
    5.0117140426e-02
    1.4417087759e-01
   -8.2606323597e-02
   -3.9731758546e-01
   -5.7836514600e-03
   -1.4862858268e-01
    1.0788006009e-01
    4.3831326238e-01
   -3.2768971352e-01
    1.1391763911e-01
    7.8448228596e-02
    2.9591382386e-01
   -3.5415383800e-02
   -4.9667887579e-02
    1.8897625276e-02
   -1.4870753555e-01
    7.8220273561e-02
   -2.8191057591e-02
   -1.4115015981e-02
   -8.4722382664e-02
    2.0770839671e-01
    2.0949526112e-02
   -2.1117935522e-01
    2.2709781095e-02
    2.0239916861e-01
   -9.6204722943e-02
    2.1266088987e-01
   -4.3011831052e-02
   -5.2490810882e-02
   -1.2177416139e-01
   -1.4806661207e-01
   -1.0319083191e-01
   -3.8541981383e-02
    1.7719176291e-01
   -2.8207375391e-02
   -2.1256972401e-02
   -1.3759429658e-01
   -7.1155176528e-02
   -3.2938730390e-02
   -2.0119140354e-03
    2.3001226514e-01
    1.7674363776e-02
   -2.2024876411e-01
    3.4271160424e-01
   -5.1709227867e-02
    2.3407702744e-01
   -1.0238800545e-01
    1.3499364172e-02
   -2.6795985951e-01
    1.3278661116e-02
   -3.0804830811e-02
   -6.3397193554e-02
   -2.8952811736e-01
    1.5067288668e-01
    2.2075363345e-02
    9.7786471819e-02
   -4.6199286346e-02
    5.3397298760e-03
   -4.7373543455e-02
   -1.3901214484e-01
    1.1946333501e-01
   -1.1799265144e-01
    1.0288282683e-01
   -7.8201887717e-03
   -4.0884042680e-02
    1.0873498867e-02
   -3.5608884920e-02
    6.3400903375e-02
    8.9212720367e-02
    2.0264808291e-02
   -3.2643361945e-01
   -1.5496834565e-01
    2.1307130479e-02
    1.9123270467e-01
    6.5889406607e-02
    1.7281777782e-01
    1.1389344897e-01
    1.4180416797e-01
    1.7683881677e-01
   -1.3112694794e-01
   -8.1339785969e-02
    8.8335323855e-02
    9.5418520237e-02
   -5.3440260902e-02
    1.8678988806e-01
    8.7706697204e-02
   -3.1819946347e-02
   -2.0942838149e-01
    3.8982559933e-02
   -1.1767157977e-01
   -5.3303081020e-02
   -1.3896537159e-01
    1.2012783513e-01
    1.6921126697e-01
   -8.2086297598e-03
    1.1242653221e-01
   -5.3389076906e-02
   -1.2265295535e-01
   -2.4105201131e-02
   -5.3314801544e-02
   -3.5577762945e-03
    1.4257789868e-01
    1.9455496552e-02
   -4.5275500842e-02
   -1.4628415501e-02
    4.2860014160e-02
    1.1536070062e-01
   -6.0602040264e-02
   -2.3919207931e-02
    1.2058663290e-01
   -6.1790326794e-02
    4.0585346144e-01
    1.7171230225e-01
   -4.5223698328e-02
   -2.4276625191e-03
    1.0085978418e-01
   -5.8934757582e-02
    5.8596935138e-02
    8.6175662378e-02
    7.0682706223e-02
   -3.5067091264e-01
   -4.5725613426e-03
   -2.2442922470e-02
    1.0601096527e-01
   -1.6249912835e-01
   -3.3029109471e-03
   -1.5953430325e-02
    9.9818202246e-02
   -4.1490031911e-02
   -7.1145908196e-02
    8.5737840569e-02
    3.3533313586e-02
    1.7367551985e-01
   -9.6390442414e-02
    1.4747656864e-02
   -1.8032512812e-02
    6.6431888151e-02
    9.2492649472e-02
   -1.2470168353e-01
    1.4251535878e-01
    1.0092047984e-01
    5.5342459182e-02
   -3.5464877451e-02
   -2.0188869019e-02
   -6.2546655143e-03
    6.2627352692e-02
   -8.8290120054e-02
   -5.8551924188e-02
   -1.0757815989e-02
   -3.6216472986e-02
    1.9506088354e-01
    8.8541334453e-02
   -3.5568232819e-02
    2.3005379173e-01
    1.9858382303e-01
    4.9770850403e-02
   -2.1579077558e-01
   -3.3751041351e-01
    3.0968546423e-01
    7.1336506172e-02
    2.3673137601e-01
    1.0294514010e-01
   -8.3214659948e-02
    1.2541436250e-01
   -2.2151732153e-02
   -1.6971128416e-01
    5.7930287274e-02
   -1.7516308036e-01
    5.6101056677e-02
   -5.5535112479e-02
   -1.6068349052e-01
    2.5527377439e-02
   -1.7375127181e-02
    7.3458059788e-03
   -8.2050891713e-02
    3.0512022029e-02
    5.7438947011e-02
   -1.4108882381e-01
   -8.1087087904e-03
    2.3675432296e-02
    1.5207948311e-02
    6.5922919794e-02
   -1.6635621156e-02
    3.3811973926e-02
   -1.4453800063e-01
    1.5903222393e-01
    4.7144507277e-02
    9.9807201895e-03
   -1.0943406721e-02
   -9.2126139435e-02
   -2.9419708788e+04
   -1.4702547054e+03
    4.7181513388e+03
   -2.4728774108e+03
    2.9984333828e+03
   -2.9194213240e+03
    1.6800664811e+03
   -6.8333985096e+02
    1.3582468585e+03
   -2.3662920154e+03
   -9.7055084671e+01
    1.2287558724e+03
    2.4430625151e+02
    5.5373676284e+02
   -5.4284243110e+02
    9.0551509192e+02
    8.1257996122e+02
    2.8232562526e+02
    1.0079510478e+02
   -1.7377757345e+02
   -3.2220169802e+02
    1.9081011320e+02
    5.9339148238e+01
   -3.3883109070e+02
   -2.3342768063e+02
    3.6176964557e+02
    4.7131590096e+01
    1.8955969451e+02
    2.0247069095e+02
   -1.4105456833e+02
   -1.1982479740e+02
   -1.5403264051e+02
    2.4649182201e+01
    1.1365723925e+01
    9.8919699176e+01
    6.7564236655e+01
    6.6355290880e+01
   -1.9507651525e+01
    7.2115012293e+01
    2.9114889377e+01
   -1.2494910735e+02
    5.5978696543e+01
   -3.2588338846e+01
   -6.6131846316e+01
    1.3687806800e+01
    8.7149686681e+00
   -6.6989908192e+01
    6.5443371642e+01
    8.1195176480e+01
   -7.6228601406e+01
   -5.2993739691e+01
   -8.0161179510e+00
   -1.8243800919e+01
    5.4617094766e+01
    4.0307136836e+00
    1.5418262451e+01
    2.3947632352e+01
    7.6366465050e+00
    5.6888709905e-01
   -5.3529395292e+00
   -2.7542235784e+01
    7.5331821412e+00
   -2.5645208965e+00
    2.3989110543e+01
    9.1957382488e+00
    9.0651185613e+00
   -1.7332832289e+01
   -1.6713197416e+01
   -1.6522270377e+00
    1.3138784961e+01
   -2.0889234896e+01
   -1.3081642395e+01
    1.4266908016e+01
    1.5554855708e+01
    1.2650432398e+01
    4.7822490859e+00
   -1.6547327979e+01
   -7.9697805526e+00
   -1.2416037634e+00
    2.7057876889e+00
    5.3894989615e+00
    8.6363715162e+00
   -2.2945587182e+01
    2.8681029502e+00
    1.0625723249e+01
   -2.2848169624e+00
    1.0801994020e+01
   -3.3798283853e-01
   -5.9804480622e+00
   -1.3174231924e+01
   -6.5624231427e+00
    4.8339344488e-01
    7.8351923392e+00
    8.8560363600e+00
    7.5226952608e-01
   -9.2392067401e+00
   -2.6279251178e+00
   -1.1038482168e+01
    9.1308146166e+00
   -1.8450870905e+00
   -6.2889028733e+00
    3.3710511198e+00
   -7.3256927730e-02
   -2.3528031932e-01
    1.2645847782e+00
    4.1102766005e+00
   -7.2311367551e-01
    4.5724236429e+00
    1.1862810977e+00
   -8.2848941253e+00
   -8.1385719745e-01
   -3.5250934868e-01
    2.0668991993e+00
   -4.2254631336e+00
    1.8762247907e+00
   -3.2393695965e+00
   -2.1038090247e+00
   -5.7197890389e-01
   -3.8097602352e+00
   -8.7473952793e+00
    3.0635647882e+00
   -1.3400063815e+00
   -2.6898346188e-01
   -2.5924294373e+00
    2.2020666403e+00
    2.1546331557e+00
   -5.3346907302e-01
   -8.9727022368e-01
   -6.8522935822e-01
    4.2539878770e-01
    7.0471370611e-01
   -6.8612229079e-01
   -2.0595979488e-01
   -1.4119273400e-02
   -1.8959643665e+00
    1.5834733898e+00
   -1.5272303902e+00
   -4.5768338664e-01
   -2.8228703272e+00
    2.9314267746e-01
   -1.9861030839e+00
    3.2627289789e+00
   -2.5324992750e+00
   -1.9030500536e+00
   -1.6021160989e-01
   -1.2316357724e+00
    3.8779460975e-01
    4.8811455655e-01
    1.3096336656e+00
    1.6142714604e+00
   -1.0014238747e+00
   -2.0021818696e+00
    7.7932069510e-01
    1.4744712032e-01
    2.0254033388e-01
    7.3553809527e-01
    5.1109389894e-01
   -1.3095977751e-01
   -3.3292416620e-01
    4.3024341912e-01
   -4.6938551944e-01
    1.8360820181e-01
    1.9447132222e-01
   -9.1793244530e-01
   -1.0503871977e+00
   -1.1543406835e-01
   -1.4317313603e-01
    6.5722748855e-01
    7.9296352328e-02
   -9.2042081285e-01
   -9.5400857895e-01
    4.0555619519e-01
    5.2875902414e-01
    6.7538883153e-01
    1.5073084843e+00
   -3.6352564026e-01
   -4.4595267313e-01
    8.7384309884e-01
   -1.2897653953e+00
   -9.2678613197e-02
   -9.8891820135e-02
    8.0729342762e-01
    3.3727583497e-01
   -8.1816891128e-02
   -7.4998151100e-02
    3.9880059915e-01
    4.7612758786e-01
    1.0678804724e-01
    5.0293764545e-01
    4.7835721959e-01
   -3.4197582966e-01
   -4.2090338420e-01
   -3.8934140282e-01
   -3.9227511574e-01
   -6.6616682087e-01
   -2.9077769962e-01
    3.0851100558e-01
    4.1950100700e-01
   -3.4618375151e-01
   -6.2715386946e-01
   -1.4594098270e-01
    4.7255320641e-01
   -3.3361337806e-02
    5.4787311044e-01
    2.4862633601e-01
   -1.2823630330e-01
    2.1042662437e-02
    3.3234764426e-01
   -1.2421945089e-01
    4.0143658220e-01
    3.0492898691e-01
    3.6311598345e-02
    5.5466699936e-02
    3.9045551506e-01
    6.6281104132e-01
    4.1966755243e-04
   -2.5434208567e-01
    2.3747057424e-01
    3.5639739589e-01
   -1.0362531850e-01
    1.9567894199e-01
   -2.9647831585e-01
   -2.0135218994e-01
   -3.4569465733e-01
    2.0030112081e-01
    4.7255938110e-01
    6.8121334268e-01
    6.4918724220e-02
    6.5904253596e-02
    4.3368813583e-01
    2.4740851175e-01
   -1.9090677563e-01
    5.1519929428e-02
    1.2162382728e-01
    2.4224178951e-02
   -1.0098898197e-01
    1.1947147363e-01
   -7.9845066900e-02
    2.8049338958e-01
    8.9579321503e-02
   -1.5230150535e-01
   -2.6082947884e-01
    1.2328842324e-01
   -1.7017387756e-01
    3.1822109992e-02
    2.0323022153e-01
   -1.6223381499e-01
   -1.7264865903e-02
   -2.3361870506e-01
   -2.5182757381e-02
    4.2201885656e-02
    1.4291371958e-01
   -8.4502426151e-02
   -4.0639528020e-01
    1.1582864169e-03
   -1.5095939654e-01
    1.0739229164e-01
    4.3895185693e-01
   -3.2899280137e-01
    1.1258412829e-01
    7.7916367533e-02
    2.9504455785e-01
   -3.8422963381e-02
   -4.8943658466e-02
    1.7832484771e-02
   -1.5097730764e-01
    7.8709312881e-02
   -2.6700698199e-02
   -1.3692825322e-02
   -8.4774831749e-02
    2.0946297374e-01
    2.2407438907e-02
   -2.1176808190e-01
    2.3140837793e-02
    2.0171803618e-01
   -9.4664620772e-02
    2.1308437422e-01
   -4.4074809306e-02
   -5.5333497774e-02
   -1.2068348632e-01
   -1.4908262890e-01
   -1.0196959919e-01
   -3.6021159852e-02
    1.7281185763e-01
   -3.0848564839e-02
   -2.1441363040e-02
   -1.3709928828e-01
   -6.6631859544e-02
   -3.4199769567e-02
   -1.5556111657e-03
    2.3091547592e-01
    1.6337004827e-02
   -2.2072336594e-01
    3.4273825338e-01
   -5.1094646082e-02
    2.3387073163e-01
   -1.0176087929e-01
    1.2680316988e-02
   -2.6928212968e-01
    1.3484424420e-02
   -3.0407956332e-02
   -6.4276117289e-02
   -2.8914318589e-01
    1.5011589158e-01
    2.2833049426e-02
    9.7825645588e-02
   -4.5921642448e-02
    5.3961793305e-03
   -4.6853840915e-02
   -1.3923552846e-01
    1.1866941269e-01
   -1.1742486235e-01
    1.0197354859e-01
   -9.1761750379e-03
   -4.0382107415e-02
    1.0293224234e-02
   -3.4080361853e-02
    6.4658777329e-02
    8.6019611392e-02
    1.8891916108e-02
   -3.2506158169e-01
   -1.5404756750e-01
    2.5898961563e-02
    1.9035629487e-01
    6.5704323393e-02
    1.7392438329e-01
    1.1388315940e-01
    1.4117995660e-01
    1.7635956437e-01
   -1.3088607242e-01
   -8.1213665861e-02
    8.9121768604e-02
    9.5721130658e-02
   -5.4199107988e-02
    1.8727530188e-01
    8.8030302311e-02
   -3.1614185909e-02
   -2.0910999781e-01
    3.9130781063e-02
   -1.1699549295e-01
   -5.3414330514e-02
   -1.3922847520e-01
    1.2032041045e-01
    1.6917440324e-01
   -7.8099829064e-03
    1.1265126894e-01
   -5.2777642692e-02
   -1.2246635207e-01
   -2.3617067194e-02
   -5.3884236034e-02
   -3.5649915227e-03
    1.4226532013e-01
    1.8840353918e-02
   -4.3792083714e-02
   -1.4698156873e-02
    4.1949573240e-02
    1.1393422353e-01
   -6.0218074678e-02
   -2.2446119162e-02
    1.2175062679e-01
   -6.2496458234e-02
    4.0608987350e-01
    1.7202461529e-01
   -4.5283714100e-02
   -2.8671846826e-03
    1.0067422137e-01
   -5.8090886973e-02
    5.8880016593e-02
    8.6305812746e-02
    7.0920182629e-02
   -3.5091669184e-01
   -4.7609382144e-03
   -2.2401667361e-02
    1.0603336770e-01
   -1.6218523901e-01
   -3.6817619252e-03
   -1.5890539469e-02
    9.9632558645e-02
   -4.1189015009e-02
   -7.1130419652e-02
    8.5615869450e-02
    3.3419904693e-02
    1.7371815802e-01
   -9.6209750941e-02
    1.4740072413e-02
   -1.8013193237e-02
    6.6509085183e-02
    9.2793384369e-02
   -1.2504943921e-01
    1.4280858943e-01
    1.0042597090e-01
    5.4906087858e-02
   -3.4998324651e-02
   -1.9913385327e-02
   -6.0379474480e-03
    6.2238352216e-02
   -8.8410529871e-02
   -5.8368767514e-02
   -1.0174508753e-02
   -3.6554791254e-02
    1.9490694575e-01
    8.9301114349e-02
   -3.5085362594e-02
    2.2977986713e-01
    1.9850968940e-01
    4.9964722427e-02
   -2.1586580897e-01
   -3.3722811493e-01
    3.1005342594e-01
    7.1148779920e-02
    2.3661470180e-01
    1.0260539055e-01
   -8.3314354113e-02
    1.2548682510e-01
   -2.2014052999e-02
   -1.6988688295e-01
    5.7572963319e-02
   -1.7534531495e-01
    5.6083432293e-02
   -5.5353399471e-02
   -1.6076667956e-01
    2.5409605717e-02
   -1.7500041095e-02
    7.3285337728e-03
   -8.2474294882e-02
    3.0635027244e-02
    5.7563294175e-02
   -1.4126231493e-01
   -8.4045479091e-03
    2.4101106330e-02
    1.5128835442e-02
    6.6377612866e-02
   -1.6358975741e-02
    3.3890519391e-02
   -1.4445374908e-01
    1.5924340397e-01
    4.6899732255e-02
    9.9541347084e-03
   -1.1215834410e-02
   -9.1827924797e-02
   -2.9416315760e+04
   -1.4659862025e+03
    4.7031546319e+03
   -2.4783783003e+03
    2.9950388966e+03
   -2.9343434234e+03
    1.6800289289e+03
   -6.9228219855e+02
    1.3595004908e+03
   -2.3691883596e+03
   -9.3883057179e+01
    1.2300296101e+03
    2.4378587522e+02
    5.4827307643e+02
   -5.4365520114e+02
    9.0514213427e+02
    8.1209158860e+02
    2.8215182143e+02
    9.7686701936e+01
   -1.7089428614e+02
   -3.1952767086e+02
    1.9271542459e+02
    5.7432828780e+01
   -3.4056457952e+02
   -2.3357308721e+02
    3.6208343907e+02
    4.7237045379e+01
    1.8917506586e+02
    2.0366302947e+02
   -1.4098665489e+02
   -1.1987440739e+02
   -1.5348646286e+02
    2.6324388611e+01
    1.1873137410e+01
    9.8549696024e+01
    6.7224995384e+01
    6.6121298990e+01
   -1.9405456350e+01
    7.2144631378e+01
    2.8390302270e+01
   -1.2416655635e+02
    5.5343759854e+01
   -3.3438572397e+01
   -6.5901697391e+01
    1.3668705384e+01
    8.7968278971e+00
   -6.6425965348e+01
    6.6107889593e+01
    8.1107445405e+01
   -7.6294576899e+01
   -5.2724536264e+01
   -8.1288711883e+00
   -1.7980128346e+01
    5.5041364493e+01
    3.6306757177e+00
    1.5475801142e+01
    2.3846430039e+01
    7.3739026017e+00
    2.7842667024e-02
   -5.7623137263e+00
   -2.7487708929e+01
    7.9585820332e+00
   -2.4592063235e+00
    2.3949536369e+01
    9.2862170427e+00
    8.8882544247e+00
   -1.7399204268e+01
   -1.6418126283e+01
   -1.3871182798e+00
    1.3081429819e+01
   -2.0914601543e+01
   -1.2792209394e+01
    1.4484179489e+01
    1.5436542035e+01
    1.2861204472e+01
    4.5184172615e+00
   -1.6553730996e+01
   -7.7365819060e+00
   -1.0592901257e+00
    2.7175332069e+00
    5.3564868571e+00
    8.6017151811e+00
   -2.3116767561e+01
    2.8468228784e+00
    1.0670800949e+01
   -2.1081435985e+00
    1.0610558299e+01
   -5.0892241342e-01
   -5.8049973801e+00
   -1.3182757131e+01
   -6.5021532275e+00
    6.1641229560e-01
    7.8302258416e+00
    8.8618216524e+00
    6.9429701126e-01
   -9.2561543803e+00
   -2.3864646766e+00
   -1.1199602454e+01
    9.2439564717e+00
   -1.8229105711e+00
   -6.2896333001e+00
    3.3682032684e+00
   -9.3440322846e-02
   -2.0548130250e-01
    1.3754249554e+00
    3.9977421122e+00
   -7.5490262505e-01
    4.6252610475e+00
    1.0771904662e+00
   -8.3579989589e+00
   -8.3343592964e-01
   -2.8920167860e-01
    2.0275884650e+00
   -4.2330473087e+00
    1.7748473842e+00
   -3.2827191067e+00
   -2.1640260571e+00
   -4.7649272633e-01
   -3.8122756327e+00
   -8.7462192360e+00
    3.0661230244e+00
   -1.3338038137e+00
   -2.6550220803e-01
   -2.6077659287e+00
    2.2437003395e+00
    2.1804702094e+00
   -5.3151909138e-01
   -9.0118203975e-01
   -6.1728382737e-01
    3.9466653781e-01
    6.9407954936e-01
   -6.8457843351e-01
   -2.0552533241e-01
   -3.4245171787e-02
   -1.8444998135e+00
    1.5569343954e+00
   -1.5425478595e+00
   -4.8762855859e-01
   -2.8649229147e+00
    2.7428023943e-01
   -1.9813411382e+00
    3.2289970006e+00
   -2.5519891591e+00
   -1.8983413605e+00
   -1.5711634378e-01
   -1.2334132264e+00
    3.8570798520e-01
    5.0255523202e-01
    1.3134203644e+00
    1.5741813473e+00
   -1.0263409740e+00
   -1.9608762188e+00
    7.6423187694e-01
    1.2924794452e-01
    2.2176561162e-01
    7.3162853584e-01
    5.0479459696e-01
   -1.3483115427e-01
   -3.2029427040e-01
    4.5429257946e-01
   -4.7169789592e-01
    1.7653349304e-01
    1.8142823399e-01
   -9.2437616731e-01
   -1.0700917076e+00
   -1.0423573859e-01
   -1.7125706999e-01
    6.2926511578e-01
    9.0916308252e-02
   -9.2002459054e-01
   -9.5542857201e-01
    4.1746032705e-01
    5.4750545342e-01
    6.8777729093e-01
    1.4895659502e+00
   -3.5294912571e-01
   -4.3361249909e-01
    8.4927909976e-01
   -1.2981773017e+00
   -7.3195466481e-02
   -9.8256653680e-02
    8.0061136832e-01
    3.2570173398e-01
   -7.6145177783e-02
   -8.3517149351e-02
    3.9492279857e-01
    4.7436166759e-01
    1.1496323625e-01
    5.0834233099e-01
    4.7734451746e-01
   -3.5351145952e-01
   -4.3276646290e-01
   -3.8375280840e-01
   -4.0166617656e-01
   -6.5127299801e-01
   -2.8642426274e-01
    3.0819082093e-01
    4.2544166737e-01
   -3.4441882283e-01
   -6.2443604366e-01
   -1.4508383925e-01
    4.7004585745e-01
   -2.9060068801e-02
    5.5585793278e-01
    2.4657323141e-01
   -1.3375360344e-01
    2.5807588613e-02
    3.3074320994e-01
   -1.2388765463e-01
    4.0873416230e-01
    3.0353852424e-01
    2.8627142018e-02
    5.7458610992e-02
    3.9190890021e-01
    6.5805286637e-01
   -8.5062027462e-03
   -2.5084669216e-01
    2.4503483519e-01
    3.5944126552e-01
   -1.1136897698e-01
    1.9674869327e-01
   -2.9871673264e-01
   -2.1275675876e-01
   -3.3121593617e-01
    1.9706047861e-01
    4.7553619236e-01
    6.8124497906e-01
    6.1324537898e-02
    6.5183760512e-02
    4.3457584377e-01
    2.4794541440e-01
   -1.9538726795e-01
    5.3798140800e-02
    1.2137965924e-01
    2.3036682571e-02
   -9.8866930999e-02
    1.1969639907e-01
   -7.6726401713e-02
    2.7897050948e-01
    8.7340022622e-02
   -1.4919996250e-01
   -2.5911099882e-01
    1.2194721974e-01
   -1.6969987407e-01
    3.1995450722e-02
    2.0086819654e-01
   -1.6391489824e-01
   -1.4136614881e-02
   -2.3285149168e-01
   -2.2490067554e-02
    3.4003125217e-02
    1.4183494845e-01
   -8.6238397584e-02
   -4.1540907100e-01
    8.1578892532e-03
   -1.5324327631e-01
    1.0689576647e-01
    4.3944805296e-01
   -3.3038933515e-01
    1.1121953221e-01
    7.7353140612e-02
    2.9407674454e-01
   -4.1251897634e-02
   -4.8063218476e-02
    1.6779839851e-02
   -1.5325704709e-01
    7.9412479574e-02
   -2.5378097810e-02
   -1.3330258542e-02
   -8.4737978304e-02
    2.1142798367e-01
    2.3798520938e-02
   -2.1236816401e-01
    2.3603760265e-02
    2.0118531303e-01
   -9.3258729952e-02
    2.1351684508e-01
   -4.5128105607e-02
   -5.8181572667e-02
   -1.1954255053e-01
   -1.5017329516e-01
   -1.0081095403e-01
   -3.3577496865e-02
    1.6846099460e-01
   -3.3550111818e-02
   -2.1499654363e-02
   -1.3647048162e-01
   -6.1921766872e-02
   -3.5535481815e-02
   -1.0638676536e-03
    2.3172376819e-01
    1.5028605090e-02
   -2.2129552021e-01
    3.4279455455e-01
   -5.0504524645e-02
    2.3370219896e-01
   -1.0108001225e-01
    1.1777383336e-02
   -2.7055697572e-01
    1.3756770660e-02
   -2.9990919772e-02
   -6.5184451356e-02
   -2.8878289731e-01
    1.4960227347e-01
    2.3536652131e-02
    9.7860882819e-02
   -4.5646101211e-02
    5.4705271141e-03
   -4.6361485727e-02
   -1.3960061718e-01
    1.1792668110e-01
   -1.1692075751e-01
    1.0103038807e-01
   -1.0505345502e-02
   -3.9928890616e-02
    9.8411881118e-03
   -3.2630287331e-02
    6.5817965040e-02
    8.2634201889e-02
    1.7507187900e-02
   -3.2384152920e-01
   -1.5286330240e-01
    3.0507166543e-02
    1.8951779561e-01
    6.5511575086e-02
    1.7497634522e-01
    1.1385549005e-01
    1.4053438626e-01
    1.7582786716e-01
   -1.3057892718e-01
   -8.1035498186e-02
    8.9966099473e-02
    9.5929440909e-02
   -5.4947465205e-02
    1.8776603502e-01
    8.8353863247e-02
   -3.1450708411e-02
   -2.0875693939e-01
    3.9317745507e-02
   -1.1632495411e-01
   -5.3520472232e-02
   -1.3945693793e-01
    1.2051135796e-01
    1.6905375137e-01
   -7.4123094073e-03
    1.1292090651e-01
   -5.2203956160e-02
   -1.2229552053e-01
   -2.3183216802e-02
   -5.4502696074e-02
   -3.5133608508e-03
    1.4198822805e-01
    1.8299482151e-02
   -4.2248770703e-02
   -1.4708820862e-02
    4.1067715862e-02
    1.1260287680e-01
   -5.9712215739e-02
   -2.0964666682e-02
    1.2283037559e-01
   -6.3238185658e-02
    4.0635494520e-01
    1.7234682063e-01
   -4.5336505745e-02
   -3.3186999398e-03
    1.0046585762e-01
   -5.7192384778e-02
    5.9146185548e-02
    8.6462142399e-02
    7.1120491173e-02
   -3.5115617527e-01
   -4.9889921583e-03
   -2.2331231221e-02
    1.0605656652e-01
   -1.6183980529e-01
   -4.1098732671e-03
   -1.5835962271e-02
    9.9437327660e-02
   -4.0860154363e-02
   -7.1121899989e-02
    8.5499560476e-02
    3.3296419779e-02
    1.7376863970e-01
   -9.6040980773e-02
    1.4717631106e-02
   -1.7964398573e-02
    6.6576246644e-02
    9.3078951515e-02
   -1.2539987181e-01
    1.4307876739e-01
    9.9885174423e-02
    5.4481681306e-02
   -3.4548095178e-02
   -1.9672421971e-02
   -5.7708115487e-03
    6.1916230923e-02
   -8.8552689825e-02
   -5.8190422490e-02
   -9.6158649619e-03
   -3.6910560661e-02
    1.9476037430e-01
    9.0051666333e-02
   -3.4602171159e-02
    2.2952276261e-01
    1.9846131338e-01
    5.0180384551e-02
   -2.1593646890e-01
   -3.3694926906e-01
    3.1041217081e-01
    7.0955035018e-02
    2.3648221816e-01
    1.0225702555e-01
   -8.3427390773e-02
    1.2554488357e-01
   -2.1866159126e-02
   -1.7007120219e-01
    5.7203199116e-02
   -1.7552886750e-01
    5.6069284675e-02
   -5.5165703658e-02
   -1.6085427036e-01
    2.5288394465e-02
   -1.7620028457e-02
    7.3039024442e-03
   -8.2902302663e-02
    3.0763999295e-02
    5.7705899757e-02
   -1.4143387605e-01
   -8.7104871279e-03
    2.4548399771e-02
    1.5068417124e-02
    6.6844011610e-02
   -1.6064130507e-02
    3.3998056140e-02
   -1.4438026494e-01
    1.5945865008e-01
    4.6706614855e-02
    9.9428803342e-03
   -1.1443151590e-02
   -9.1526487513e-02
   -2.9413166426e+04
   -1.4617014177e+03
    4.6890101106e+03
   -2.4839268254e+03
    2.9915164985e+03
   -2.9492724369e+03
    1.6795762774e+03
   -7.0227671423e+02
    1.3607349637e+03
   -2.3722985825e+03
   -9.0751819690e+01
    1.2316384754e+03
    2.4327309140e+02
    5.4258828277e+02
   -5.4388116973e+02
    9.0469218546e+02
    8.1147340866e+02
    2.8196435244e+02
    9.4679785167e+01
   -1.6779345313e+02
   -3.1684908790e+02
    1.9451679483e+02
    5.5330018189e+01
   -3.4262540042e+02
   -2.3369042078e+02
    3.6240820116e+02
    4.7295312462e+01
    1.8877975577e+02
    2.0485055618e+02
   -1.4087793042e+02
   -1.2010878958e+02
   -1.5294303888e+02
    2.7917001145e+01
    1.2321441707e+01
    9.8395539890e+01
    6.6907138140e+01
    6.5923287692e+01
   -1.9325583259e+01
    7.2245975747e+01
    2.7591017066e+01
   -1.2343059961e+02
    5.4686629173e+01
   -3.4242549172e+01
   -6.5613994770e+01
    1.3622652795e+01
    8.8552547839e+00
   -6.5898551917e+01
    6.6669638890e+01
    8.1025933103e+01
   -7.6374183608e+01
   -5.2452793375e+01
   -8.1871302301e+00
   -1.7710548840e+01
    5.5437619222e+01
    3.2542147832e+00
    1.5551149648e+01
    2.3751486939e+01
    7.1107388525e+00
   -5.3265455176e-01
   -6.1521094819e+00
   -2.7416329492e+01
    8.4287754849e+00
   -2.3080499574e+00
    2.3903049056e+01
    9.3791985600e+00
    8.7390660390e+00
   -1.7447646724e+01
   -1.6102525069e+01
   -1.1329127862e+00
    1.3019445139e+01
   -2.0938489145e+01
   -1.2507452990e+01
    1.4709346888e+01
    1.5313563406e+01
    1.3067869648e+01
    4.2670950066e+00
   -1.6553853484e+01
   -7.5096751786e+00
   -8.7611576104e-01
    2.7384181030e+00
    5.3200462860e+00
    8.5605666958e+00
   -2.3279875672e+01
    2.8166655788e+00
    1.0727495739e+01
   -1.9396466200e+00
    1.0412842700e+01
   -6.7756929806e-01
   -5.6246407854e+00
   -1.3195710379e+01
   -6.4378339726e+00
    7.4349601917e-01
    7.8238171714e+00
    8.8625421811e+00
    6.2324062358e-01
   -9.2632354219e+00
   -2.1415461230e+00
   -1.1374753291e+01
    9.3546175630e+00
   -1.7976730906e+00
   -6.2921084555e+00
    3.3621357476e+00
   -1.0872471858e-01
   -1.7799940115e-01
    1.4769072301e+00
    3.8775710068e+00
   -7.8491705973e-01
    4.6830069215e+00
    9.6663639692e-01
   -8.4295575697e+00
   -8.4903413789e-01
   -2.3247438737e-01
    1.9866737861e+00
   -4.2412141624e+00
    1.6760117173e+00
   -3.3186851844e+00
   -2.2226115641e+00
   -3.7997860910e-01
   -3.8144423712e+00
   -8.7605266339e+00
    3.0710936127e+00
   -1.3293163376e+00
   -2.6214821367e-01
   -2.6179092400e+00
    2.2842148129e+00
    2.2048536598e+00
   -5.3056304436e-01
   -9.0063605072e-01
   -5.4963716404e-01
    3.6541750219e-01
    6.8326012552e-01
   -6.7937027000e-01
   -2.0589749286e-01
   -4.8404891807e-02
   -1.7910006401e+00
    1.5297244222e+00
   -1.5585944602e+00
   -5.1540710386e-01
   -2.9045368209e+00
    2.5301169238e-01
   -1.9786043272e+00
    3.1967176193e+00
   -2.5577507805e+00
   -1.8948008927e+00
   -1.5328578561e-01
   -1.2345616184e+00
    3.8178282957e-01
    5.1669942194e-01
    1.3152366075e+00
    1.5351258106e+00
   -1.0491644848e+00
   -1.9194022446e+00
    7.4949724064e-01
    1.1240335921e-01
    2.4199668156e-01
    7.2683102922e-01
    4.9907342379e-01
   -1.3815914683e-01
   -3.0582649806e-01
    4.7836540775e-01
   -4.7202707859e-01
    1.7021033007e-01
    1.6353995085e-01
   -9.3049973242e-01
   -1.0883656201e+00
   -9.1173355540e-02
   -2.0689658782e-01
    5.9730629451e-01
    1.0240209744e-01
   -9.1966319344e-01
   -9.5452135743e-01
    4.2916144885e-01
    5.6608379820e-01
    6.9803565553e-01
    1.4723212473e+00
   -3.4179473305e-01
   -4.2153915046e-01
    8.2283205909e-01
   -1.3047734334e+00
   -5.3899127782e-02
   -9.7497369769e-02
    7.9261780046e-01
    3.1424857541e-01
   -7.1203066046e-02
   -9.1472838393e-02
    3.8936466841e-01
    4.7273150725e-01
    1.2238135225e-01
    5.1432006896e-01
    4.7495093573e-01
   -3.6634121632e-01
   -4.4368111914e-01
   -3.7768105145e-01
   -4.0999022426e-01
   -6.3591520492e-01
   -2.8191807786e-01
    3.0796536607e-01
    4.3127015714e-01
   -3.4309652672e-01
   -6.2225140007e-01
   -1.4501260314e-01
    4.6764546044e-01
   -2.4335532018e-02
    5.6397905037e-01
    2.4431574265e-01
   -1.3959617100e-01
    3.0412137227e-02
    3.2857619422e-01
   -1.2391087639e-01
    4.1575645704e-01
    3.0178247329e-01
    2.1304174450e-02
    5.9263938063e-02
    3.9322663379e-01
    6.5319719377e-01
   -1.7329745153e-02
   -2.4729750082e-01
    2.5223065818e-01
    3.6284422058e-01
   -1.1825458995e-01
    1.9783925508e-01
   -3.0054436718e-01
   -2.2506580366e-01
   -3.1660431466e-01
    1.9406878608e-01
    4.7839985402e-01
    6.8135813808e-01
    5.7783918103e-02
    6.4511688817e-02
    4.3569186708e-01
    2.4821129897e-01
   -1.9942519949e-01
    5.6158222917e-02
    1.2091190815e-01
    2.1546252146e-02
   -9.6737199759e-02
    1.1968158686e-01
   -7.3397413902e-02
    2.7740949566e-01
    8.5070516994e-02
   -1.4606712749e-01
   -2.5714021732e-01
    1.2058446954e-01
   -1.6912013575e-01
    3.2029880166e-02
    1.9845966187e-01
   -1.6543509308e-01
   -1.1099548939e-02
   -2.3227541865e-01
   -2.0240387817e-02
    2.5622381396e-02
    1.4100849496e-01
   -8.7861356536e-02
   -4.2405407838e-01
    1.5173100531e-02
   -1.5546915193e-01
    1.0638567610e-01
    4.3981885504e-01
   -3.3186719803e-01
    1.0983794070e-01
    7.6755209285e-02
    2.9303978189e-01
   -4.3869233528e-02
   -4.6977821639e-02
    1.5757328147e-02
   -1.5555457439e-01
    8.0315564581e-02
   -2.4247061797e-02
   -1.3036013563e-02
   -8.4630327378e-02
    2.1358827165e-01
    2.5099477795e-02
   -2.1299343162e-01
    2.4120020381e-02
    2.0083658547e-01
   -9.2033639079e-02
    2.1395312706e-01
   -4.6180026061e-02
   -6.1042440316e-02
   -1.1834585706e-01
   -1.5137574720e-01
   -9.9720798524e-02
   -3.1211269778e-02
    1.6415277862e-01
   -3.6266029683e-02
   -2.1445143541e-02
   -1.3563590694e-01
   -5.7018816491e-02
   -3.6949547444e-02
   -5.3794520292e-04
    2.3244079581e-01
    1.3752008828e-02
   -2.2196765372e-01
    3.4287984299e-01
   -4.9949344605e-02
    2.3357752759e-01
   -1.0032437967e-01
    1.0808667559e-02
   -2.7177839111e-01
    1.4087060053e-02
   -2.9558021531e-02
   -6.6108881704e-02
   -2.8844731502e-01
    1.4913891408e-01
    2.4178212782e-02
    9.7904532960e-02
   -4.5379517532e-02
    5.5648869172e-03
   -4.5893387460e-02
   -1.4010953439e-01
    1.1724097279e-01
   -1.1648977944e-01
    1.0005418287e-01
   -1.1800762392e-02
   -3.9504526274e-02
    9.5335475388e-03
   -3.1270366468e-02
    6.6871229139e-02
    7.9073527482e-02
    1.6117812939e-02
   -3.2280561852e-01
   -1.5142260135e-01
    3.5049022509e-02
    1.8872044386e-01
    6.5321688472e-02
    1.7595983294e-01
    1.1380709487e-01
    1.3986134466e-01
    1.7524341507e-01
   -1.3020517864e-01
   -8.0806290160e-02
    9.0863328177e-02
    9.6040225677e-02
   -5.5688222425e-02
    1.8825483424e-01
    8.8673845829e-02
   -3.1331050600e-02
   -2.0837033728e-01
    3.9538646845e-02
   -1.1565704020e-01
   -5.3615880779e-02
   -1.3965001155e-01
    1.2070319475e-01
    1.6884750978e-01
   -7.0168589772e-03
    1.1324447625e-01
   -5.1675809482e-02
   -1.2214267694e-01
   -2.2803983508e-02
   -5.5168166750e-02
   -3.4041010458e-03
    1.4175998727e-01
    1.7836763797e-02
   -4.0652310853e-02
   -1.4661032949e-02
    4.0221560979e-02
    1.1136881781e-01
   -5.9081369964e-02
   -1.9468618238e-02
    1.2380325190e-01
   -6.4017100006e-02
    4.0665138609e-01
    1.7268153249e-01
   -4.5383428413e-02
   -3.7812787814e-03
    1.0022887405e-01
   -5.6238075846e-02
    5.9392805778e-02
    8.6644326736e-02
    7.1283463918e-02
   -3.5138723551e-01
   -5.2556097906e-03
   -2.2232888168e-02
    1.0608117293e-01
   -1.6146311893e-01
   -4.5865760817e-03
   -1.5790173058e-02
    9.9233105200e-02
   -4.0502567206e-02
   -7.1117580747e-02
    8.5388045534e-02
    3.3162652317e-02
    1.7382783034e-01
   -9.5885210751e-02
    1.4681961074e-02
   -1.7884358213e-02
    6.6631308267e-02
    9.3349086411e-02
   -1.2575388943e-01
    1.4332679708e-01
    9.9304422803e-02
    5.4068838229e-02
   -3.4115122693e-02
   -1.9467839569e-02
   -5.4576511134e-03
    6.1662251615e-02
   -8.8721270318e-02
   -5.8017452575e-02
   -9.0775347308e-03
   -3.7283740913e-02
    1.9462117687e-01
    9.0793449424e-02
   -3.4117375747e-02
    2.2928290232e-01
    1.9843931788e-01
    5.0418459771e-02
   -2.1600206550e-01
   -3.3667369846e-01
    3.1076137236e-01
    7.0755297388e-02
    2.3633386565e-01
    1.0190095398e-01
   -8.3553475796e-02
    1.2558887313e-01
   -2.1707703728e-02
   -1.7026384587e-01
    5.6820566300e-02
   -1.7571339292e-01
    5.6059039477e-02
   -5.4972013519e-02
   -1.6094589438e-01
    2.5163656283e-02
   -1.7734652858e-02
    7.2711004583e-03
   -8.3334681623e-02
    3.0898948795e-02
    5.7866088756e-02
   -1.4160317857e-01
   -9.0254099517e-03
    2.5014346442e-02
    1.5028047849e-02
    6.7321473555e-02
   -1.5750624440e-02
    3.4131478575e-02
   -1.4431696171e-01
    1.5967787172e-01
    4.6565339240e-02
    9.9451071913e-03
   -1.1625520021e-02
   -9.1220880369e-02
   -2.9409919358e+04
   -1.4575600996e+03
    4.6755651643e+03
   -2.4894854593e+03
    2.9880532301e+03
   -2.9643762078e+03
    1.6786611224e+03
   -7.1359224165e+02
    1.3618886387e+03
   -2.3754923595e+03
   -8.7679092425e+01
    1.2333107175e+03
    2.4280142957e+02
    5.3661106099e+02
   -5.4388782774e+02
    9.0414507003e+02
    8.1075356633e+02
    2.8188223909e+02
    9.1672721786e+01
   -1.6445261343e+02
   -3.1422118102e+02
    1.9634019975e+02
    5.2891869346e+01
   -3.4508037457e+02
   -2.3379037135e+02
    3.6273648935e+02
    4.7315590302e+01
    1.8841185321e+02
    2.0606877532e+02
   -1.4077996964e+02
   -1.2046757809e+02
   -1.5233623335e+02
    2.9460824594e+01
    1.2769436051e+01
    9.8536060544e+01
    6.6617536899e+01
    6.5759851493e+01
   -1.9259952847e+01
    7.2432805123e+01
    2.6718016380e+01
   -1.2273085722e+02
    5.4019243073e+01
   -3.4969258447e+01
   -6.5238092118e+01
    1.3574361501e+01
    8.9049834569e+00
   -6.5440470810e+01
    6.7165380614e+01
    8.0956079108e+01
   -7.6455079245e+01
   -5.2187863472e+01
   -8.2204752920e+00
   -1.7436497909e+01
    5.5814085347e+01
    2.9061728093e+00
    1.5636034438e+01
    2.3676676972e+01
    6.8468773693e+00
   -1.1179292499e+00
   -6.5365701002e+00
   -2.7341999842e+01
    8.9148504635e+00
   -2.1229221707e+00
    2.3854519034e+01
    9.4730601165e+00
    8.6107311377e+00
   -1.7483513146e+01
   -1.5765104815e+01
   -8.9074143450e-01
    1.2956289638e+01
   -2.0975362190e+01
   -1.2231666287e+01
    1.4932991725e+01
    1.5185272214e+01
    1.3270904815e+01
    4.0313561998e+00
   -1.6561430838e+01
   -7.2877764735e+00
   -6.8561848936e-01
    2.7779914993e+00
    5.2799671839e+00
    8.5154234652e+00
   -2.3433638374e+01
    2.7837131026e+00
    1.0794216652e+01
   -1.7801764615e+00
    1.0212336600e+01
   -8.4423350658e-01
   -5.4439287115e+00
   -1.3210707451e+01
   -6.3673501367e+00
    8.6517927263e-01
    7.8160714477e+00
    8.8543119383e+00
    5.4234871921e-01
   -9.2592607972e+00
   -1.8935642884e+00
   -1.1560007027e+01
    9.4597427579e+00
   -1.7688374277e+00
   -6.2950242300e+00
    3.3545799010e+00
   -1.1788106996e-01
   -1.5401551532e-01
    1.5666812571e+00
    3.7511913403e+00
   -8.1225992007e-01
    4.7430207410e+00
    8.5375000388e-01
   -8.4999642951e+00
   -8.6089533054e-01
   -1.8298634423e-01
    1.9450036054e+00
   -4.2505534954e+00
    1.5801919456e+00
   -3.3530291470e+00
   -2.2789717372e+00
   -2.8070863034e-01
   -3.8220598611e+00
   -8.7883317680e+00
    3.0779540305e+00
   -1.3264466254e+00
   -2.5881588968e-01
   -2.6241136679e+00
    2.3226630366e+00
    2.2270653976e+00
   -5.3019397478e-01
   -8.9497479837e-01
   -4.8254414662e-01
    3.3657201630e-01
    6.7163595078e-01
   -6.7061041325e-01
   -2.0792137456e-01
   -5.8233362411e-02
   -1.7378670202e+00
    1.5011416415e+00
   -1.5754016346e+00
   -5.4216561880e-01
   -2.9404788576e+00
    2.2921777121e-01
   -1.9764807754e+00
    3.1636854143e+00
   -2.5487241091e+00
   -1.8917265022e+00
   -1.4849563341e-01
   -1.2355631654e+00
    3.7625678782e-01
    5.3024021473e-01
    1.3153611042e+00
    1.4971091272e+00
   -1.0699621151e+00
   -1.8786511990e+00
    7.3483318721e-01
    9.6657947075e-02
    2.6380556733e-01
    7.2180091282e-01
    4.9362451835e-01
   -1.4104950895e-01
   -2.8974744427e-01
    5.0302020804e-01
   -4.7040214918e-01
    1.6471851784e-01
    1.4205646890e-01
   -9.3557209633e-01
   -1.1047994717e+00
   -7.6648537989e-02
   -2.4918394797e-01
    5.6362782475e-01
    1.1366235432e-01
   -9.1979140224e-01
   -9.5158338947e-01
    4.4067299585e-01
    5.8432417558e-01
    7.0597526382e-01
    1.4556261328e+00
   -3.2993794051e-01
   -4.0953267652e-01
    7.9513813700e-01
   -1.3093793744e+00
   -3.5046926906e-02
   -9.6698207021e-02
    7.8346995627e-01
    3.0308255715e-01
   -6.6650792731e-02
   -9.8758580428e-02
    3.8276338041e-01
    4.7165783756e-01
    1.2898924570e-01
    5.2111197572e-01
    4.7133711756e-01
   -3.8049285976e-01
   -4.5360660087e-01
   -3.7097892048e-01
   -4.1663662492e-01
   -6.2078217491e-01
   -2.7726285906e-01
    3.0777461398e-01
    4.3675957428e-01
   -3.4239569124e-01
   -6.2062926282e-01
   -1.4571771651e-01
    4.6550191916e-01
   -1.9310240304e-02
    5.7242022142e-01
    2.4208400078e-01
   -1.4544186531e-01
    3.4730880639e-02
    3.2588952173e-01
   -1.2423620584e-01
    4.2249334781e-01
    2.9966728063e-01
    1.4160804935e-02
    6.0911769069e-02
    3.9437955725e-01
    6.4835608176e-01
   -2.6039338639e-02
   -2.4356644193e-01
    2.5896849797e-01
    3.6673477704e-01
   -1.2449219717e-01
    1.9877311294e-01
   -3.0198835531e-01
   -2.3742238271e-01
   -3.0167184648e-01
    1.9135476533e-01
    4.8104973071e-01
    6.8157403199e-01
    5.4333609112e-02
    6.3952790823e-02
    4.3701059107e-01
    2.4820172315e-01
   -2.0306203586e-01
    5.8658458140e-02
    1.2023012135e-01
    1.9810837312e-02
   -9.4655335590e-02
    1.1944345060e-01
   -6.9863214997e-02
    2.7582599765e-01
    8.2753783391e-02
   -1.4296385345e-01
   -2.5493359201e-01
    1.1926106075e-01
   -1.6841189271e-01
    3.1918102201e-02
    1.9590829511e-01
   -1.6684663043e-01
   -8.2204071504e-03
   -2.3175501312e-01
   -1.8474288701e-02
    1.7187296480e-02
    1.4047876516e-01
   -8.9413551419e-02
   -4.3215877789e-01
    2.2187526813e-02
   -1.5762129253e-01
    1.0586200964e-01
    4.4006954910e-01
   -3.3342057365e-01
    1.0845983190e-01
    7.6124065855e-02
    2.9196454814e-01
   -4.6243217184e-02
   -4.5646548374e-02
    1.4778366572e-02
   -1.5787559423e-01
    8.1403084005e-02
   -2.3320494934e-02
   -1.2807730686e-02
   -8.4472390709e-02
    2.1592557801e-01
    2.6289124952e-02
   -2.1366116065e-01
    2.4699129920e-02
    2.0070283583e-01
   -9.1033004369e-02
    2.1438462431e-01
   -4.7244972552e-02
   -6.3929362749e-02
   -1.1709254708e-01
   -1.5271165438e-01
   -9.8703094740e-02
   -2.8923876244e-02
    1.5988625459e-01
   -3.8946511145e-02
   -2.1303424922e-02
   -1.3448442067e-01
   -5.1954424308e-02
   -3.8442265731e-02
    2.3887067396e-05
    2.3307265094e-01
    1.2507365671e-02
   -2.2274053467e-01
    3.4299232840e-01
   -4.9437305091e-02
    2.3349916983e-01
   -9.9475252296e-02
    9.7899682257e-03
   -2.7294169005e-01
    1.4467317838e-02
   -2.9111807413e-02
   -6.7036596876e-02
   -2.8813491005e-01
    1.4873267251e-01
    2.4750629302e-02
    9.7969730191e-02
   -4.5131021614e-02
    5.6825860867e-03
   -4.5447978985e-02
   -1.4076033784e-01
    1.1661577756e-01
   -1.1613965729e-01
    9.9047333600e-02
   -1.3058375025e-02
   -3.9086595232e-02
    9.3852369295e-03
   -3.0008557723e-02
    6.7814374365e-02
    7.5354062647e-02
    1.4724309183e-02
   -3.2198781709e-01
   -1.4973084449e-01
    3.9446685470e-02
    1.8796603656e-01
    6.5145669010e-02
    1.7686424461e-01
    1.1373416053e-01
    1.3915447368e-01
    1.7460585076e-01
   -1.2976490997e-01
   -8.0527526238e-02
    9.1808432213e-02
    9.6050706592e-02
   -5.6425428068e-02
    1.8873561519e-01
    8.8986605315e-02
   -3.1256339392e-02
   -2.0795013475e-01
    3.9787890312e-02
   -1.1498814969e-01
   -5.3695973037e-02
   -1.3980748466e-01
    1.2089862720e-01
    1.6855399049e-01
   -6.6243922348e-03
    1.1362958124e-01
   -5.1200010452e-02
   -1.2200971517e-01
   -2.2478794564e-02
   -5.5877665333e-02
   -3.2401180510e-03
    1.4159232227e-01
    1.7454559118e-02
   -3.9010286949e-02
   -1.4556171618e-02
    3.9418850631e-02
    1.1023413347e-01
   -5.8325306925e-02
   -1.7953369425e-02
    1.2465201378e-01
   -6.4834990259e-02
    4.0698170447e-01
    1.7303139436e-01
   -4.5425887729e-02
   -4.2545296113e-03
    9.9957574767e-02
   -5.5227280057e-02
    5.9617871931e-02
    8.6851592465e-02
    7.1409458333e-02
   -3.5160814149e-01
   -5.5595425779e-03
   -2.2107777094e-02
    1.0610792840e-01
   -1.6105551632e-01
   -5.1110548103e-03
   -1.5753178545e-02
    9.9020593581e-02
   -4.0115302307e-02
   -7.1115077429e-02
    8.5280453439e-02
    3.3018665806e-02
    1.7389623649e-01
   -9.5743423974e-02
    1.4634352552e-02
   -1.7771630608e-02
    6.6672657877e-02
    9.3603489642e-02
   -1.2611243864e-01
    1.4355423819e-01
    9.8689875230e-02
    5.3665979071e-02
   -3.3699845486e-02
   -1.9301281176e-02
   -5.1033010189e-03
    6.1478078900e-02
   -8.8920863928e-02
   -5.7850529131e-02
   -8.5534132247e-03
   -3.7674387512e-02
    1.9448923069e-01
    9.1527254944e-02
   -3.3629529927e-02
    2.2906035078e-01
    1.9844396563e-01
    5.0679407649e-02
   -2.1606217466e-01
   -3.3640126409e-01
    3.1110089058e-01
    7.0549617300e-02
    2.3616964165e-01
    1.0153800832e-01
   -8.3692306590e-02
    1.2561936318e-01
   -2.1538368468e-02
   -1.7046437993e-01
    5.6424623546e-02
   -1.7589853898e-01
    5.6053046330e-02
   -5.4772373401e-02
   -1.6104126233e-01
    2.5035212479e-02
   -1.7843622942e-02
    7.2293646825e-03
   -8.3771300672e-02
    3.1039762130e-02
    5.8043106070e-02
   -1.4177002397e-01
   -9.3483525817e-03
    2.5496023023e-02
    1.5008796270e-02
    6.7809647363e-02
   -1.5417837847e-02
    3.4287656524e-02
   -1.4426309124e-01
    1.5990106989e-01
    4.6475409307e-02
    9.9589989605e-03
   -1.1763976606e-02
   -9.0910139888e-02
   -2.9406414098e+04
   -1.4539077952e+03
    4.6628030542e+03
   -2.4950506360e+03
    2.9846639178e+03
   -2.9796675522e+03
    1.6776899476e+03
   -7.2541164636e+02
    1.3629252965e+03
   -2.3785584089e+03
   -8.4662948034e+01
    1.2348917321e+03
    2.4228567891e+02
    5.3052097348e+02
   -5.4347014258e+02
    9.0348617174e+02
    8.1002945455e+02
    2.8199788853e+02
    8.8614887310e+01
   -1.6102699285e+02
   -3.1161289273e+02
    1.9826659265e+02
    5.0038386016e+01
   -3.4789207614e+02
   -2.3388991772e+02
    3.6305759177e+02
    4.7293160665e+01
    1.8808290972e+02
    2.0731300828e+02
   -1.4073261986e+02
   -1.2094323321e+02
   -1.5169686013e+02
    3.0975830558e+01
    1.3318237982e+01
    9.8855278104e+01
    6.6332417409e+01
    6.5614665698e+01
   -1.9226696863e+01
    7.2684625240e+01
    2.5801670526e+01
   -1.2205736295e+02
    5.3335716647e+01
   -3.5607509975e+01
   -6.4782490832e+01
    1.3558510134e+01
    8.9406729314e+00
   -6.5062848495e+01
    6.7648962639e+01
    8.0889365862e+01
   -7.6515863235e+01
   -5.1944833321e+01
   -8.2541538353e+00
   -1.7163224819e+01
    5.6174251336e+01
    2.5870041942e+00
    1.5725249617e+01
    2.3616557401e+01
    6.5764756815e+00
   -1.7159300515e+00
   -6.9203959537e+00
   -2.7268811294e+01
    9.4022820508e+00
   -1.9424656764e+00
    2.3808689008e+01
    9.5702012904e+00
    8.4953552035e+00
   -1.7507065257e+01
   -1.5414328454e+01
   -6.5714338971e-01
    1.2894744855e+01
   -2.1026761186e+01
   -1.1967463114e+01
    1.5145560680e+01
    1.5053782022e+01
    1.3478251709e+01
    3.8043182269e+00
   -1.6579463918e+01
   -7.0727460981e+00
   -4.8140556014e-01
    2.8357560952e+00
    5.2351248694e+00
    8.4711773102e+00
   -2.3578911958e+01
    2.7552886764e+00
    1.0869716583e+01
   -1.6310608321e+00
    1.0014396840e+01
   -1.0083493868e+00
   -5.2639469141e+00
   -1.3223866301e+01
   -6.2865140217e+00
    9.8406281577e-01
    7.8047453489e+00
    8.8377067202e+00
    4.5650242551e-01
   -9.2455437908e+00
   -1.6443630644e+00
   -1.1741649816e+01
    9.5536998629e+00
   -1.7360384112e+00
   -6.2982002147e+00
    3.3450306769e+00
   -1.1971947235e-01
   -1.3264502658e-01
    1.6441481456e+00
    3.6212838506e+00
   -8.3654254066e-01
    4.8030455986e+00
    7.3786194123e-01
   -8.5700846820e+00
   -8.7122682147e-01
   -1.3915096951e-01
    1.9027880376e+00
   -4.2603789632e+00
    1.4877183674e+00
   -3.3899877381e+00
   -2.3328387759e+00
   -1.7931296963e-01
   -3.8358192875e+00
   -8.8240936595e+00
    3.0854621889e+00
   -1.3249071890e+00
   -2.5479031488e-01
   -2.6272930689e+00
    2.3587296838e+00
    2.2463732564e+00
   -5.3057290598e-01
   -8.8376912935e-01
   -4.1623594988e-01
    3.0702127473e-01
    6.5885035732e-01
   -6.5935680271e-01
   -2.1213146692e-01
   -6.5742887064e-02
   -1.6873353345e+00
    1.4708889165e+00
   -1.5929555509e+00
   -5.6844306587e-01
   -2.9708839359e+00
    2.0399001852e-01
   -1.9735643884e+00
    3.1288287073e+00
   -2.5270336491e+00
   -1.8885251171e+00
   -1.4275710409e-01
   -1.2368892479e+00
    3.6918131227e-01
    5.4303773656e-01
    1.3139493693e+00
    1.4599829242e+00
   -1.0889255508e+00
   -1.8391145974e+00
    7.1994725559e-01
    8.1819388253e-02
    2.8740090000e-01
    7.1680819761e-01
    4.8828134943e-01
   -1.4363076769e-01
   -2.7230329749e-01
    5.2857171457e-01
   -4.6741025648e-01
    1.6004303392e-01
    1.1845455380e-01
   -9.3881592218e-01
   -1.1194047624e+00
   -6.1355908748e-02
   -2.9526434076e-01
    5.3097236376e-01
    1.2461560255e-01
   -9.2067867639e-01
   -9.4724340577e-01
    4.5206092511e-01
    6.0202289888e-01
    7.1158325503e-01
    1.4395013284e+00
   -3.1724244955e-01
   -3.9741589780e-01
    7.6677917303e-01
   -1.3119401259e+00
   -1.6826441051e-02
   -9.6016882418e-02
    7.7325100976e-01
    2.9238003209e-01
   -6.2122192295e-02
   -1.0549824464e-01
    3.7569069558e-01
    4.7138699597e-01
    1.3484201227e-01
    5.2886369017e-01
    4.6676860613e-01
   -3.9594148151e-01
   -4.6262828969e-01
   -3.6357065266e-01
   -4.2163743847e-01
   -6.0676320407e-01
   -2.7245171256e-01
    3.0762021053e-01
    4.4164208176e-01
   -3.4247498187e-01
   -6.1955266796e-01
   -1.4710536119e-01
    4.6378523844e-01
   -1.4068487253e-02
    5.8130071754e-01
    2.4004813987e-01
   -1.5098548819e-01
    3.8685237103e-02
    3.2274716111e-01
   -1.2479734405e-01
    4.2896374721e-01
    2.9719151971e-01
    7.0295526588e-03
    6.2390071430e-02
    3.9535383978e-01
    6.4357866687e-01
   -3.4573120111e-02
   -2.3950703583e-01
    2.6521949846e-01
    3.7113650957e-01
   -1.3033608022e-01
    1.9951631317e-01
   -3.0310752832e-01
   -2.4880108812e-01
   -2.8606257601e-01
    1.8890694538e-01
    4.8341848277e-01
    6.8188720708e-01
    5.0990531297e-02
    6.3554060434e-02
    4.3845964712e-01
    2.4793183709e-01
   -2.0635997762e-01
    6.1355242203e-02
    1.1934023349e-01
    1.7891010357e-02
   -9.2674488063e-02
    1.1900454420e-01
   -6.6150945129e-02
    2.7425006917e-01
    8.0384049925e-02
   -1.3995085916e-01
   -2.5253034893e-01
    1.1802415041e-01
   -1.6756944535e-01
    3.1659008413e-02
    1.9310022465e-01
   -1.6818216095e-01
   -5.5679801073e-03
   -2.3114851413e-01
   -1.7212890631e-02
    8.8457839471e-03
    1.4024678835e-01
   -9.0941837283e-02
   -4.3972880709e-01
    2.9227708081e-02
   -1.5968130962e-01
    1.0533083782e-01
    4.4019154364e-01
   -3.3504508096e-01
    1.0711080617e-01
    7.5468892001e-02
    2.9088513674e-01
   -4.8344818001e-02
   -4.4041142682e-02
    1.3845258271e-02
   -1.6022397039e-01
    8.2658898110e-02
   -2.2606719379e-02
   -1.2635362429e-02
   -8.4286263457e-02
    2.1842156083e-01
    2.7350818658e-02
   -2.1439022974e-01
    2.5341303076e-02
    2.0080896918e-01
   -9.0290948116e-02
    2.1479794314e-01
   -4.8334959173e-02
   -6.6856747706e-02
   -1.1578976711e-01
   -1.5418162921e-01
   -9.7758483895e-02
   -2.6724400066e-02
    1.5564480740e-01
   -4.1533723404e-02
   -2.1111735335e-02
   -1.3289836330e-01
   -4.6779790028e-02
   -4.0009274648e-02
    6.2468150626e-04
    2.3362805751e-01
    1.1293967748e-02
   -2.2361216868e-01
    3.4312964329e-01
   -4.8974806568e-02
    2.3346419960e-01
   -9.8516070021e-02
    8.7345293232e-03
   -2.7404318799e-01
    1.4890893695e-02
   -2.8654362906e-02
   -6.7954980379e-02
   -2.8784465422e-01
    1.4839191649e-01
    2.5246232498e-02
    9.8070359942e-02
   -4.4909177515e-02
    5.8283682772e-03
   -4.5024566414e-02
   -1.4154842011e-01
    1.1605275986e-01
   -1.1587534714e-01
    9.8012352488e-02
   -1.4276029268e-02
   -3.8652818900e-02
    9.4071695569e-03
   -2.8847875322e-02
    6.8644809031e-02
    7.1494564077e-02
    1.3324947442e-02
   -3.2142510854e-01
   -1.4779288962e-01
    4.3635687909e-02
    1.8725559537e-01
    6.4994439217e-02
    1.7768232183e-01
    1.1363314219e-01
    1.3840820045e-01
    1.7391546470e-01
   -1.2925907909e-01
   -8.0201247058e-02
    9.2796620409e-02
    9.5958837326e-02
   -5.7163868316e-02
    1.8920321612e-01
    8.9287895458e-02
   -3.1226854489e-02
   -2.0749552213e-01
    4.0059007461e-02
   -1.1431505216e-01
   -5.3757303937e-02
   -1.3992934272e-01
    1.2110023117e-01
    1.6817231411e-01
   -6.2357790769e-03
    1.1408204441e-01
   -5.0782297599e-02
   -1.2189854752e-01
   -2.2206020204e-02
   -5.6626987616e-02
   -3.0262723925e-03
    1.4149421005e-01
    1.7153852932e-02
   -3.7331691937e-02
   -1.4396657183e-02
    3.8666691295e-02
    1.0920144792e-01
   -5.7446772333e-02
   -1.6419588417e-02
    1.2536430588e-01
   -6.5693331685e-02
    4.0734782626e-01
    1.7339877879e-01
   -4.5465225090e-02
   -4.7383674792e-03
    9.9646982295e-02
   -5.4160477786e-02
    5.9819866169e-02
    8.7082867050e-02
    7.1499427353e-02
   -3.5181737843e-01
   -5.8994598736e-03
   -2.1956950850e-02
    1.0613796712e-01
   -1.6061777197e-01
   -5.6820843839e-03
   -1.5724841634e-02
    9.8800698621e-02
   -3.9697637145e-02
   -7.1112572935e-02
    8.5175889161e-02
    3.2864833106e-02
    1.7397415394e-01
   -9.5616372248e-02
    1.4575793804e-02
   -1.7625213127e-02
    6.6699200275e-02
    9.3841517088e-02
   -1.2647631907e-01
    1.4376303386e-01
    9.8047827200e-02
    5.3270972260e-02
   -3.3302428151e-02
   -1.9174268067e-02
   -4.7131761771e-03
    6.1365869138e-02
   -8.9155245221e-02
   -5.7689711724e-02
   -8.0365841008e-03
   -3.8082407029e-02
    1.9436433742e-01
    9.2253767725e-02
   -3.3137385742e-02
    2.2885488373e-01
    1.9847518813e-01
    5.0963341334e-02
   -2.1611657934e-01
   -3.3613199995e-01
    3.1143063325e-01
    7.0338192381e-02
    2.3598963840e-01
    1.0116915168e-01
   -8.3843484455e-02
    1.2563709569e-01
   -2.1357933303e-02
   -1.7067233528e-01
    5.6015197760e-02
   -1.7608387915e-01
    5.6051600478e-02
   -5.4566955116e-02
   -1.6114018516e-01
    2.4902887379e-02
   -1.7946757046e-02
    7.1780447736e-03
   -8.4211937504e-02
    3.1186219008e-02
    5.8236013725e-02
   -1.4193431754e-01
   -9.6783546850e-03
    2.5990387956e-02
    1.5011360301e-02
    6.8308219708e-02
   -1.5065208334e-02
    3.4463509379e-02
   -1.4421797538e-01
    1.6012822119e-01
    4.6435654646e-02
    9.9828724591e-03
   -1.1860346681e-02
   -9.0593477509e-02
   -2.9402502044e+04
   -1.4507591726e+03
    4.6509823137e+03
   -2.5006268732e+03
    2.9812449612e+03
   -2.9948989095e+03
    1.6766617248e+03
   -7.3707413577e+02
    1.3636821494e+03
   -2.3813628715e+03
   -8.1652566506e+01
    1.2363402894e+03
    2.4170181126e+02
    5.2442172707e+02
   -5.4236822506e+02
    9.0273873989e+02
    8.0930567248e+02
    2.8217509372e+02
    8.5529062481e+01
   -1.5770810343e+02
   -3.0894821261e+02
    2.0019008647e+02
    4.6841002776e+01
   -3.5091068644e+02
   -2.3398644585e+02
    3.6338607871e+02
    4.7232487264e+01
    1.8778709216e+02
    2.0855138910e+02
   -1.4073531564e+02
   -1.2153840769e+02
   -1.5105463628e+02
    3.2419535070e+01
    1.4064691260e+01
    9.9234952893e+01
    6.6025384792e+01
    6.5470669561e+01
   -1.9221089836e+01
    7.2973396885e+01
    2.4875749982e+01
   -1.2140908566e+02
    5.2635402733e+01
   -3.6172453080e+01
   -6.4296367389e+01
    1.3599052595e+01
    8.9707435007e+00
   -6.4727771034e+01
    6.8129151416e+01
    8.0805040197e+01
   -7.6546716544e+01
   -5.1725304603e+01
   -8.2892108664e+00
   -1.6897335637e+01
    5.6514985041e+01
    2.2915853316e+00
    1.5818818010e+01
    2.3553472922e+01
    6.2710716328e+00
   -2.3125072000e+00
   -7.2962427424e+00
   -2.7181424168e+01
    9.8848597161e+00
   -1.8100804609e+00
    2.3767621767e+01
    9.6746923420e+00
    8.3890292849e+00
   -1.7513177728e+01
   -1.5065221839e+01
   -4.2264595069e-01
    1.2833494630e+01
   -2.1081166530e+01
   -1.1714949522e+01
    1.5341810725e+01
    1.4919140568e+01
    1.3693136947e+01
    3.5763246962e+00
   -1.6600816666e+01
   -6.8607433077e+00
   -2.8244449673e-01
    2.9111013121e+00
    5.1856935962e+00
    8.4310995026e+00
   -2.3718494931e+01
    2.7372298393e+00
    1.0953900368e+01
   -1.4926477059e+00
    9.8239904873e+00
   -1.1688223815e+00
   -5.0818727865e+00
   -1.3230485058e+01
   -6.1923119779e+00
    1.1042941066e+00
    7.7879440487e+00
    8.8182402543e+00
    3.7141965108e-01
   -9.2252155035e+00
   -1.3966097038e+00
   -1.1908678041e+01
    9.6319687662e+00
   -1.6984062628e+00
   -6.3026478389e+00
    3.3321616431e+00
   -1.1341946539e-01
   -1.1107996164e-01
    1.7106475578e+00
    3.4906557047e+00
   -8.5790761784e-01
    4.8619450965e+00
    6.1957191636e-01
   -8.6403029755e+00
   -8.8275665512e-01
   -9.8666878985e-02
    1.8602955885e+00
   -4.2683982185e+00
    1.3996419006e+00
   -3.4303478837e+00
   -2.3831087061e+00
   -7.7044917975e-02
   -3.8500471498e+00
   -8.8616704758e+00
    3.0919669164e+00
   -1.3243549250e+00
   -2.4922035910e-01
   -2.6279993493e+00
    2.3927928568e+00
    2.2622809122e+00
   -5.3210056823e-01
   -8.6745577901e-01
   -3.5127509522e-01
    2.7623054103e-01
    6.4489564131e-01
   -6.4712831659e-01
   -2.1868456244e-01
   -7.2555204079e-02
   -1.6403612558e+00
    1.4391017287e+00
   -1.6110204705e+00
   -5.9463469924e-01
   -2.9938549624e+00
    1.7856328360e-01
   -1.9692168845e+00
    3.0922575934e+00
   -2.4990355137e+00
   -1.8850154216e+00
   -1.3637729248e-01
   -1.2390181758e+00
    3.6035390625e-01
    5.5506022864e-01
    1.3108773985e+00
    1.4235337934e+00
   -1.1063185543e+00
   -1.8008117900e+00
    7.0473754022e-01
    6.7758345756e-02
    3.1255808976e-01
    7.1164457376e-01
    4.8316244048e-01
   -1.4600879780e-01
   -2.5377949297e-01
    5.5500098535e-01
   -4.6401300578e-01
    1.5594236321e-01
    9.3652145785e-02
   -9.3956588692e-01
   -1.1327236069e+00
   -4.5916059074e-02
   -3.4161196167e-01
    5.0139595167e-01
    1.3519183862e-01
   -9.2234413594e-01
   -9.4235615519e-01
    4.6344647726e-01
    6.1897097549e-01
    7.1503613546e-01
    1.4239331137e+00
   -3.0364698761e-01
   -3.8514083286e-01
    7.3817209937e-01
   -1.3125144524e+00
    6.4006192009e-04
   -9.5647381432e-02
    7.6200461902e-01
    2.8228596425e-01
   -5.7363092845e-02
   -1.1198905564e-01
    3.6858666950e-01
    4.7192944698e-01
    1.4004484618e-01
    5.3758264427e-01
    4.6154336622e-01
   -4.1269669826e-01
   -4.7074807380e-01
   -3.5544192672e-01
   -4.2511193860e-01
   -5.9455673763e-01
   -2.6749708238e-01
    3.0760373331e-01
    4.4566227099e-01
   -3.4344067361e-01
   -6.1896744527e-01
   -1.4905216405e-01
    4.6266431695e-01
   -8.6300216345e-03
    5.9062155598e-01
    2.3829596025e-01
   -1.5600086450e-01
    4.2248668904e-02
    3.1922959852e-01
   -1.2552522433e-01
    4.3519508680e-01
    2.9434436912e-01
   -1.9965696342e-04
    6.3649579264e-02
    3.9614794542e-01
    6.3884396308e-01
   -4.2812342085e-02
   -2.3499993331e-01
    2.7102116883e-01
    3.7595786974e-01
   -1.3604586414e-01
    2.0011037947e-01
   -3.0396798013e-01
   -2.5843818734e-01
   -2.6937445068e-01
    1.8667087314e-01
    4.8547933799e-01
    6.8226898295e-01
    4.7755070058e-02
    6.3341085501e-02
    4.3992003798e-01
    2.4743408251e-01
   -2.0939364247e-01
    6.4293286513e-02
    1.1824095498e-01
    1.5843296577e-02
   -9.0836427300e-02
    1.1838885783e-01
   -6.2312286135e-02
    2.7272220005e-01
    7.7966101733e-02
   -1.3707833233e-01
   -2.4998415170e-01
    1.1690456879e-01
   -1.6659788647e-01
    3.1271008303e-02
    1.8992095720e-01
   -1.6945349102e-01
   -3.2060814609e-03
   -2.3032175258e-01
   -1.6455489488e-02
    7.5167039270e-04
    1.4025960248e-01
   -9.2498966393e-02
   -4.4692214011e-01
    3.6345695607e-02
   -1.6163220500e-01
    1.0480427028e-01
    4.4016391765e-01
   -3.3673257714e-01
    1.0581971169e-01
    7.4807492272e-02
    2.8983829659e-01
   -5.0149448288e-02
   -4.2149875460e-02
    1.2946472993e-02
   -1.6260348625e-01
    8.4065507508e-02
   -2.2116236136e-02
   -1.2505978080e-02
   -8.4096725866e-02
    2.2105943934e-01
    2.8275716780e-02
   -2.1519867413e-01
    2.6042786702e-02
    2.0117173894e-01
   -8.9825817561e-02
    2.1517408150e-01
   -4.9453827097e-02
   -6.9835399326e-02
   -1.1445236895e-01
   -1.5576564058e-01
   -9.6881367149e-02
   -2.4631464571e-02
    1.5139988002e-01
   -4.3967472719e-02
   -2.0915512542e-02
   -1.3078756072e-01
   -4.1548822211e-02
   -4.1641223372e-02
    1.2667001272e-03
    2.3411864277e-01
    1.0112092894e-02
   -2.2457727598e-01
    3.4328952606e-01
   -4.8566638807e-02
    2.3346452618e-01
   -9.7432538453e-02
    7.6530036682e-03
   -2.7508048453e-01
    1.5352443210e-02
   -2.8189457384e-02
   -6.8851776727e-02
   -2.8757770819e-01
    1.4812749106e-01
    2.5656537074e-02
    9.8220412381e-02
   -4.4719626726e-02
    6.0080059053e-03
   -4.4622882247e-02
   -1.4246824191e-01
    1.1555197644e-01
   -1.1569812274e-01
    9.6950792952e-02
   -1.5452654050e-02
   -3.8184039342e-02
    9.6024814169e-03
   -2.7785230270e-02
    6.9360137037e-02
    6.7520030663e-02
    1.1921528886e-02
   -3.2115595370e-01
   -1.4561597043e-01
    4.7566540925e-02
    1.8658990084e-01
    6.4878182957e-02
    1.7841001772e-01
    1.1350153916e-01
    1.3761866914e-01
    1.7317404991e-01
   -1.2868986231e-01
   -7.9830059273e-02
    9.3823347962e-02
    9.5763797780e-02
   -5.7908435326e-02
    1.8965314801e-01
    8.9572377977e-02
   -3.1241788390e-02
   -2.0700568151e-01
    4.0344887692e-02
   -1.1363551992e-01
   -5.3797612801e-02
   -1.4001563931e-01
    1.2131005336e-01
    1.6770315174e-01
   -5.8525150520e-03
    1.1460564888e-01
   -5.0427179620e-02
   -1.2181118780e-01
   -2.1983057240e-02
   -5.7410572613e-02
   -2.7695092354e-03
    1.4147141473e-01
    1.6934281627e-02
   -3.5626932271e-02
   -1.4186154951e-02
    3.7969914798e-02
    1.0827369761e-01
   -5.6451026177e-02
   -1.4874116231e-02
    1.2593003856e-01
   -6.6592724331e-02
    4.0775076519e-01
    1.7378547285e-01
   -4.5502600549e-02
   -5.2326992309e-03
    9.9293367409e-02
   -5.3039881415e-02
    5.9997583872e-02
    8.7336880654e-02
    7.1555033011e-02
   -3.5201350636e-01
   -6.2738534184e-03
   -2.1781489242e-02
    1.0617293963e-01
   -1.6015142325e-01
   -6.2977308214e-03
   -1.5705143147e-02
    9.8574553210e-02
   -3.9249413256e-02
   -7.1108857122e-02
    8.5073470405e-02
    3.2701804509e-02
    1.7406180427e-01
   -9.5504472382e-02
    1.4507095061e-02
   -1.7444668612e-02
    6.6710431890e-02
    9.4062026836e-02
   -1.2684604739e-01
    1.4395525503e-01
    9.7385099948e-02
    5.2881837774e-02
   -3.2922967793e-02
   -1.9088203381e-02
   -4.2934278784e-03
    6.1327873321e-02
   -8.9426788668e-02
   -5.7533624514e-02
   -7.5203848387e-03
   -3.8507325532e-02
    1.9424625573e-01
    9.2973245484e-02
   -3.2640218192e-02
    2.2866602919e-01
    1.9853255600e-01
    5.1269847958e-02
   -2.1616522909e-01
   -3.3586617420e-01
    3.1175046802e-01
    7.0121467753e-02
    2.3579410524e-01
    1.0079563509e-01
   -8.4006427912e-02
    1.2564294934e-01
   -2.1166346739e-02
   -1.7088719640e-01
    5.5592610277e-02
   -1.7626888814e-01
    5.6054957515e-02
   -5.4356138960e-02
   -1.6124256439e-01
    2.4766616185e-02
   -1.8043963188e-02
    7.1166939266e-03
   -8.4656146051e-02
    3.1338010613e-02
    5.8443603736e-02
   -1.4209601651e-01
   -1.0014324523e-02
    2.6494180034e-02
    1.5035974523e-02
    6.8816651658e-02
   -1.4692503557e-02
    3.4656074808e-02
   -1.4418113708e-01
    1.6035916803e-01
    4.6444200604e-02
    1.0015210151e-02
   -1.1917194102e-02
   -9.0270442636e-02
   -2.9398264623e+04
   -1.4476592018e+03
    4.6402234217e+03
   -2.5062860515e+03
    2.9777472619e+03
   -3.0098385943e+03
    1.6754744829e+03
   -7.4815977508e+02
    1.3642312773e+03
   -2.3839790072e+03
   -7.8641156623e+01
    1.2377531256e+03
    2.4104288783e+02
    5.1799948445e+02
   -5.4110235524e+02
    9.0195450483e+02
    8.0854239073e+02
    2.8226930417e+02
    8.2467687278e+01
   -1.5457146371e+02
   -3.0621045087e+02
    2.0200681972e+02
    4.3335293962e+01
   -3.5393322169e+02
   -2.3406978265e+02
    3.6375677596e+02
    4.7158474969e+01
    1.8753713919e+02
    2.0979383257e+02
   -1.4073265886e+02
   -1.2217097518e+02
   -1.5039193226e+02
    3.3782417948e+01
    1.4996480888e+01
    9.9603769754e+01
    6.5704544168e+01
    6.5309652899e+01
   -1.9225497006e+01
    7.3285535888e+01
    2.3964075678e+01
   -1.2079430850e+02
    5.1954577508e+01
   -3.6717995471e+01
   -6.3814343021e+01
    1.3681406873e+01
    9.0061361665e+00
   -6.4394523169e+01
    6.8611174907e+01
    8.0689793100e+01
   -7.6558400076e+01
   -5.1514674615e+01
   -8.3163513529e+00
   -1.6640935552e+01
    5.6832303302e+01
    2.0045981526e+00
    1.5912049307e+01
    2.3485904245e+01
    5.9057597495e+00
   -2.9008875399e+00
   -7.6572490943e+00
   -2.7064462937e+01
    1.0344043939e+01
   -1.7574467443e+00
    2.3730026675e+01
    9.7860001749e+00
    8.2877757305e+00
   -1.7501586778e+01
   -1.4732286904e+01
   -1.7978917126e-01
    1.2766588933e+01
   -2.1128104943e+01
   -1.1472092182e+01
    1.5524079169e+01
    1.4776565107e+01
    1.3909142588e+01
    3.3402067058e+00
   -1.6619301230e+01
   -6.6450067966e+00
   -1.1427297585e-01
    3.0049883735e+00
    5.1348892418e+00
    8.3947814445e+00
   -2.3855991305e+01
    2.7315693221e+00
    1.1046806576e+01
   -1.3634681110e+00
    9.6434840556e+00
   -1.3245570481e+00
   -4.8943801047e+00
   -1.3226876889e+01
   -6.0860558330e+00
    1.2296973664e+00
    7.7653187084e+00
    8.7997496826e+00
    2.9138107700e-01
   -9.2004518935e+00
   -1.1531278711e+00
   -1.2063450848e+01
    9.6943374517e+00
   -1.6547018004e+00
   -6.3096394616e+00
    3.3157011306e+00
   -9.8884737569e-02
   -8.5896958275e-02
    1.7683465927e+00
    3.3619988515e+00
   -8.7702663103e-01
    4.9195338970e+00
    5.0065669372e-01
   -8.7093846763e+00
   -8.9691846777e-01
   -5.9280897114e-02
    1.8176665840e+00
   -4.2716125155e+00
    1.3176524568e+00
   -3.4727367138e+00
   -2.4280234322e+00
    2.5652235170e-02
   -3.8568181810e+00
   -8.8964301148e+00
    3.0959805913e+00
   -1.3244983517e+00
   -2.4143506659e-01
   -2.6264492745e+00
    2.4256246582e+00
    2.2746856500e+00
   -5.3493637398e-01
   -8.4775234343e-01
   -2.8868222879e-01
    2.4437409286e-01
    6.2984978029e-01
   -6.3531856681e-01
   -2.2730576122e-01
   -7.9502826080e-02
   -1.5961850958e+00
    1.4059002367e+00
   -1.6290548266e+00
   -6.2167702494e-01
   -3.0078929378e+00
    1.5319230626e-01
   -1.9632572131e+00
    3.0537391595e+00
   -2.4725801283e+00
   -1.8815460812e+00
   -1.2995558707e-01
   -1.2424660604e+00
    3.4943323487e-01
    5.6630630202e-01
    1.3057187642e+00
    1.3875321952e+00
   -1.1224620157e+00
   -1.7633216256e+00
    6.8938896868e-01
    5.4414437436e-02
    3.3862998403e-01
    7.0578599765e-01
    4.7852186964e-01
   -1.4821449129e-01
   -2.3456239165e-01
    5.8190204815e-01
   -4.6119687048e-01
    1.5204717930e-01
    6.7813002955e-02
   -9.3773056600e-01
   -1.1457237751e+00
   -3.0685908018e-02
   -3.8586328016e-01
    4.7524743215e-01
    1.4533129457e-01
   -9.2458188316e-01
   -9.3778011387e-01
    4.7499437939e-01
    6.3500394020e-01
    7.1669462460e-01
    1.4088549220e+00
   -2.8925809359e-01
   -3.7283715791e-01
    7.0950975731e-01
   -1.3112583421e+00
    1.7283322378e-02
   -9.5775796957e-02
    7.4978504330e-01
    2.7290876415e-01
   -5.2330066010e-02
   -1.1864321089e-01
    3.6180243782e-01
    4.7307184553e-01
    1.4474619577e-01
    5.4710842342e-01
    4.5592976257e-01
   -4.3080786459e-01
   -4.7779657584e-01
   -3.4665040620e-01
   -4.2687912697e-01
   -5.8441654476e-01
   -2.6245091767e-01
    3.0792355111e-01
    4.4866289748e-01
   -3.4529970163e-01
   -6.1879648058e-01
   -1.5144983411e-01
    4.6226499249e-01
   -2.9488768076e-03
    6.0026262113e-01
    2.3682759472e-01
   -1.6037511405e-01
    4.5429282692e-02
    3.1542486950e-01
   -1.2635818257e-01
    4.4121047261e-01
    2.9109848468e-01
   -7.5732839100e-03
    6.4632857110e-02
    3.9675655002e-01
    6.3408374164e-01
   -5.0626792766e-02
   -2.3000647373e-01
    2.7644307859e-01
    3.8099953659e-01
   -1.4186456142e-01
    2.0057966522e-01
   -3.0465789003e-01
   -2.6615612839e-01
   -2.5133331067e-01
    1.8455210699e-01
    4.8724627788e-01
    6.8267425647e-01
    4.4612040824e-02
    6.3320365473e-02
    4.4124263314e-01
    2.4674742760e-01
   -2.1223597518e-01
    6.7503464044e-02
    1.1692693718e-01
    1.3717295517e-02
   -8.9166044221e-02
    1.1762446839e-01
   -5.8416485291e-02
    2.7128074138e-01
    7.5510775669e-02
   -1.3437900712e-01
   -2.4734840657e-01
    1.1591508564e-01
   -1.6550675677e-01
    3.0796852298e-02
    1.8627632134e-01
   -1.7066176955e-01
   -1.1829907665e-03
   -2.2916271859e-01
   -1.6181690509e-02
   -6.9657752477e-03
    1.4040867896e-01
   -9.4132154405e-02
   -4.5394130005e-01
    4.3601837329e-02
   -1.6346481076e-01
    1.0429911977e-01
    4.3995808068e-01
   -3.3846845594e-01
    1.0461657488e-01
    7.4164389547e-02
    2.8885805052e-01
   -5.1640557042e-02
   -3.9980568124e-02
    1.2060198292e-02
   -1.6502157337e-01
    8.5603689183e-02
   -2.1864572462e-02
   -1.2407769599e-02
   -8.3930729613e-02
    2.2382488758e-01
    2.9065873538e-02
   -2.1610160945e-01
    2.6802772024e-02
    2.0179823664e-01
   -8.9637234741e-02
    2.1548962630e-01
   -5.0596361890e-02
   -7.2871332561e-02
   -1.1310366285e-01
   -1.5742969699e-01
   -9.6056658121e-02
   -2.2672199562e-02
    1.4711348763e-01
   -4.6200094805e-02
   -2.0763785168e-02
   -1.2810957552e-01
   -3.6290715050e-02
   -4.3325723295e-02
    1.9500919069e-03
    2.3455922227e-01
    8.9637680164e-03
   -2.2562776523e-01
    3.4347042985e-01
   -4.8215453261e-02
    2.3348903537e-01
   -9.6212972492e-02
    6.5532601468e-03
   -2.7605365200e-01
    1.5847640663e-02
   -2.7724552638e-02
   -6.9716222199e-02
   -2.8733738045e-01
    1.4795248726e-01
    2.5973531511e-02
    9.8432645245e-02
   -4.4563715318e-02
    6.2276233085e-03
   -4.4242952452e-02
   -1.4351513743e-01
    1.1511147028e-01
   -1.1560504776e-01
    9.5861657865e-02
   -1.6588154898e-02
   -3.7666687397e-02
    9.9639982073e-03
   -2.6810224139e-02
    6.9958798427e-02
    6.3462687180e-02
    1.0521335812e-02
   -3.2121622775e-01
   -1.4321103831e-01
    5.1204382388e-02
    1.8596930631e-01
    6.4805538625e-02
    1.7904657568e-01
    1.1333837541e-01
    1.3678405487e-01
    1.7238524368e-01
   -1.2806044407e-01
   -7.9416716365e-02
    9.4884486703e-02
    9.5466605923e-02
   -5.8663766186e-02
    1.9008177817e-01
    8.9833581430e-02
   -3.1299267668e-02
   -2.0648035077e-01
    4.0638467148e-02
   -1.1294809173e-01
   -5.3815859463e-02
   -1.4006634249e-01
    1.2152935313e-01
    1.6714915276e-01
   -5.4765672484e-03
    1.1520198176e-01
   -5.0137449222e-02
   -1.2174968435e-01
   -2.1806380592e-02
   -5.8221930771e-02
   -2.4786201681e-03
    1.4152675190e-01
    1.6793883193e-02
   -3.3906908427e-02
   -1.3929347668e-02
    3.7330195083e-02
    1.0745246777e-01
   -5.5344970836e-02
   -1.3327416222e-02
    1.2633896047e-01
   -6.7532817250e-02
    4.0819054969e-01
    1.7419257175e-01
   -4.5538925612e-02
   -5.7373456379e-03
    9.8894490088e-02
   -5.1869274765e-02
    6.0150114643e-02
    8.7612289061e-02
    7.1578812274e-02
   -3.5219522854e-01
   -6.6809310398e-03
   -2.1582602164e-02
    1.0621492370e-01
   -1.5965872819e-01
   -6.9553587677e-03
   -1.5694251521e-02
    9.8343416695e-02
   -3.8771104992e-02
   -7.1103305217e-02
    8.4972419756e-02
    3.2530348825e-02
    1.7415940019e-01
   -9.5407701007e-02
    1.4428975199e-02
   -1.7230175580e-02
    6.6706506375e-02
    9.4263491393e-02
   -1.2722185097e-01
    1.4413303591e-01
    9.6708925660e-02
    5.2496996282e-02
   -3.2561532828e-02
   -1.9044042328e-02
   -3.8507663770e-03
    6.1365624918e-02
   -8.9736410186e-02
   -5.7378866792e-02
   -6.9993305879e-03
   -3.8948299566e-02
    1.9413464890e-01
    9.3685716778e-02
   -3.2137813664e-02
    2.2849298835e-01
    1.9861519894e-01
    5.1597990222e-02
   -2.1620823982e-01
   -3.3560412778e-01
    3.1206035996e-01
    6.9900090668e-02
    2.3558345724e-01
    1.0041888258e-01
   -8.4180370547e-02
    1.2563792529e-01
   -2.0963717990e-02
   -1.7110846494e-01
    5.5157617280e-02
   -1.7645303945e-01
    5.6063325249e-02
   -5.4140469042e-02
   -1.6134838527e-01
    2.4626477499e-02
   -1.8135285563e-02
    7.0451324265e-03
   -8.5103400476e-02
    3.1494781960e-02
    5.8664437799e-02
   -1.4225514526e-01
   -1.0355103792e-02
    2.7004109284e-02
    1.5082396982e-02
    6.9334222107e-02
   -1.4299934821e-02
    3.4862609465e-02
   -1.4415227812e-01
    1.6059366943e-01
    4.6498397786e-02
    1.0054606350e-02
   -1.1937806066e-02
   -8.9940924327e-02
   -2.9394049677e+04
   -1.4443466618e+03
    4.6299427392e+03
   -2.5120461859e+03
    2.9741579341e+03
   -3.0245687786e+03
    1.6741891884e+03
   -7.5822072636e+02
    1.3647561838e+03
   -2.3865145039e+03
   -7.5716189740e+01
    1.2392307104e+03
    2.4031858602e+02
    5.1132181890e+02
   -5.4019008257e+02
    9.0118010303e+02
    8.0774740506e+02
    2.8229357496e+02
    7.9471268302e+01
   -1.5162888842e+02
   -3.0341110808e+02
    2.0372293672e+02
    3.9778245923e+01
   -3.5689454116e+02
   -2.3412179991e+02
    3.6418280303e+02
    4.7059373416e+01
    1.8734604794e+02
    2.1106137916e+02
   -1.4066603757e+02
   -1.2274175355e+02
   -1.4969407334e+02
    3.5090404224e+01
    1.6033408340e+01
    9.9968004698e+01
    6.5407344915e+01
    6.5120671097e+01
   -1.9228353338e+01
    7.3612501257e+01
    2.3083176733e+01
   -1.2022302525e+02
    5.1330309674e+01
   -3.7288309021e+01
   -6.3343781073e+01
    1.3767456166e+01
    9.0463307064e+00
   -6.4050567243e+01
    6.9085864806e+01
    8.0546761822e+01
   -7.6567806498e+01
   -5.1292128013e+01
   -8.3390788311e+00
   -1.6388867443e+01
    5.7132310070e+01
    1.7073108968e+00
    1.5994287102e+01
    2.3428451803e+01
    5.4903914089e+00
   -3.4756618690e+00
   -8.0110577777e+00
   -2.6920247915e+01
    1.0774456734e+01
   -1.7685393443e+00
    2.3691179254e+01
    9.8984094190e+00
    8.1840498248e+00
   -1.7480876983e+01
   -1.4423096604e+01
    6.9796717359e-02
    1.2685539615e+01
   -2.1168222032e+01
   -1.1239680321e+01
    1.5700706318e+01
    1.4616747660e+01
    1.4119228824e+01
    3.0876366508e+00
   -1.6635651765e+01
   -6.4283946822e+00
    2.0890857101e-02
    3.1158049111e+00
    5.0876011676e+00
    8.3586535764e+00
   -2.3993719188e+01
    2.7370644543e+00
    1.1146960916e+01
   -1.2404258592e+00
    9.4721890405e+00
   -1.4746962394e+00
   -4.7013582869e+00
   -1.3212290175e+01
   -5.9733669212e+00
    1.3617651576e+00
    7.7360122100e+00
    8.7821270596e+00
    2.1615523875e-01
   -9.1700077704e+00
   -9.1500420675e-01
   -1.2209066196e+01
    9.7433703297e+00
   -1.6045072871e+00
   -6.3199841372e+00
    3.2974100108e+00
   -7.6930420758e-02
   -5.4852038367e-02
    1.8189290092e+00
    3.2387292374e+00
   -8.9462146129e-01
    4.9762855026e+00
    3.8258137740e-01
   -8.7744051105e+00
   -9.1277649042e-01
   -1.9155489188e-02
    1.7751868415e+00
   -4.2687738617e+00
    1.2440842768e+00
   -3.5161859031e+00
   -2.4666622637e+00
    1.2862542743e-01
   -3.8528446148e+00
   -8.9266171414e+00
    3.0968095847e+00
   -1.3251884521e+00
   -2.3113064278e-01
   -2.6226158000e+00
    2.4579653718e+00
    2.2838730383e+00
   -5.3872897900e-01
   -8.2718695308e-01
   -2.2948557626e-01
    2.1201251782e-01
    6.1370236057e-01
   -6.2465539640e-01
   -2.3736803693e-01
   -8.6263512489e-02
   -1.5529348305e+00
    1.3713153993e+00
   -1.6461673717e+00
   -6.5100888924e-01
   -3.0121334433e+00
    1.2702916889e-01
   -1.9553424041e+00
    3.0118702653e+00
   -2.4525350755e+00
   -1.8788569803e+00
   -1.2430194889e-01
   -1.2477842320e+00
    3.3620436520e-01
    5.7674326392e-01
    1.2978587091e+00
    1.3517348641e+00
   -1.1376459162e+00
   -1.7258472318e+00
    6.7428931530e-01
    4.1915209250e-02
    3.6469455777e-01
    6.9868083217e-01
    4.7454817461e-01
   -1.5027055273e-01
   -2.1512410371e-01
    6.0854914638e-01
   -4.5961919933e-01
    1.4796239878e-01
    4.0568999862e-02
   -9.3409357269e-01
   -1.1593971937e+00
   -1.5740065863e-02
   -4.2769314934e-01
    4.5105177397e-01
    1.5500002690e-01
   -9.2703826804e-01
   -9.3413079348e-01
    4.8685509124e-01
    6.5004637639e-01
    7.1705948267e-01
    1.3941295467e+00
   -2.7440244981e-01
   -3.6078437232e-01
    6.8078430386e-01
   -1.3083834469e+00
    3.3070194895e-02
   -9.6540094555e-02
    7.3672998542e-01
    2.6431400326e-01
   -4.7183301130e-02
   -1.2592656674e-01
    3.5567596555e-01
    4.7441520730e-01
    1.4919943431e-01
    5.5710504998e-01
    4.5015906483e-01
   -4.5035475374e-01
   -4.8349518475e-01
   -3.3734798232e-01
   -4.2653511772e-01
   -5.7607891576e-01
   -2.5740575927e-01
    3.0882747830e-01
    4.5066553556e-01
   -3.4792706054e-01
   -6.1894836660e-01
   -1.5421637771e-01
    4.6262952200e-01
    3.0576087840e-03
    6.1002477360e-01
    2.3557186709e-01
   -1.6409798390e-01
    4.8251376601e-02
    3.1142056330e-01
   -1.2725422131e-01
    4.4702853011e-01
    2.8740743641e-01
   -1.5093574251e-02
    6.5306660507e-02
    3.9714999051e-01
    6.2922660718e-01
   -5.7940271897e-02
   -2.2459645820e-01
    2.8154512619e-01
    3.8600842737e-01
   -1.4799116315e-01
    2.0090151105e-01
   -3.0530187060e-01
   -2.7238851160e-01
   -2.3196380784e-01
    1.8242607286e-01
    4.8876625372e-01
    6.8305171398e-01
    4.1530333789e-02
    6.3487661190e-02
    4.4227548347e-01
    2.4590074949e-01
   -2.1494345791e-01
    7.1006704651e-02
    1.1539679263e-01
    1.1557552473e-02
   -8.7670492516e-02
    1.1675405512e-01
   -5.4536425413e-02
    2.6994800730e-01
    7.3027913833e-02
   -1.3186582535e-01
   -2.4466294055e-01
    1.1504759762e-01
   -1.6430201228e-01
    3.0297522386e-02
    1.8210905542e-01
   -1.7180512871e-01
    4.7780871006e-04
   -2.2759011107e-01
   -1.6361348830e-02
   -1.4224381397e-02
    1.4054087786e-01
   -9.5865851747e-02
   -4.6089855978e-01
    5.1053957821e-02
   -1.6518297398e-01
    1.0383486734e-01
    4.3954387034e-01
   -3.4023281122e-01
    1.0353056792e-01
    7.3566602125e-02
    2.8796696395e-01
   -5.2812675344e-02
   -3.7560775356e-02
    1.1163386185e-02
   -1.6749295436e-01
    8.7253880568e-02
   -2.1869620670e-02
   -1.2331942235e-02
   -8.3814326233e-02
    2.2670639057e-01
    2.9734393932e-02
   -2.1710915154e-01
    2.7629008026e-02
    2.0268658632e-01
   -8.9708325681e-02
    2.1572054337e-01
   -5.1750192439e-02
   -7.5967202019e-02
   -1.1177553862e-01
   -1.5913475259e-01
   -9.5259229852e-02
   -2.0881829204e-02
    1.4273608438e-01
   -4.8207732697e-02
   -2.0704000960e-02
   -1.2486076920e-01
   -3.0978977699e-02
   -4.5051238377e-02
    2.6730612538e-03
    2.3496744567e-01
    7.8523986124e-03
   -2.2675445579e-01
    3.4367187274e-01
   -4.7920932197e-02
    2.3352668742e-01
   -9.4848374267e-02
    5.4405610796e-03
   -2.7696635386e-01
    1.6373033896e-02
   -2.7271367863e-02
   -7.0540504058e-02
   -2.8712754132e-01
    1.4788094020e-01
    2.6191373598e-02
    9.8717550695e-02
   -4.4438362162e-02
    6.4934342667e-03
   -4.3884829241e-02
   -1.4468703861e-01
    1.1472727890e-01
   -1.1558935152e-01
    9.4740244207e-02
   -1.7683910504e-02
   -3.7093253658e-02
    1.0475158320e-02
   -2.5905308418e-02
    7.0441056933e-02
    5.9358455899e-02
    9.1341509564e-03
   -3.2163606281e-01
   -1.4058960197e-01
    5.4530834084e-02
    1.8539312871e-01
    6.4782924095e-02
    1.7959445689e-01
    1.1314426777e-01
    1.3590400005e-01
    1.7155393370e-01
   -1.2737406470e-01
   -7.8963310825e-02
    9.5976879970e-02
    9.5070256680e-02
   -5.9434341069e-02
    1.9048685968e-01
    9.0064479763e-02
   -3.1396731928e-02
   -2.0591980270e-01
    4.0933714434e-02
   -1.1225123601e-01
   -5.3812149298e-02
   -1.4008110978e-01
    1.2175865949e-01
    1.6651464164e-01
   -5.1095727595e-03
    1.1587078163e-01
   -4.9913802315e-02
   -1.2171592085e-01
   -2.1671697084e-02
   -5.9054806787e-02
   -2.1634360029e-03
    1.4166081912e-01
    1.6728944499e-02
   -3.2181323296e-02
   -1.3630897838e-02
    3.6746241768e-02
    1.0673610914e-01
   -5.4135782016e-02
   -1.1789663323e-02
    1.2657968238e-01
   -6.8512872066e-02
    4.0866656223e-01
    1.7462063368e-01
   -4.5574863476e-02
   -6.2522918106e-03
    9.8449409433e-02
   -5.0652968560e-02
    6.0276894853e-02
    8.7907906961e-02
    7.1574142352e-02
   -3.5236158093e-01
   -7.1186803406e-03
   -2.1361606228e-02
    1.0626616943e-01
   -1.5914217056e-01
   -7.6521125870e-03
   -1.5692394580e-02
    9.8108467683e-02
   -3.8263497817e-02
   -7.1095819335e-02
    8.4872176639e-02
    3.2351157154e-02
    1.7426716825e-01
   -9.5325522211e-02
    1.4342089343e-02
   -1.6982370991e-02
    6.6688243791e-02
    9.4444298861e-02
   -1.2760383692e-01
    1.4429859767e-01
    9.6026224337e-02
    5.2115047914e-02
   -3.2218095921e-02
   -1.9041801457e-02
   -3.3918422162e-03
    6.1479448299e-02
   -9.0084032293e-02
   -5.7220167071e-02
   -6.4695081687e-03
   -3.9404426529e-02
    1.9402900896e-01
    9.4391562606e-02
   -3.1630128825e-02
    2.2833455043e-01
    1.9872182170e-01
    5.1946565085e-02
   -2.1624590135e-01
   -3.3534597168e-01
    3.1236062439e-01
    6.9674722484e-02
    2.3535818141e-01
    1.0004012276e-01
   -8.4364483551e-02
    1.2562310336e-01
   -2.0750192959e-02
   -1.7133580012e-01
    5.4711040031e-02
   -1.7663597077e-01
    5.6076859756e-02
   -5.3920463628e-02
   -1.6145773414e-01
    2.4482614523e-02
   -1.8220964015e-02
    6.9634363904e-03
   -8.5553462804e-02
    3.1656234026e-02
    5.8897050440e-02
   -1.4241187101e-01
   -1.0699747864e-02
    2.7517329458e-02
    1.5150065392e-02
    6.9860413133e-02
   -1.3887981068e-02
    3.5080771556e-02
   -1.4413121560e-01
    1.6083160234e-01
    4.6594959315e-02
    1.0099721409e-02
   -1.1926026779e-02
   -8.9605023988e-02
   -2.9389928147e+04
   -1.4409401717e+03
    4.6195219884e+03
   -2.5178358982e+03
    2.9705163257e+03
   -3.0389196303e+03
    1.6724442321e+03
   -7.6760290639e+02
    1.3650958250e+03
   -2.3889948492e+03
   -7.2883380005e+01
    1.2406502494e+03
    2.3967233979e+02
    5.0464988874e+02
   -5.3972366360e+02
    9.0039678145e+02
    8.0691855596e+02
    2.8218456179e+02
    7.6500048592e+01
   -1.4889764155e+02
   -3.0052669454e+02
    2.0530855344e+02
    3.6249907648e+01
   -3.5960099628e+02
   -2.3412401456e+02
    3.6465705296e+02
    4.6888628679e+01
    1.8722561983e+02
    2.1232163500e+02
   -1.4053570190e+02
   -1.2319199635e+02
   -1.4895571068e+02
    3.6353311868e+01
    1.6995607684e+01
    1.0043564551e+02
    6.5157636344e+01
    6.4922752797e+01
   -1.9200908293e+01
    7.3960411443e+01
    2.2247599040e+01
   -1.1968418177e+02
    5.0778621858e+01
   -3.7871804117e+01
   -6.2877005249e+01
    1.3850982451e+01
    9.1094334187e+00
   -6.3687642771e+01
    6.9525982846e+01
    8.0388736986e+01
   -7.6579467738e+01
   -5.1044468131e+01
   -8.3717938707e+00
   -1.6135499775e+01
    5.7429950848e+01
    1.3943252260e+00
    1.6051243602e+01
    2.3388880091e+01
    5.0651922161e+00
   -4.0250589896e+00
   -8.3733215060e+00
   -2.6752919234e+01
    1.1211802245e+01
   -1.7956186683e+00
    2.3644634996e+01
    1.0007075423e+01
    8.0697813433e+00
   -1.7462163236e+01
   -1.4137416025e+01
    3.1977872828e-01
    1.2582999725e+01
   -2.1211724814e+01
   -1.1022358426e+01
    1.5879455371e+01
    1.4433251966e+01
    1.4316943757e+01
    2.8100260498e+00
   -1.6652036362e+01
   -6.2229960995e+00
    1.3500324147e-01
    3.2330032191e+00
    5.0467784823e+00
    8.3193104841e+00
   -2.4131002228e+01
    2.7517435613e+00
    1.1251494019e+01
   -1.1195455285e+00
    9.3080306251e+00
   -1.6190362456e+00
   -4.5067407921e+00
   -1.3189807548e+01
   -5.8611801180e+00
    1.4991099374e+00
    7.6973787029e+00
    8.7641168783e+00
    1.4024083831e-01
   -9.1303359694e+00
   -6.8123331357e-01
   -1.2338503614e+01
    9.7821013443e+00
   -1.5495793643e+00
   -6.3338525013e+00
    3.2807618705e+00
   -4.9266985563e-02
   -1.8207292028e-02
    1.8625976173e+00
    3.1246739455e+00
   -9.1081418210e-01
    5.0328778624e+00
    2.6532965017e-01
   -8.8318127137e+00
   -9.2712866360e-01
    2.3038197650e-02
    1.7337369112e+00
   -4.2610450168e+00
    1.1811986489e+00
   -3.5601229115e+00
   -2.4991547015e+00
    2.3122580796e-01
   -3.8430112162e+00
   -8.9527142519e+00
    3.0947206332e+00
   -1.3263893394e+00
   -2.1866854842e-01
   -2.6163305184e+00
    2.4901871747e+00
    2.2903443458e+00
   -5.4300566472e-01
   -8.0792775479e-01
   -1.7421296031e-01
    1.7967370127e-01
    5.9651643233e-01
   -6.1512100914e-01
   -2.4796239458e-01
   -9.1639780377e-02
   -1.5087091974e+00
    1.3355800860e+00
   -1.6611546433e+00
   -6.8388323013e-01
   -3.0064027933e+00
    9.9185395928e-02
   -1.9448815868e+00
    2.9643576715e+00
   -2.4385170204e+00
   -1.8777240689e+00
   -1.2030205777e-01
   -1.2553781179e+00
    3.2088324141e-01
    5.8627133471e-01
    1.2867308670e+00
    1.3159589519e+00
   -1.1518976711e+00
   -1.6874730814e+00
    6.5985315462e-01
    3.0667968176e-02
    3.8982780866e-01
    6.8998593291e-01
    4.7130395839e-01
   -1.5221399139e-01
   -1.9601698627e-01
    6.3412459431e-01
   -4.5939885604e-01
    1.4343044638e-01
    1.1353032746e-02
   -9.3002136069e-01
   -1.1742276980e+00
   -9.2955931294e-04
   -4.6792457612e-01
    4.2641693981e-01
    1.6418033911e-01
   -9.2930732760e-01
   -9.3163232214e-01
    4.9909541892e-01
    6.6410350869e-01
    7.1668173566e-01
    1.3795825129e+00
   -2.5960477775e-01
   -3.4935255939e-01
    6.5193725828e-01
   -1.3041166010e+00
    4.7975523175e-02
   -9.7992138956e-02
    7.2314019629e-01
    2.5652119247e-01
   -4.2198331218e-02
   -1.3422000036e-01
    3.5054387948e-01
    4.7546293763e-01
    1.5378622393e-01
    5.6714363152e-01
    4.4443100853e-01
   -4.7141149729e-01
   -4.8759857074e-01
   -3.2780543553e-01
   -4.2380584074e-01
   -5.6885627419e-01
   -2.5248802587e-01
    3.1052603004e-01
    4.5189498606e-01
   -3.5106132219e-01
   -6.1930826118e-01
   -1.5726351746e-01
    4.6370456602e-01
    9.4484566962e-03
    6.1968111288e-01
    2.3442268459e-01
   -1.6722178442e-01
    5.0747064884e-02
    3.0730076317e-01
   -1.2819138128e-01
    4.5266859835e-01
    2.8321356765e-01
   -2.2733157343e-02
    6.5668925060e-02
    3.9727478312e-01
    6.2423061620e-01
   -6.4753753391e-02
   -2.1893911965e-01
    2.8635658247e-01
    3.9073976099e-01
   -1.5452212332e-01
    2.0104744062e-01
   -3.0604862557e-01
   -2.7795840272e-01
   -2.1163117877e-01
    1.8015903437e-01
    4.9009817876e-01
    6.8335287674e-01
    3.8466833695e-02
    6.3839570615e-02
    4.4289139073e-01
    2.4490151659e-01
   -2.1754159858e-01
    7.4815740610e-02
    1.1366343574e-01
    9.4104839640e-03
   -8.6340961527e-02
    1.1584416365e-01
   -5.0738165847e-02
    2.6872456118e-01
    7.0524881861e-02
   -1.2953649142e-01
   -2.4195644900e-01
    1.1427359454e-01
   -1.6298655851e-01
    2.9839856198e-02
    1.7740527914e-01
   -1.7287578845e-01
    1.7779258377e-03
   -2.2555200947e-01
   -1.6973913614e-02
   -2.0976100566e-02
    1.4047827236e-01
   -9.7688649451e-02
   -4.6775702492e-01
    5.8738066307e-02
   -1.6680088963e-01
    1.0343230215e-01
    4.3889581004e-01
   -3.4200271443e-01
    1.0258934448e-01
    7.3039707243e-02
    2.8717023532e-01
   -5.3668871547e-02
   -3.4936667871e-02
    1.0243302241e-02
   -1.7003736828e-01
    8.8996899985e-02
   -2.2145502466e-02
   -1.2271602181e-02
   -8.3769507928e-02
    2.2969089493e-01
    3.0300821853e-02
   -2.1822363472e-01
    2.8537999419e-02
    2.0382698199e-01
   -9.0010601034e-02
    2.1584639643e-01
   -5.2896821565e-02
   -7.9122482042e-02
   -1.1050431832e-01
   -1.6084211347e-01
   -9.4458984615e-02
   -1.9306151522e-02
    1.3820963930e-01
   -4.9986177944e-02
   -2.0776271000e-02
   -1.2105611768e-01
   -2.5530763928e-02
   -4.6808377269e-02
    3.4322287764e-03
    2.3536212307e-01
    6.7827360472e-03
   -2.2794775959e-01
    3.4389383226e-01
   -4.7679511939e-02
    2.3356907263e-01
   -9.3334051042e-02
    4.3203484653e-03
   -2.7782473878e-01
    1.6925206109e-02
   -2.6845162337e-02
   -7.1319331338e-02
   -2.8695070562e-01
    1.4792623110e-01
    2.6307134959e-02
    9.9082923835e-02
   -4.4337306992e-02
    6.8116590087e-03
   -4.3548580712e-02
   -1.4598435129e-01
    1.1439515344e-01
   -1.1564224073e-01
    9.3580368288e-02
   -1.8742558921e-02
   -3.6460938887e-02
    1.1113005248e-02
   -2.5048751245e-02
    7.0807751732e-02
    5.5247208163e-02
    7.7697021110e-03
   -3.2243850366e-01
   -1.3776322660e-01
    5.7539351637e-02
    1.8485990717e-01
    6.4814393030e-02
    1.8005803426e-01
    1.1292131659e-01
    1.3497961574e-01
    1.7068612141e-01
   -1.2663378396e-01
   -7.8471341551e-02
    9.7097516670e-02
    9.4579814398e-02
   -6.0223716187e-02
    1.9086742389e-01
    9.0258129838e-02
   -3.1531399575e-02
   -2.0532510606e-01
    4.1226228649e-02
   -1.1154340207e-01
   -5.3787431940e-02
   -1.4005923868e-01
    1.2199789990e-01
    1.6580563657e-01
   -4.7525181381e-03
    1.1660988696e-01
   -4.9755377835e-02
   -1.2171133979e-01
   -2.1574648045e-02
   -5.9903400095e-02
   -1.8340989609e-03
    1.4187277983e-01
    1.6734217523e-02
   -3.0459201474e-02
   -1.3294796923e-02
    3.6215210351e-02
    1.0611999568e-01
   -5.2831318117e-02
   -1.0269741318e-02
    1.2664030214e-01
   -6.9531254415e-02
    4.0917749586e-01
    1.7506939989e-01
   -4.5610849235e-02
   -6.7773638210e-03
    9.7958578789e-02
   -4.9396135826e-02
    6.0377532325e-02
    8.8222541201e-02
    7.1544919557e-02
   -3.5251184198e-01
   -7.5844642880e-03
   -2.1120099031e-02
    1.0632870909e-01
   -1.5860449850e-01
   -8.3846137812e-03
   -1.5699602983e-02
    9.7870944058e-02
   -3.7727834927e-02
   -7.1086674053e-02
    8.4772609020e-02
    3.2164973909e-02
    1.7438522016e-01
   -9.5257054476e-02
    1.4247141726e-02
   -1.6702465209e-02
    6.6657085758e-02
    9.4602859252e-02
   -1.2799173353e-01
    1.4445403095e-01
    9.5343651074e-02
    5.1734977072e-02
   -3.1892866061e-02
   -1.9080253456e-02
   -2.9231739675e-03
    6.1668456944e-02
   -9.0468761792e-02
   -5.7051543693e-02
   -5.9288836820e-03
   -3.9874557959e-02
    1.9392877302e-01
    9.5091150179e-02
   -3.1117518992e-02
    2.2818932065e-01
    1.9885068330e-01
    5.2313993581e-02
   -2.1627863167e-01
   -3.3509167349e-01
    3.1265170371e-01
    6.9446126659e-02
    2.3511901561e-01
    9.9660510657e-02
   -8.4557799606e-02
    1.2559960682e-01
   -2.0526083392e-02
   -1.7156882759e-01
    5.4253912932e-02
   -1.7681735528e-01
    5.6095664999e-02
   -5.3696691166e-02
   -1.6157068290e-01
    2.4335300004e-02
   -1.8301325246e-02
    6.8719573169e-03
   -8.6006138078e-02
    3.1822026446e-02
    5.9139878062e-02
   -1.4256634606e-01
   -1.1047382525e-02
    2.8031227103e-02
    1.5238216498e-02
    7.0394635697e-02
   -1.3457601530e-02
    3.5308490095e-02
   -1.4411785984e-01
    1.6107289517e-01
    4.6730170767e-02
    1.0149238153e-02
   -1.1885989558e-02
   -8.9263302251e-02
   -2.9385593749e+04
   -1.4374486043e+03
    4.6088423311e+03
   -2.5235648119e+03
    2.9669672592e+03
   -3.0530515611e+03
    1.6701642047e+03
   -7.7664263076e+02
    1.3650050472e+03
   -2.3914164035e+03
   -6.9958174445e+01
    1.2417552616e+03
    2.3915989800e+02
    4.9768542151e+02
   -5.3979739494e+02
    8.9956375625e+02
    8.0608018662e+02
    2.8186221560e+02
    7.3467862140e+01
   -1.4637449625e+02
   -2.9755784371e+02
    2.0669683022e+02
    3.2644470555e+01
   -3.6212404788e+02
   -2.3407850324e+02
    3.6518635916e+02
    4.6649881990e+01
    1.8718146008e+02
    2.1354395697e+02
   -1.4036531392e+02
   -1.2349386197e+02
   -1.4813998517e+02
    3.7576597819e+01
    1.7818857050e+01
    1.0102625628e+02
    6.4949355779e+01
    6.4733709710e+01
   -1.9114597594e+01
    7.4346277277e+01
    2.1460463568e+01
   -1.1914127865e+02
    5.0315758283e+01
   -3.8419559346e+01
   -6.2393838814e+01
    1.3951385327e+01
    9.2263214791e+00
   -6.3281191377e+01
    6.9969065849e+01
    8.0233982138e+01
   -7.6591408666e+01
   -5.0770780601e+01
   -8.4257742060e+00
   -1.5883758063e+01
    5.7731876776e+01
    1.0720010250e+00
    1.6069054866e+01
    2.3363912100e+01
    4.6654326807e+00
   -4.5420779058e+00
   -8.7563169794e+00
   -2.6562824030e+01
    1.1678168710e+01
   -1.8095954736e+00
    2.3585601896e+01
    1.0112273240e+01
    7.9421257043e+00
   -1.7453845979e+01
   -1.3872307586e+01
    5.6508896193e-01
    1.2457326649e+01
   -2.1269328794e+01
   -1.0821515227e+01
    1.6058992659e+01
    1.4228475572e+01
    1.4489198397e+01
    2.5068549710e+00
   -1.6668737908e+01
   -6.0391023219e+00
    2.3885676553e-01
    3.3426522581e+00
    5.0120426267e+00
    8.2772311681e+00
   -2.4265301883e+01
    2.7738734398e+00
    1.1357533112e+01
   -9.9693878579e-01
    9.1489838993e+00
   -1.7587198636e+00
   -4.3168107392e+00
   -1.3166014154e+01
   -5.7545063712e+00
    1.6382787798e+00
    7.6454739300e+00
    8.7451687687e+00
    5.5647916124e-02
   -9.0792831305e+00
   -4.5071284194e-01
   -1.2444810281e+01
    9.8107916324e+00
   -1.4938310478e+00
   -6.3505750554e+00
    3.2699459623e+00
   -1.8231123624e-02
    2.1086773057e-02
    1.8978517930e+00
    3.0220629772e+00
   -9.2529753263e-01
    5.0894578303e+00
    1.4755315200e-01
   -8.8783940536e+00
   -9.3566328025e-01
    6.8213968932e-02
    1.6943328069e+00
   -4.2504301175e+00
    1.1292439154e+00
   -3.6034445841e+00
   -2.5259527991e+00
    3.3231866707e-01
   -3.8367687514e+00
   -8.9759734820e+00
    3.0906955969e+00
   -1.3279700900e+00
   -2.0515490087e-01
   -2.6072484711e+00
    2.5223404249e+00
    2.2945316234e+00
   -5.4786154572e-01
   -7.9078284168e-01
   -1.2268457869e-01
    1.4755729638e-01
    5.7859570737e-01
   -6.0626524576e-01
   -2.5801201969e-01
   -9.4524414248e-02
   -1.4621774544e+00
    1.2992600432e+00
   -1.6730789007e+00
   -7.2096815468e-01
   -2.9913727853e+00
    6.9677308802e-02
   -1.9313972866e+00
    2.9092836484e+00
   -2.4263984326e+00
   -1.8785703180e+00
   -1.1873507651e-01
   -1.2651966345e+00
    3.0434159186e-01
    5.9478006846e-01
    1.2721040490e+00
    1.2801408461e+00
   -1.1648424250e+00
   -1.6475533142e+00
    6.4642249669e-01
    2.1253438771e-02
    4.1342728387e-01
    6.7965662373e-01
    4.6881272908e-01
   -1.5399529675e-01
   -1.7785394717e-01
    6.5796001389e-01
   -4.6008988620e-01
    1.3848121497e-01
   -2.0323094783e-02
   -9.2695677862e-01
   -1.1900115177e+00
    1.4010534467e-02
   -5.0725147165e-01
    3.9921033230e-01
    1.7284070557e-01
   -9.3103717152e-01
   -9.3012696139e-01
    5.1167619574e-01
    6.7722188809e-01
    7.1605405144e-01
    1.3650633399e+00
   -2.4546192355e-01
   -3.3893705229e-01
    6.2300860232e-01
   -1.2986840372e+00
    6.1988340374e-02
   -1.0006438561e-01
    7.0949112798e-01
    2.4950968829e-01
   -3.7669527212e-02
   -1.4368003002e-01
    3.4666936266e-01
    4.7572698715e-01
    1.5893734126e-01
    5.7684448242e-01
    4.3891073792e-01
   -4.9399734338e-01
   -4.9003395746e-01
   -3.1837597076e-01
   -4.1891446416e-01
   -5.6170832525e-01
   -2.4783027601e-01
    3.1308935656e-01
    4.5274370032e-01
   -3.5433175190e-01
   -6.1971819500e-01
   -1.6045261777e-01
    4.6536051315e-01
    1.6211165078e-02
    6.2902905868e-01
    2.3327533589e-01
   -1.6983768255e-01
    5.2957207851e-02
    3.0314156582e-01
   -1.2915276802e-01
    4.5817387423e-01
    2.7846358790e-01
   -3.0439776953e-02
    6.5732856501e-02
    3.9707359825e-01
    6.1907840717e-01
   -7.1137022883e-02
   -2.1326527514e-01
    2.9088110786e-01
    3.9499629177e-01
   -1.6141253994e-01
    2.0102071817e-01
   -3.0704583369e-01
   -2.8380253113e-01
   -1.9086635017e-01
    1.7763431251e-01
    4.9128981426e-01
    6.8353669538e-01
    3.5369458649e-02
    6.4380012766e-02
    4.4301119454e-01
    2.4373766438e-01
   -2.2002073080e-01
    7.8933948934e-02
    1.1175809257e-01
    7.3295747754e-03
   -8.5150099440e-02
    1.1498120583e-01
   -4.7072693068e-02
    2.6759382249e-01
    6.8009703335e-02
   -1.2737590476e-01
   -2.3925644422e-01
    1.1354974010e-01
   -1.6156930921e-01
    2.9482757770e-02
    1.7218817613e-01
   -1.7386009220e-01
    2.7370935892e-03
   -2.2302227828e-01
   -1.8019812364e-02
   -2.7189384500e-02
    1.4003203211e-01
   -9.9551073086e-02
   -4.7435965904e-01
    6.6657573386e-02
   -1.6833741814e-01
    1.0311245732e-01
    4.3799828501e-01
   -3.4375694502e-01
    1.0181642516e-01
    7.2603565213e-02
    2.8645516266e-01
   -5.4216845038e-02
   -3.2167596694e-02
    9.3037199736e-03
   -1.7267576049e-01
    9.0815597720e-02
   -2.2695658225e-02
   -1.2218538751e-02
   -8.3812236487e-02
    2.3276139048e-01
    3.0787417841e-02
   -2.1943862930e-01
    2.9552198014e-02
    2.0520251839e-01
   -9.0507687092e-02
    2.1585408915e-01
   -5.4013721724e-02
   -8.2336201155e-02
   -1.0932241871e-01
   -1.6251754990e-01
   -9.3626499292e-02
   -1.7997818063e-02
    1.3347182283e-01
   -5.1542463968e-02
   -2.1007949465e-02
   -1.1672013463e-01
   -1.9833407445e-02
   -4.8590386152e-02
    4.2236217626e-03
    2.3576126237e-01
    5.7594115347e-03
   -2.2919812891e-01
    3.4413531413e-01
   -4.7484087547e-02
    2.3361127880e-01
   -9.1670714219e-02
    3.2006681333e-03
   -2.7863632062e-01
    1.7500005593e-02
   -2.6462495503e-02
   -7.2049031064e-02
   -2.8680616872e-01
    1.4809920382e-01
    2.6321509833e-02
    9.9533710002e-02
   -4.4252238125e-02
    7.1883284745e-03
   -4.3233970945e-02
   -1.4740925556e-01
    1.1411208460e-01
   -1.1575492850e-01
    9.2376849700e-02
   -1.9768569518e-02
   -3.5769551609e-02
    1.1850795244e-02
   -2.4216817997e-02
    7.1059913173e-02
    5.1171277708e-02
    6.4353173356e-03
   -3.2363804142e-01
   -1.3474495457e-01
    6.0230318800e-02
    1.8436742825e-01
    6.4901720770e-02
    1.8044266073e-01
    1.1267280886e-01
    1.3401313950e-01
    1.6978840961e-01
   -1.2584251977e-01
   -7.7942269453e-02
    9.8243134357e-02
    9.4002375200e-02
   -6.1033972113e-02
    1.9122376094e-01
    9.0408549592e-02
   -3.1700549759e-02
   -2.0469811194e-01
    4.1513777395e-02
   -1.1082291048e-01
   -5.3743183963e-02
   -1.3999983903e-01
    1.2224677652e-01
    1.6502975911e-01
   -4.4055839772e-03
    1.1741536528e-01
   -4.9660225488e-02
   -1.2173671502e-01
   -2.1511356375e-02
   -6.0762550296e-02
   -1.5003176462e-03
    1.4216068572e-01
    1.6803027159e-02
   -2.8748923638e-02
   -1.2924407968e-02
    3.5733461206e-02
    1.0559722132e-01
   -5.1440684554e-02
   -8.7741781711e-03
    1.2651019872e-01
   -7.0585226848e-02
    4.0972139731e-01
    1.7553772110e-01
   -4.5647128626e-02
   -7.3120841509e-03
    9.7423812964e-02
   -4.8104911075e-02
    6.0451789053e-02
    8.8554817260e-02
    7.1495214830e-02
   -3.5264552204e-01
   -8.0748153830e-03
   -2.0860048623e-02
    1.0640401461e-01
   -1.5804869778e-01
   -9.1488100632e-03
   -1.5715455900e-02
    9.7632245212e-02
   -3.7165777801e-02
   -7.1076300639e-02
    8.4674115865e-02
    3.1972740457e-02
    1.7451347437e-01
   -9.5201234638e-02
    1.4144948227e-02
   -1.6392400755e-02
    6.6614993565e-02
    9.4737794807e-02
   -1.2838481207e-01
    1.4460120335e-01
    9.4667406758e-02
    5.1356213032e-02
   -3.1586242268e-02
   -1.9156709088e-02
   -2.4510992618e-03
    6.1930605386e-02
   -9.0889044933e-02
   -5.6867406134e-02
   -5.3770390169e-03
   -4.0357268820e-02
    1.9383339792e-01
    9.5784721985e-02
   -3.0600743051e-02
    2.2805587877e-01
    1.9899959320e-01
    5.2698278981e-02
   -2.1630696833e-01
   -3.3484109551e-01
    3.1293404613e-01
    6.9215185567e-02
    2.3486707308e-01
    9.9281167902e-02
   -8.4759180257e-02
    1.2556860043e-01
   -2.0291956529e-02
   -1.7180700689e-01
    5.3787518516e-02
   -1.7699681632e-01
    5.6119789919e-02
   -5.3469782639e-02
   -1.6168721683e-01
    2.4184961236e-02
   -1.8376705751e-02
    6.7712979606e-03
   -8.6461144305e-02
    3.1991714796e-02
    5.9391226517e-02
   -1.4271862524e-01
   -1.1397155568e-02
    2.8543340116e-02
    1.5345858835e-02
    7.0936079709e-02
   -1.3010304425e-02
    3.5543832326e-02
   -1.4411214813e-01
    1.6131753316e-01
    4.6900003118e-02
    1.0201879085e-02
   -1.1821953160e-02
   -8.8916777463e-02
   -2.9380688994e+04
   -1.4336079944e+03
    4.5978180162e+03
   -2.5291713781e+03
    2.9636686249e+03
   -3.0671748639e+03
    1.6675804833e+03
   -7.8482163389e+02
    1.3645318331e+03
   -2.3937291436e+03
   -6.7005248049e+01
    1.2424518219e+03
    2.3864514202e+02
    4.9045786291e+02
   -5.4039332009e+02
    8.9869042686e+02
    8.0521341536e+02
    2.8141465723e+02
    7.0369741564e+01
   -1.4400783487e+02
   -2.9455720478e+02
    2.0789367448e+02
    2.8956076373e+01
   -3.6473290839e+02
   -2.3395707885e+02
    3.6578992836e+02
    4.6391523383e+01
    1.8718736171e+02
    2.1473211360e+02
   -1.4015063121e+02
   -1.2365930126e+02
   -1.4722240746e+02
    3.8744609485e+01
    1.8536633516e+01
    1.0166608838e+02
    6.4770078456e+01
    6.4545350437e+01
   -1.8979802581e+01
    7.4771322450e+01
    2.0702313827e+01
   -1.1857267033e+02
    4.9944371402e+01
   -3.8908332405e+01
   -6.1887881939e+01
    1.4070814569e+01
    9.4035928407e+00
   -6.2835902528e+01
    7.0484405056e+01
    8.0098651819e+01
   -7.6607323518e+01
   -5.0476384085e+01
   -8.4949490310e+00
   -1.5639789863e+01
    5.8026201282e+01
    7.4136009121e-01
    1.6045096393e+01
    2.3352578142e+01
    4.2942573954e+00
   -5.0430780018e+00
   -9.1631716319e+00
   -2.6355990013e+01
    1.2164023594e+01
   -1.8139460316e+00
    2.3513863079e+01
    1.0217782287e+01
    7.8062879387e+00
   -1.7457867615e+01
   -1.3624895929e+01
    8.0493480238e-01
    1.2312037453e+01
   -2.1343465319e+01
   -1.0630950116e+01
    1.6229203991e+01
    1.4007238623e+01
    1.4620824010e+01
    2.1868040749e+00
   -1.6687805688e+01
   -5.8784776895e+00
    3.4889214984e-01
    3.4473979959e+00
    4.9813294994e+00
    8.2363180414e+00
   -2.4396451798e+01
    2.8017885410e+00
    1.1463616876e+01
   -8.6972659880e-01
    8.9932853184e+00
   -1.8947707349e+00
   -4.1369539027e+00
   -1.3147463771e+01
   -5.6560484091e+00
    1.7758182787e+00
    7.5774464428e+00
    8.7262889264e+00
   -4.3276117262e-02
   -9.0170115728e+00
   -2.2437180738e-01
   -1.2528507937e+01
    9.8271455792e+00
   -1.4416418930e+00
   -6.3692476318e+00
    3.2681895493e+00
    1.4150954136e-02
    5.8577487853e-02
    1.9227622935e+00
    2.9302873776e+00
   -9.3768388788e-01
    5.1452514441e+00
    2.7608722184e-02
   -8.9124714447e+00
   -9.3456754856e-01
    1.1708405992e-01
    1.6572728372e+00
   -4.2386613810e+00
    1.0860030165e+00
   -3.6448949742e+00
   -2.5477705378e+00
    4.3071921858e-01
   -3.8407285364e+00
   -8.9970060474e+00
    3.0860304952e+00
   -1.3297376101e+00
   -1.9187768797e-01
   -2.5950008795e+00
    2.5544985990e+00
    2.2965918749e+00
   -5.5407459629e-01
   -7.7468286282e-01
   -7.4040476869e-02
    1.1551659747e-01
    5.6042482216e-01
   -5.9741277680e-01
   -2.6663343526e-01
   -9.4517258347e-02
   -1.4127348063e+00
    1.2631918112e+00
   -1.6820918344e+00
   -7.6250841399e-01
   -2.9683375599e+00
    3.9441980119e-02
   -1.9148211172e+00
    2.8465894156e+00
   -2.4119621231e+00
   -1.8812137245e+00
   -1.2005466364e-01
   -1.2765641690e+00
    2.8802926363e-01
    6.0226992423e-01
    1.2542626171e+00
    1.2443821830e+00
   -1.1758321086e+00
   -1.6059738442e+00
    6.3429173842e-01
    1.4167365586e-02
    4.3546452963e-01
    6.6784866291e-01
    4.6721287955e-01
   -1.5543428553e-01
   -1.6107584613e-01
    6.7964563026e-01
   -4.6082600519e-01
    1.3343451371e-01
   -5.4693330725e-02
   -9.2599548772e-01
   -1.2062126040e+00
    2.9443192373e-02
   -5.4561820402e-01
    3.6837861024e-01
    1.8093611094e-01
   -9.3202376093e-01
   -9.2925801683e-01
    5.2444233971e-01
    6.8942915337e-01
    7.1549938172e-01
    1.3505105279e+00
   -2.3244792034e-01
   -3.2987555381e-01
    5.9417901779e-01
   -1.2922915961e+00
    7.5137551316e-02
   -1.0257451587e-01
    6.9636011555e-01
    2.4321569072e-01
   -3.3826234957e-02
   -1.5421354868e-01
    3.4413470398e-01
    4.7481634882e-01
    1.6504611414e-01
    5.8600070048e-01
    4.3374268164e-01
   -5.1797628856e-01
   -4.9096373884e-01
   -3.0935450495e-01
   -4.1269410808e-01
   -5.5339644441e-01
   -2.4352023137e-01
    3.1638037736e-01
    4.5368113973e-01
   -3.5732538998e-01
   -6.1997326782e-01
   -1.6357810515e-01
    4.6743129857e-01
    2.3253843378e-02
    6.3793342651e-01
    2.3205349640e-01
   -1.7205886392e-01
    5.4928576962e-02
    2.9900646434e-01
   -1.3011337443e-01
    4.6364614786e-01
    2.7313157444e-01
   -3.8144558976e-02
    6.5502760913e-02
    3.9651869730e-01
    6.1374578630e-01
   -7.7213157098e-02
   -2.0780771923e-01
    2.9511960162e-01
    3.9864157764e-01
   -1.6851051522e-01
    2.0085088919e-01
   -3.0841428109e-01
   -2.9072722299e-01
   -1.7007231725e-01
    1.7477350635e-01
    4.9236539911e-01
    6.8357217813e-01
    3.2182723647e-02
    6.5118157211e-02
    4.4261364959e-01
    2.4238811231e-01
   -2.2234778224e-01
    8.3353777927e-02
    1.0972162795e-01
    5.3762040229e-03
   -8.4049477854e-02
    1.1425303177e-01
   -4.3571885625e-02
    2.6653728286e-01
    6.5494522437e-02
   -1.2535801768e-01
   -2.3659520225e-01
    1.1282784149e-01
   -1.6007056477e-01
    2.9266747350e-02
    1.6650639138e-01
   -1.7474244294e-01
    3.3818680476e-03
   -2.1999745139e-01
   -1.9510108091e-02
   -3.2850722613e-02
    1.3901138028e-01
   -1.0137254233e-01
   -4.8049212985e-01
    7.4785521125e-02
   -1.6981188504e-01
    1.0289558476e-01
    4.3684791926e-01
   -3.4548133167e-01
    1.0122728137e-01
    7.2268256182e-02
    2.8579572700e-01
   -5.4465236436e-02
   -2.9314741592e-02
    8.3620926483e-03
   -1.7542755136e-01
    9.2697475945e-02
   -2.3508170898e-02
   -1.2160815785e-02
   -8.3952017830e-02
    2.3589987702e-01
    3.1217943984e-02
   -2.2074128102e-01
    3.0696290392e-02
    2.0679270441e-01
   -9.1159844077e-02
    2.1574056871e-01
   -5.5077687927e-02
   -8.5612308928e-02
   -1.0825158423e-01
   -1.6413546967e-01
   -9.2733926019e-02
   -1.7004288666e-02
    1.2845797110e-01
   -5.2889854104e-02
   -2.1410582418e-02
   -1.1188722126e-01
   -1.3777680491e-02
   -5.0394652660e-02
    5.0445499448e-03
    2.3618022502e-01
    4.7846153145e-03
   -2.3049728745e-01
    3.4439284510e-01
   -4.7324350385e-02
    2.3365103955e-01
   -8.9862670832e-02
    2.0920580111e-03
   -2.7940960821e-01
    1.8092397354e-02
   -2.6137655340e-02
   -7.2727017054e-02
   -2.8668871411e-01
    1.4840672434e-01
    2.6238746609e-02
    1.0007248160e-01
   -4.4173654459e-02
    7.6293067627e-03
   -4.2939867180e-02
   -1.4896566374e-01
    1.1387673966e-01
   -1.1592009613e-01
    9.1125790984e-02
   -2.0768586510e-02
   -3.5019082965e-02
    1.2660872843e-02
   -2.3384114402e-02
    7.1200764192e-02
    4.7168184283e-02
    5.1331131431e-03
   -3.2524137698e-01
   -1.3154909596e-01
    6.2608404649e-02
    1.8391237889e-01
    6.5044889294e-02
    1.8075412607e-01
    1.1240260040e-01
    1.3300663354e-01
    1.6886663345e-01
   -1.2500252981e-01
   -7.7377695429e-02
    9.9411319556e-02
    9.3346003448e-02
   -6.1866153197e-02
    1.9155758221e-01
    9.0511577537e-02
   -3.1901828309e-02
   -2.0404062466e-01
    4.1796680555e-02
   -1.1008714127e-01
   -5.3681113125e-02
   -1.3990191091e-01
    1.2250529207e-01
    1.6419511977e-01
   -4.0679605867e-03
    1.1828263431e-01
   -4.9625605605e-02
   -1.2179236047e-01
   -2.1478586598e-02
   -6.1628438844e-02
   -1.1704259967e-03
    1.4252179245e-01
    1.6927817468e-02
   -2.7056590831e-02
   -1.2522717590e-02
    3.5296854580e-02
    1.0515950524e-01
   -4.9972784848e-02
   -7.3046765047e-03
    1.2618094354e-01
   -7.1672021584e-02
    4.1029626880e-01
    1.7602417011e-01
   -4.5683830760e-02
   -7.8561416250e-03
    9.6847576799e-02
   -4.6785042123e-02
    6.0499732489e-02
    8.8903364541e-02
    7.1428865647e-02
   -3.5276251070e-01
   -8.5859836353e-03
   -2.0583502443e-02
    1.0649288986e-01
   -1.5747739324e-01
   -9.9408159801e-03
   -1.5738993290e-02
    9.7393734214e-02
   -3.6578720181e-02
   -7.1065107884e-02
    8.4577493991e-02
    3.1775483702e-02
    1.7465176486e-01
   -9.5156931517e-02
    1.4036339765e-02
   -1.6054513348e-02
    6.6564156652e-02
    9.4848188707e-02
   -1.2878230450e-01
    1.4474189318e-01
    9.4002261156e-02
    5.0978189148e-02
   -3.1298275659e-02
   -1.9267151036e-02
   -1.9813460804e-03
    6.2263214459e-02
   -9.1343253145e-02
   -5.6663153886e-02
   -4.8142829066e-03
   -4.0851376701e-02
    1.9374232065e-01
    9.6473024304e-02
   -3.0080369941e-02
    2.2793279028e-01
    1.9916616570e-01
    5.3097434972e-02
   -2.1633156623e-01
   -3.3459380081e-01
    3.1320829287e-01
    6.8982643879e-02
    2.3460361413e-01
    9.8902838237e-02
   -8.4967527644e-02
    1.2553123358e-01
   -2.0048437051e-02
   -1.7204980822e-01
    5.3312899931e-02
   -1.7717405155e-01
    5.6149247820e-02
   -5.3240196964e-02
   -1.6180731398e-01
    2.4032028052e-02
   -1.8447477547e-02
    6.6621499833e-03
   -8.6918456144e-02
    3.2164878281e-02
    5.9649543543e-02
   -1.4286879986e-01
   -1.1748544651e-02
    2.9051812492e-02
    1.5471823326e-02
    7.1484169654e-02
   -1.2547651884e-02
    3.5785125346e-02
   -1.4411396163e-01
    1.6156576841e-01
    4.7100422678e-02
    1.0256521188e-02
   -1.1738076838e-02
   -8.8566455068e-02
   -2.9375077947e+04
   -1.4293206936e+03
    4.5865903444e+03
   -2.5347003925e+03
    2.9606614381e+03
   -3.0812064865e+03
    1.6644329573e+03
   -7.9207733007e+02
    1.3638838042e+03
   -2.3959245710e+03
   -6.4346144669e+01
    1.2429052733e+03
    2.3814186876e+02
    4.8308849200e+02
   -5.4158924415e+02
    8.9783104557e+02
    8.0418679024e+02
    2.8094090474e+02
    6.7257089755e+01
   -1.4172522829e+02
   -2.9162567696e+02
    2.0896034358e+02
    2.5336297440e+01
   -3.6728815949e+02
   -2.3373678554e+02
    3.6644358366e+02
    4.6134732566e+01
    1.8721025267e+02
    2.1588874358e+02
   -1.3989763092e+02
   -1.2368061806e+02
   -1.4619973255e+02
    3.9802888478e+01
    1.9127459921e+01
    1.0243000083e+02
    6.4622646744e+01
    6.4343706831e+01
   -1.8827163677e+01
    7.5217952845e+01
    1.9935025103e+01
   -1.1798907484e+02
    4.9641737771e+01
   -3.9346490640e+01
   -6.1386501960e+01
    1.4209317889e+01
    9.6394864765e+00
   -6.2396969406e+01
    7.1032649088e+01
    7.9990082535e+01
   -7.6631966600e+01
   -5.0171982115e+01
   -8.5645908182e+00
   -1.5407624931e+01
    5.8296362946e+01
    3.9360746352e-01
    1.5994429118e+01
    2.3362201028e+01
    3.9317920578e+00
   -5.5487284712e+00
   -9.5857756174e+00
   -2.6132631801e+01
    1.2652454185e+01
   -1.8259255302e+00
    2.3434334067e+01
    1.0326640071e+01
    7.6724219564e+00
   -1.7467616241e+01
   -1.3390344785e+01
    1.0436160652e+00
    1.2150205042e+01
   -2.1427309325e+01
   -1.0440228497e+01
    1.6382316283e+01
    1.3769057947e+01
    1.4707846849e+01
    1.8616771939e+00
   -1.6710903575e+01
   -5.7348946254e+00
    4.7813192316e-01
    3.5608406407e+00
    4.9526014700e+00
    8.1998379306e+00
   -2.4529131079e+01
    2.8342411120e+00
    1.1570621340e+01
   -7.3732824878e-01
    8.8395297357e+00
   -2.0260634585e+00
   -3.9683739818e+00
   -1.3135117899e+01
   -5.5667108012e+00
    1.9103312406e+00
    7.4949192896e+00
    8.7113670093e+00
   -1.5644042256e-01
   -8.9435411054e+00
   -4.4890022634e-03
   -1.2594522340e+01
    9.8321397098e+00
   -1.3956618460e+00
   -6.3898636987e+00
    3.2760433420e+00
    4.7227880237e-02
    9.0360519888e-02
    1.9368129529e+00
    2.8466697479e+00
   -9.4770640823e-01
    5.1987554902e+00
   -9.5442335938e-02
   -8.9348305901e+00
   -9.2180029926e-01
    1.7063907069e-01
    1.6218379377e+00
   -4.2268793657e+00
    1.0488587781e+00
   -3.6829384252e+00
   -2.5658803834e+00
    5.2575858970e-01
   -3.8542619363e+00
   -9.0151636582e+00
    3.0817931279e+00
   -1.3318795387e+00
   -1.7964236566e-01
   -2.5796664325e+00
    2.5868838427e+00
    2.2964678678e+00
   -5.6249968850e-01
   -7.5693003459e-01
   -2.7024679448e-02
    8.3236189274e-02
    5.4249166444e-01
   -5.8770504478e-01
   -2.7344482825e-01
   -9.1912482881e-02
   -1.3605125433e+00
    1.2282268913e+00
   -1.6894692091e+00
   -8.0841946571e-01
   -2.9385215995e+00
    9.8340056287e-03
   -1.8955827161e+00
    2.7778341395e+00
   -2.3934701787e+00
   -1.8848283198e+00
   -1.2424877153e-01
   -1.2882765240e+00
    2.7360989970e-01
    6.0890925788e-01
    1.2339908617e+00
    1.2090610134e+00
   -1.1841970765e+00
   -1.5632162588e+00
    6.2370340498e-01
    9.5628692076e-03
    4.5647566592e-01
    6.5473919899e-01
    4.6681762895e-01
   -1.5625499567e-01
   -1.4567289520e-01
    6.9915834565e-01
   -4.6062406171e-01
    1.2882108961e-01
   -9.1578966031e-02
   -9.2749748612e-01
   -1.2223128286e+00
    4.5949636147e-02
   -5.8234491168e-01
    3.3427365827e-01
    1.8843838781e-01
   -9.3225568214e-01
   -9.2871996928e-01
    5.3709176180e-01
    7.0066717732e-01
    7.1509486297e-01
    1.3360264017e+00
   -2.2075589481e-01
   -3.2235816605e-01
    5.6573880447e-01
   -1.2851166192e+00
    8.7461729783e-02
   -1.0526889042e-01
    6.8431216919e-01
    2.3751031307e-01
   -3.0789622774e-02
   -1.6550382623e-01
    3.4278478085e-01
    4.7251960106e-01
    1.7244002979e-01
    5.9460630614e-01
    4.2900636472e-01
   -5.4288928180e-01
   -4.9074328061e-01
   -3.0080605389e-01
   -4.0632208867e-01
   -5.4291769712e-01
   -2.3956588655e-01
    3.2005974460e-01
    4.5514528291e-01
   -3.5966435226e-01
   -6.1984451155e-01
   -1.6637966231e-01
    4.6974767060e-01
    3.0422625904e-02
    6.4633630617e-01
    2.3072257627e-01
   -1.7399068553e-01
    5.6700423238e-02
    2.9494295851e-01
   -1.3104703574e-01
    4.6925404352e-01
    2.6723576505e-01
   -4.5774072871e-02
    6.4956256879e-02
    3.9564611181e-01
    6.0818479461e-01
   -8.3127273933e-02
   -2.0275177889e-01
    2.9908873589e-01
    4.0159489543e-01
   -1.7562877314e-01
    2.0055792752e-01
   -3.1022235935e-01
   -2.9925348054e-01
   -1.4930189228e-01
    1.7154863603e-01
    4.9332704029e-01
    6.8344162096e-01
    2.8862832952e-02
    6.6060993276e-02
    4.4172934357e-01
    2.4083334794e-01
   -2.2448345054e-01
    8.8051746750e-02
    1.0759181527e-01
    3.6188375823e-03
   -8.2974928582e-02
    1.1372767754e-01
   -4.0256786686e-02
    2.6555158398e-01
    6.2997442638e-02
   -1.2345340685e-01
   -2.3401550852e-01
    1.1206612546e-01
   -1.5852104153e-01
    2.9212545428e-02
    1.6043162255e-01
   -1.7550392346e-01
    3.7355798465e-03
   -2.1649506684e-01
   -2.1437872502e-02
   -3.7967716426e-02
    1.3724618868e-01
   -1.0305408262e-01
   -4.8593712783e-01
    8.3060796839e-02
   -1.7124074296e-01
    1.0280018608e-01
    4.3545484862e-01
   -3.4716917124e-01
    1.0082735437e-01
    7.2032840645e-02
    2.8515991773e-01
   -5.4420474311e-02
   -2.6432602413e-02
    7.4423468640e-03
   -1.7830535840e-01
    9.4633503867e-02
   -2.4553655908e-02
   -1.2083804791e-02
   -8.4192895664e-02
    2.3908781899e-01
    3.1615991395e-02
   -2.2211492989e-01
    3.1991513719e-02
    2.0857563303e-01
   -9.1927695056e-02
    2.1551300361e-01
   -5.6066553571e-02
   -8.8959322325e-02
   -1.0730167148e-01
   -1.6567984241e-01
   -9.1754576406e-02
   -1.6358234454e-02
    1.2310884637e-01
   -5.4043500832e-02
   -2.1979082360e-02
   -1.0661101191e-01
   -7.2882935349e-03
   -5.2222025473e-02
    5.8943207441e-03
    2.3663005464e-01
    3.8576850408e-03
   -2.3183788579e-01
    3.4465942803e-01
   -4.7188419793e-02
    2.3368720912e-01
   -8.7916800510e-02
    1.0070781369e-03
   -2.8015308929e-01
    1.8696012908e-02
   -2.5879653801e-02
   -7.3351081007e-02
   -2.8658863610e-01
    1.4885066981e-01
    2.6065334842e-02
    1.0069959314e-01
   -4.4092323494e-02
    8.1398466990e-03
   -4.2664028141e-02
   -1.5065746019e-01
    1.1368943820e-01
   -1.1613228064e-01
    8.9825314632e-02
   -2.1749376272e-02
   -3.4208379454e-02
    1.3516901394e-02
   -2.2524926196e-02
    7.1238031276e-02
    4.3265928076e-02
    3.8600789123e-03
   -3.2724800736e-01
   -1.2819506385e-01
    6.4678598307e-02
    1.8349064864e-01
    6.5242640721e-02
    1.8099783737e-01
    1.1211473498e-01
    1.3196185347e-01
    1.6792567080e-01
   -1.2411574070e-01
   -7.6779866814e-02
    1.0060052884e-01
    9.2618952437e-02
   -6.2720211574e-02
    1.9187153699e-01
    9.0565247549e-02
   -3.2133238704e-02
   -2.0335419573e-01
    4.2077285898e-02
   -1.0933274048e-01
   -5.3603052946e-02
   -1.3976462882e-01
    1.2277368736e-01
    1.6330974441e-01
   -3.7383085161e-03
    1.1920690873e-01
   -4.9648320430e-02
   -1.2187838477e-01
   -2.1473758511e-02
   -6.2498172470e-02
   -8.5092805156e-04
    1.4295249272e-01
    1.7100880016e-02
   -2.5386126102e-02
   -1.2093116404e-02
    3.4901509235e-02
    1.0479890948e-01
   -4.8435751153e-02
   -5.8580563215e-03
    1.2564667980e-01
   -7.2788978265e-02
    4.1090011000e-01
    1.7652731666e-01
   -4.5721026566e-02
   -8.4093647211e-03
    9.6232711181e-02
   -4.5441715927e-02
    6.0521868247e-02
    8.9266699763e-02
    7.1349206796e-02
   -3.5286311459e-01
   -9.1141669892e-03
   -2.0292480984e-02
    1.0659544017e-01
   -1.5689280169e-01
   -1.0757141106e-02
   -1.5768805882e-02
    9.7156704301e-02
   -3.5967752186e-02
   -7.1053424628e-02
    8.4483742151e-02
    3.1574280685e-02
    1.7479983368e-01
   -9.5123069198e-02
    1.3922160914e-02
   -1.5691308414e-02
    6.6506678636e-02
    9.4933649505e-02
   -1.2918346963e-01
    1.4487785774e-01
    9.3351320587e-02
    5.0600232342e-02
   -3.1028490001e-02
   -1.9406600966e-02
   -1.5190745904e-03
    6.2663420057e-02
   -9.1829795626e-02
   -5.6435748250e-02
   -4.2413008173e-03
   -4.1355959653e-02
    1.9365499807e-01
    9.7157203928e-02
   -2.9556710667e-02
    2.2781872296e-01
    1.9934800384e-01
    5.3509591889e-02
   -2.1635313840e-01
   -3.3434913034e-01
    3.1347521174e-01
    6.8749068076e-02
    2.3432998751e-01
    9.8525927753e-02
   -8.5181817343e-02
    1.2548859586e-01
   -1.9796198776e-02
   -1.7229670695e-01
    5.2830822976e-02
   -1.7734881575e-01
    5.6184001717e-02
   -5.3008228645e-02
   -1.6193094400e-01
    2.3876899286e-02
   -1.8514034254e-02
    6.5452247269e-03
   -8.7378199388e-02
    3.2341119051e-02
    5.9913467291e-02
   -1.4301701286e-01
   -1.2101285920e-02
    2.9555335648e-02
    1.5614763160e-02
    7.2038508658e-02
   -1.2071140923e-02
    3.6030872913e-02
   -1.4412305785e-01
    1.6181801261e-01
    4.7327566505e-02
    1.0312225659e-02
   -1.1638314051e-02
   -8.8213198542e-02
   -2.9368721602e+04
   -1.4246806151e+03
    4.5754191746e+03
   -2.5402701592e+03
    2.9580695048e+03
   -3.0950971507e+03
    1.6608535317e+03
   -7.9898958798e+02
    1.3631995426e+03
   -2.3980852522e+03
   -6.2120350749e+01
    1.2432010071e+03
    2.3782735325e+02
    4.7545897842e+02
   -5.4348391899e+02
    8.9698374017e+02
    8.0298407547e+02
    2.8042162766e+02
    6.4142516767e+01
   -1.3954075337e+02
   -2.8884041445e+02
    2.0989815164e+02
    2.1790958095e+01
   -3.6957191671e+02
   -2.3345899824e+02
    3.6711281851e+02
    4.5879204493e+01
    1.8725237494e+02
    2.1700514234e+02
   -1.3961590381e+02
   -1.2354055005e+02
   -1.4508526687e+02
    4.0721532013e+01
    1.9583374989e+01
    1.0338213101e+02
    6.4499788067e+01
    6.4133756583e+01
   -1.8665972714e+01
    7.5672136703e+01
    1.9137462937e+01
   -1.1740394351e+02
    4.9392330424e+01
   -3.9752255507e+01
   -6.0924757437e+01
    1.4374774940e+01
    9.9393533417e+00
   -6.1993126910e+01
    7.1523400679e+01
    7.9898820901e+01
   -7.6663562037e+01
   -4.9866462061e+01
   -8.6231075143e+00
   -1.5185972868e+01
    5.8545888935e+01
    2.9158888992e-02
    1.5937066104e+01
    2.3399499309e+01
    3.5641026157e+00
   -6.0548443106e+00
   -1.0015200171e+01
   -2.5878886955e+01
    1.3121777804e+01
   -1.8787168933e+00
    2.3354878855e+01
    1.0438057875e+01
    7.5470304737e+00
   -1.7470549868e+01
   -1.3161298476e+01
    1.2892070511e+00
    1.1973790548e+01
   -2.1511058804e+01
   -1.0241299583e+01
    1.6522898092e+01
    1.3510302616e+01
    1.4761348293e+01
    1.5386924537e+00
   -1.6734419563e+01
   -5.5990459932e+00
    6.2325502083e-01
    3.6803131513e+00
    4.9245543435e+00
    8.1665650123e+00
   -2.4669899161e+01
    2.8707205047e+00
    1.1681582226e+01
   -6.0201760326e-01
    8.6876764474e+00
   -2.1497212701e+00
   -3.8069715331e+00
   -1.3123394167e+01
   -5.4848092382e+00
    2.0418770571e+00
    7.4038825450e+00
    8.7040324473e+00
   -2.8029497518e-01
   -8.8595646479e+00
    2.0799281397e-01
   -1.2645494619e+01
    9.8327926667e+00
   -1.3552007542e+00
   -6.4138060687e+00
    3.2910627134e+00
    8.1626714351e-02
    1.1483104984e-01
    1.9416619700e+00
    2.7683479456e+00
   -9.5522144791e-01
    5.2485585922e+00
   -2.2166707297e-01
   -8.9481215017e+00
   -8.9811905749e-01
    2.2975517209e-01
    1.5862365077e+00
   -4.2158470201e+00
    1.0165012992e+00
   -3.7155464569e+00
   -2.5817942635e+00
    6.1770032521e-01
   -3.8724020042e+00
   -9.0298806122e+00
    3.0784485395e+00
   -1.3352466118e+00
   -1.6858269301e-01
   -2.5620948380e+00
    2.6195484969e+00
    2.2941540177e+00
   -5.7321888993e-01
   -7.3435160213e-01
    1.9484264830e-02
    5.0411896949e-02
    5.2516007832e-01
   -5.7636742050e-01
   -2.7864303217e-01
   -8.7632526991e-02
   -1.3062307022e+00
    1.1947554771e+00
   -1.6968918918e+00
   -8.5787304822e-01
   -2.9028608555e+00
   -1.7958034052e-02
   -1.8742525885e+00
    2.7044775877e+00
   -2.3723060961e+00
   -1.8881132078e+00
   -1.3087270009e-01
   -1.2989221240e+00
    2.6257104404e-01
    6.1500943770e-01
    1.2123187996e+00
    1.1748482971e+00
   -1.1895409830e+00
   -1.5202390531e+00
    6.1472198460e-01
    7.1390550863e-03
    4.7728349752e-01
    6.4039229275e-01
    4.6796317197e-01
   -1.5613306488e-01
   -1.3120931811e-01
    7.1699889631e-01
   -4.5880271552e-01
    1.2523450490e-01
   -1.3043296371e-01
   -9.3092167802e-01
   -1.2377979463e+00
    6.4437260931e-02
   -6.1698120166e-01
    2.9851353814e-01
    1.9537218717e-01
   -9.3189367067e-01
   -9.2847284947e-01
    5.4919342163e-01
    7.1077939746e-01
    7.1467838141e-01
    1.3219048399e+00
   -2.1025971902e-01
   -3.1635676561e-01
    5.3798765131e-01
   -1.2773189784e+00
    9.8944279299e-02
   -1.0788311937e-01
    6.7375635844e-01
    2.3218127046e-01
   -2.8590104412e-02
   -1.7708528702e-01
    3.4226754207e-01
    4.6883412723e-01
    1.8134352801e-01
    6.0272692047e-01
    4.2461437938e-01
   -5.6789781797e-01
   -4.8978205033e-01
   -2.9247739459e-01
   -4.0074555042e-01
   -5.2995661498e-01
   -2.3589631180e-01
    3.2366871813e-01
    4.5745852010e-01
   -3.6106698533e-01
   -6.1911867317e-01
   -1.6858136021e-01
    4.7215194903e-01
    3.7545223299e-02
    6.5423903713e-01
    2.2928209095e-01
   -1.7569968748e-01
    5.8295134802e-02
    2.9097603250e-01
   -1.3194902094e-01
    4.7520205455e-01
    2.6082803192e-01
   -5.3272768770e-02
    6.4048701419e-02
    3.9455338302e-01
    6.0233251311e-01
   -8.9002767193e-02
   -1.9821353897e-01
    3.0281294704e-01
    4.0382291960e-01
   -1.8259730085e-01
    2.0010583119e-01
   -3.1246023568e-01
   -3.0953568260e-01
   -1.2823381493e-01
    1.6798144211e-01
    4.9416672743e-01
    6.8314215587e-01
    2.5392544911e-02
    6.7205499865e-02
    4.4042241466e-01
    2.3906133074e-01
   -2.2639880072e-01
    9.2987196475e-02
    1.0539404818e-01
    2.1243195322e-03
   -8.1857818600e-02
    1.1343912097e-01
   -3.7150802447e-02
    2.6465444144e-01
    6.0537997661e-02
   -1.2163763094e-01
   -2.3157147980e-01
    1.1123500861e-01
   -1.5695826508e-01
    2.9324931727e-02
    1.5405234104e-01
   -1.7612270895e-01
    3.8122583390e-03
   -2.1254866940e-01
   -2.3748184061e-02
   -4.2564881741e-02
    1.3462284250e-01
   -1.0450276658e-01
   -4.9051057369e-01
    9.1387294639e-02
   -1.7263675004e-01
    1.0284079187e-01
    4.3384176848e-01
   -3.4881909542e-01
    1.0061115476e-01
    7.1887595359e-02
    2.8451740174e-01
   -5.4086650141e-02
   -2.3564267203e-02
    6.5658734184e-03
   -1.8131101502e-01
    9.6614664468e-02
   -2.5787867681e-02
   -1.1974442345e-02
   -8.4535584418e-02
    2.4230563547e-01
    3.2002460884e-02
   -2.2354134610e-01
    3.3449162635e-02
    2.1052751425e-01
   -9.2774919105e-02
    2.1518604944e-01
   -5.6961608589e-02
   -9.2384734410e-02
   -1.0647223445e-01
   -1.6714336197e-01
   -9.0664904455e-02
   -1.6073627552e-02
    1.1737997502e-01
   -5.5018059221e-02
   -2.2693279393e-02
   -1.0097242921e-01
   -3.3750388290e-04
   -5.4074796408e-02
    6.7737576545e-03
    2.3711685354e-01
    2.9756055833e-03
   -2.3321236032e-01
    3.4492503566e-01
   -4.7065112812e-02
    2.3371872805e-01
   -8.5842543282e-02
   -4.1138633750e-05
   -2.8087444887e-01
    1.9303242173e-02
   -2.5690710447e-02
   -7.3919706870e-02
   -2.8649360477e-01
    1.4942755628e-01
    2.5808581676e-02
    1.0141276709e-01
   -4.4001097083e-02
    8.7233991341e-03
   -4.2403320419e-02
   -1.5248579958e-01
    1.1355078346e-01
   -1.1638730143e-01
    8.8476593977e-02
   -2.2715713098e-02
   -3.3335306335e-02
    1.4395348259e-02
   -2.1616410228e-02
    7.1184246411e-02
    3.9480598511e-02
    2.6101234750e-03
   -3.2964825596e-01
   -1.2471257675e-01
    6.6446843569e-02
    1.8309777789e-01
    6.5492748213e-02
    1.8117859906e-01
    1.1181326588e-01
    1.3088090600e-01
    1.6696993714e-01
   -1.2318453063e-01
   -7.6152099796e-02
    1.0180936268e-01
    9.1829415187e-02
   -6.3594852725e-02
    1.9216845492e-01
    9.0569838334e-02
   -3.2392779162e-02
   -2.0264054073e-01
    4.2358790464e-02
   -1.0855661870e-01
   -5.3511053558e-02
   -1.3958799430e-01
    1.2305193304e-01
    1.6238137761e-01
   -3.4154928330e-03
    1.2018296928e-01
   -4.9724717551e-02
   -1.2199459577e-01
   -2.1494712826e-02
   -6.3369075987e-02
   -5.4632134047e-04
    1.4344788417e-01
    1.7314752362e-02
   -2.3739935300e-02
   -1.1639935412e-02
    3.4544122470e-02
    1.0450910818e-01
   -4.6837419256e-02
   -4.4276838795e-03
    1.2490500482e-01
   -7.3933117230e-02
    4.1153058110e-01
    1.7704573274e-01
   -4.5758764169e-02
   -8.9714344746e-03
    9.5582514803e-02
   -4.4079978950e-02
    6.0519313676e-02
    8.9642983312e-02
    7.1259045528e-02
   -3.5294810937e-01
   -9.6555598896e-03
   -1.9989018314e-02
    1.0671109148e-01
   -1.5629702231e-01
   -1.1594484451e-02
   -1.5803295042e-02
    9.6922379309e-02
   -3.5334103235e-02
   -7.1041548238e-02
    8.4393786229e-02
    3.1370245650e-02
    1.7495721351e-01
   -9.5098622787e-02
    1.3803320915e-02
   -1.5305432856e-02
    6.6444334016e-02
    9.4994401052e-02
   -1.2958747403e-01
    1.4501086421e-01
    9.2716304116e-02
    5.0221686155e-02
   -3.0775938840e-02
   -1.9569605163e-02
   -1.0688871995e-03
    6.3128129783e-02
   -9.2346758622e-02
   -5.6184020377e-02
   -3.6590858311e-03
   -4.1870060791e-02
    1.9357095450e-01
    9.7838367622e-02
   -2.9030045001e-02
    2.2771253074e-01
    1.9954276779e-01
    5.3932892420e-02
   -2.1637239617e-01
   -3.3410639000e-01
    3.1373558017e-01
    6.8514926556e-02
    2.3404766988e-01
    9.8150708187e-02
   -8.5401022751e-02
    1.2544170059e-01
   -1.9536071525e-02
   -1.7254709847e-01
    5.2341999476e-02
   -1.7752087947e-01
    5.6223912878e-02
   -5.2774144260e-02
   -1.6205802077e-01
    2.3719961548e-02
   -1.8576779606e-02
    6.4212633372e-03
   -8.7840363901e-02
    3.2520021384e-02
    6.0181735960e-02
   -1.4316343832e-01
   -1.2455128668e-02
    3.0052903594e-02
    1.5773088078e-02
    7.2598564609e-02
   -1.1582335635e-02
    3.6279624056e-02
   -1.4413900274e-01
    1.6207455688e-01
    4.7577723491e-02
    1.0368175336e-02
   -1.1526459249e-02
   -8.7857773216e-02
   -2.9362437207e+04
   -1.4197345681e+03
    4.5646573862e+03
   -2.5460888748e+03
    2.9555082983e+03
   -3.1089142383e+03
    1.6568336029e+03
   -8.0492517529e+02
    1.3623114459e+03
   -2.4002559742e+03
   -6.0176075054e+01
    1.2433703095e+03
    2.3776861430e+02
    4.6766113846e+02
   -5.4573623278e+02
    8.9612956610e+02
    8.0171530540e+02
    2.7983340201e+02
    6.1075100824e+01
   -1.3751769202e+02
   -2.8613371734e+02
    2.1067002388e+02
    1.8306528478e+01
   -3.7167515810e+02
   -2.3319968833e+02
    3.6779883110e+02
    4.5624642593e+01
    1.8727290249e+02
    2.1807538436e+02
   -1.3931705606e+02
   -1.2328752598e+02
   -1.4392516069e+02
    4.1509942760e+01
    2.0013571435e+01
    1.0440488709e+02
    6.4363612340e+01
    6.3926058670e+01
   -1.8495476343e+01
    7.6108505947e+01
    1.8328997672e+01
   -1.1681366371e+02
    4.9189443540e+01
   -4.0162876621e+01
   -6.0517654014e+01
    1.4563661801e+01
    1.0297453282e+01
   -6.1590788013e+01
    7.1961021672e+01
    7.9814478757e+01
   -7.6697496955e+01
   -4.9560913002e+01
   -8.6646055946e+00
   -1.4969079345e+01
    5.8793109397e+01
   -3.3934543462e-01
    1.5882281790e+01
    2.3455857780e+01
    3.1926183082e+00
   -6.5466796265e+00
   -1.0447295455e+01
   -2.5579468114e+01
    1.3552632586e+01
   -1.9968715260e+00
    2.3283685569e+01
    1.0548983782e+01
    7.4292420522e+00
   -1.7457037091e+01
   -1.2932496420e+01
    1.5470344931e+00
    1.1785284178e+01
   -2.1589225246e+01
   -1.0033861865e+01
    1.6663995364e+01
    1.3230429508e+01
    1.4797338578e+01
    1.2177060800e+00
   -1.6752997961e+01
   -5.4635759258e+00
    7.7223629781e-01
    3.7874580020e+00
    4.8962439447e+00
    8.1311830628e+00
   -2.4820399632e+01
    2.9095066835e+00
    1.1799643198e+01
   -4.6890076176e-01
    8.5400113761e+00
   -2.2637011439e+00
   -3.6466646145e+00
   -1.3105934727e+01
   -5.4060478453e+00
    2.1688864769e+00
    7.3108597109e+00
    8.7020893632e+00
   -4.1227963102e-01
   -8.7699288112e+00
    4.1465150922e-01
   -1.2681097564e+01
    9.8377578843e+00
   -1.3164093819e+00
   -6.4428137924e+00
    3.3092790035e+00
    1.1865526591e-01
    1.3291115267e-01
    1.9401748885e+00
    2.6936069149e+00
   -9.6061958996e-01
    5.2939465299e+00
   -3.5117394140e-01
   -8.9561404330e+00
   -8.6766988205e-01
    2.9380500499e-01
    1.5477452505e+00
   -4.2064631789e+00
    9.8890614350e-01
   -3.7418139160e+00
   -2.5963791600e+00
    7.0738284144e-01
   -3.8920464051e+00
   -9.0407399417e+00
    3.0757962658e+00
   -1.3410344266e+00
   -1.5830367007e-01
   -2.5435515604e+00
    2.6520264264e+00
    2.2899929850e+00
   -5.8506241989e-01
   -7.0475914152e-01
    6.5856153024e-02
    1.6714950183e-02
    5.0850685892e-01
   -5.6319892032e-01
   -2.8308660965e-01
   -8.3069791220e-02
   -1.2508994524e+00
    1.1624712764e+00
   -1.7056326389e+00
   -9.0884822009e-01
   -2.8625950822e+00
   -4.3177141965e-02
   -1.8512254464e+00
    2.6271285667e+00
   -2.3525696089e+00
   -1.8895857318e+00
   -1.3921211347e-01
   -1.3072714872e+00
    2.5601933403e-01
    6.2100820829e-01
    1.1902098660e+00
    1.1425658804e+00
   -1.1920014515e+00
   -1.4782364857e+00
    6.0708679533e-01
    6.1766617721e-03
    4.9860646986e-01
    6.2469751508e-01
    4.7074353274e-01
   -1.5472396533e-01
   -1.1706387906e-01
    7.3407197742e-01
   -4.5530651173e-01
    1.2317668775e-01
   -1.7067959075e-01
   -9.3503581869e-01
   -1.2519900004e+00
    8.6023097618e-02
   -6.4994430359e-01
    2.6334763889e-01
    2.0183547746e-01
   -9.3120128618e-01
   -9.2884400697e-01
    5.6028600864e-01
    7.1957013910e-01
    7.1396030444e-01
    1.3085640160e+00
   -2.0061791458e-01
   -3.1161407423e-01
    5.1113839604e-01
   -1.2690588109e+00
    1.0948190270e-01
   -1.1023017581e-01
    6.6484760666e-01
    2.2696492089e-01
   -2.7212893474e-02
   -1.8849599983e-01
    3.4215562394e-01
    4.6389531379e-01
    1.9180541305e-01
    6.1030979431e-01
    4.2028730255e-01
   -5.9195383942e-01
   -4.8840719132e-01
   -2.8387815980e-01
   -3.9625036325e-01
   -5.1509114217e-01
   -2.3238607908e-01
    3.2675024745e-01
    4.6078799346e-01
   -3.6138352510e-01
   -6.1763847904e-01
   -1.6994534737e-01
    4.7449910405e-01
    4.4491425287e-02
    6.6167133054e-01
    2.2775092696e-01
   -1.7719601242e-01
    5.9723494274e-02
    2.8709865213e-01
   -1.3284905557e-01
    4.8167232105e-01
    2.5397387610e-01
   -6.0626216653e-02
    6.2745489178e-02
    3.9335715500e-01
    5.9612854301e-01
   -9.4904057049e-02
   -1.9424213081e-01
    3.0630114084e-01
    4.0532843110e-01
   -1.8928593947e-01
    1.9938217878e-01
   -3.1502780592e-01
   -3.2134257642e-01
   -1.0634119680e-01
    1.6413257263e-01
    4.9487943725e-01
    6.8268300942e-01
    2.1784887858e-02
    6.8533438720e-02
    4.3876690368e-01
    2.3706796010e-01
   -2.2808436503e-01
    9.8108182536e-02
    1.0314009471e-01
    9.4338918630e-04
   -8.0638288006e-02
    1.1338455023e-01
   -3.4286820044e-02
    2.6387381731e-01
    5.8130799097e-02
   -1.1989922692e-01
   -2.2931762443e-01
    1.1031675202e-01
   -1.5542239522e-01
    2.9596314110e-02
    1.4745967846e-01
   -1.7658255662e-01
    3.6166901813e-03
   -2.0820070739e-01
   -2.6330315699e-02
   -4.6678077793e-02
    1.3110863484e-01
   -1.0565796306e-01
   -4.9407264935e-01
    9.9644861950e-02
   -1.7401027779e-01
    1.0302472386e-01
    4.3203964602e-01
   -3.5043349794e-01
    1.0056198610e-01
    7.1817795460e-02
    2.8384579705e-01
   -5.3468334652e-02
   -2.0739641386e-02
    5.7442732055e-03
   -1.8443432464e-01
    9.8629910223e-02
   -2.7158949878e-02
   -1.1825617725e-02
   -8.4980394112e-02
    2.4553351197e-01
    3.2392193994e-02
   -2.2500210514e-01
    3.5065655135e-02
    2.1262202284e-01
   -9.3671113745e-02
    2.1477847160e-01
   -5.7750535409e-02
   -9.5888035901e-02
   -1.0575532801e-01
   -1.6852642456e-01
   -8.9447455023e-02
   -1.6145474142e-02
    1.1124975460e-01
   -5.5828702219e-02
   -2.3522282629e-02
   -9.5074873830e-02
    7.0600327139e-03
   -5.5954574348e-02
    7.6839431431e-03
    2.3764220105e-01
    2.1336060182e-03
   -2.3461222219e-01
    3.4517856192e-01
   -4.6945902190e-02
    2.3374458672e-01
   -8.3652168248e-02
   -1.0412530558e-03
   -2.8158024342e-01
    1.9906390289e-02
   -2.5566273534e-02
   -7.4433077036e-02
   -2.8639193412e-01
    1.5012891854e-01
    2.5475903528e-02
    1.0220651307e-01
   -4.3896354266e-02
    9.3801868804e-03
   -4.2154650606e-02
   -1.5444641641e-01
    1.1345925365e-01
   -1.1668108221e-01
    8.7084553496e-02
   -2.3669751521e-02
   -3.2398679259e-02
    1.5276720126e-02
   -2.0642463294e-02
    7.1054457745e-02
    3.5816582448e-02
    1.3761662027e-03
   -3.3241975540e-01
   -1.2114226923e-01
    6.7925688834e-02
    1.8272933369e-01
    6.5792064812e-02
    1.8130107547e-01
    1.1150213940e-01
    1.2976697189e-01
    1.6600379035e-01
   -1.2221233081e-01
   -7.5498809110e-02
    1.0303576283e-01
    9.0985562486e-02
   -6.4487628650e-02
    1.9245079186e-01
    9.0527744179e-02
   -3.2677954277e-02
   -2.0190208769e-01
    4.2643948838e-02
   -1.0775710711e-01
   -5.3407437951e-02
   -1.3937356731e-01
    1.2333935403e-01
    1.6141731365e-01
   -3.0990418512e-03
    1.2120466738e-01
   -4.9850396102e-02
   -1.2214009699e-01
   -2.1539234630e-02
   -6.4238374488e-02
   -2.5906797961e-04
    1.4400145267e-01
    1.7562431526e-02
   -2.2119394979e-02
   -1.1168171904e-02
    3.4221754147e-02
    1.0428551944e-01
   -4.5186215346e-02
   -3.0050095157e-03
    1.2395828713e-01
   -7.5100751701e-02
    4.1218467183e-01
    1.7757790443e-01
   -4.5797059617e-02
   -9.5416192744e-03
    9.4900880972e-02
   -4.2704997025e-02
    6.0493888224e-02
    9.0029910571e-02
    7.1160767955e-02
   -3.5301880104e-01
   -1.0206441660e-02
   -1.9675207826e-02
    1.0683869115e-01
   -1.5569228666e-01
   -1.2449465969e-02
   -1.5840968004e-02
    9.6691828310e-02
   -3.4679628764e-02
   -7.1029770802e-02
    8.4308177535e-02
    3.1164519798e-02
    1.7512309630e-01
   -9.5082497353e-02
    1.3680820903e-02
   -1.4899724847e-02
    6.6378418845e-02
    9.5031423706e-02
   -1.2999329028e-01
    1.4514260905e-01
    9.2097945072e-02
    4.9842088866e-02
   -3.0539341987e-02
   -1.9750771029e-02
   -6.3448247901e-04
    6.3653566780e-02
   -9.2891413448e-02
   -5.5908581655e-02
   -3.0689838962e-03
   -4.2392398644e-02
    1.9348979498e-01
    9.8517205179e-02
   -2.8500849232e-02
    2.2761326146e-01
    1.9974820081e-01
    5.4365388679e-02
   -2.1639001490e-01
   -3.3386501314e-01
    3.1399012575e-01
    6.8280661080e-02
    2.3375827535e-01
    9.7777473073e-02
   -8.5624052390e-02
    1.2539148583e-01
   -1.9269125590e-02
   -1.7280024441e-01
    5.1847311831e-02
   -1.7769003590e-01
    5.6268697617e-02
   -5.2538309368e-02
   -1.6218834216e-01
    2.3561589646e-02
   -1.8636111074e-02
    6.2910724649e-03
   -8.8304595957e-02
    3.2701126108e-02
    6.0453115484e-02
   -1.4330827567e-01
   -1.2809643969e-02
    3.0543665154e-02
    1.5944933000e-02
    7.3163415287e-02
   -1.1083017370e-02
    3.6529929980e-02
   -1.4416113989e-01
    1.6233533810e-01
    4.7847269236e-02
    1.0423620414e-02
   -1.1406114063e-02
   -8.7500902580e-02
   -2.9356783103e+04
   -1.4144693234e+03
    4.5543920386e+03
   -2.5522643545e+03
    2.9528410539e+03
   -3.1225496366e+03
    1.6521761022e+03
   -8.0954371245e+02
    1.3614071174e+03
   -2.4024225043e+03
   -5.8388619725e+01
    1.2436164869e+03
    2.3779230023e+02
    4.5970739132e+02
   -5.4796445732e+02
    8.9533363875e+02
    8.0045516371e+02
    2.7921852045e+02
    5.8178041691e+01
   -1.3556231311e+02
   -2.8340832020e+02
    2.1132022566e+02
    1.4844333006e+01
   -3.7373080891e+02
   -2.3303338372e+02
    3.6850126022e+02
    4.5379724070e+01
    1.8719427102e+02
    2.1911995808e+02
   -1.3899778365e+02
   -1.2298088581e+02
   -1.4277893264e+02
    4.2186096520e+01
    2.0547489463e+01
    1.0542656739e+02
    6.4184813235e+01
    6.3717351760e+01
   -1.8333545960e+01
    7.6494901673e+01
    1.7527280903e+01
   -1.1621072957e+02
    4.9014281105e+01
   -4.0597611850e+01
   -6.0154331242e+01
    1.4775252969e+01
    1.0684354853e+01
   -6.1146098252e+01
    7.2410978323e+01
    7.9742154338e+01
   -7.6729831238e+01
   -4.9260689137e+01
   -8.6864999681e+00
   -1.4757099812e+01
    5.9050661595e+01
   -7.0751795045e-01
    1.5837712719e+01
    2.3506652303e+01
    2.8216866382e+00
   -7.0223398084e+00
   -1.0864805734e+01
   -2.5230963040e+01
    1.3949195143e+01
   -2.1679122220e+00
    2.3227785486e+01
    1.0657330007e+01
    7.3161217193e+00
   -1.7426462318e+01
   -1.2703939758e+01
    1.8178083899e+00
    1.1586655138e+01
   -2.1659901607e+01
   -9.8255140796e+00
    1.6814530709e+01
    1.2934905811e+01
    1.4825965543e+01
    8.9679810241e-01
   -1.6766129835e+01
   -5.3221803377e+00
    9.1104381393e-01
    3.8665906535e+00
    4.8652465609e+00
    8.0881559851e+00
   -2.4973481801e+01
    2.9457458170e+00
    1.1924715321e+01
   -3.4436330881e-01
    8.4004406407e+00
   -2.3687157485e+00
   -3.4833291152e+00
   -1.3081085281e+01
   -5.3253390330e+00
    2.2877398821e+00
    7.2191982079e+00
    8.6989800468e+00
   -5.5082179818e-01
   -8.6827531501e+00
    6.1807552990e-01
   -1.2704073433e+01
    9.8527132214e+00
   -1.2741528134e+00
   -6.4772077776e+00
    3.3270655637e+00
    1.6012685241e-01
    1.4649894660e-01
    1.9347519102e+00
    2.6216236978e+00
   -9.6529841938e-01
    5.3347448425e+00
   -4.8479363827e-01
   -8.9631222905e+00
   -8.3673385563e-01
    3.6018832445e-01
    1.5035683714e+00
   -4.1994668997e+00
    9.6617929378e-01
   -3.7635580067e+00
   -2.6088238606e+00
    7.9554276248e-01
   -3.9149889670e+00
   -9.0456389792e+00
    3.0730987770e+00
   -1.3501485188e+00
   -1.4801593052e-01
   -2.5250537470e+00
    2.6834598714e+00
    2.2848143540e+00
   -5.9591807887e-01
   -6.6761879001e-01
    1.1141390555e-01
   -1.8329965764e-02
    4.9221211455e-01
   -5.4860986481e-01
   -2.8801958777e-01
   -7.9408712501e-02
   -1.1953407820e+00
    1.1307668536e+00
   -1.7161295801e+00
   -9.5862264677e-01
   -2.8198643000e+00
   -6.5300902846e-02
   -1.8268473150e+00
    2.5461857418e+00
   -2.3390682665e+00
   -1.8879462988e+00
   -1.4851019766e-01
   -1.3125539082e+00
    2.5454578033e-01
    6.2745036382e-01
    1.1683614587e+00
    1.1128731733e+00
   -1.1922272233e+00
   -1.4382711742e+00
    6.0026924229e-01
    5.7193688286e-03
    5.2078464229e-01
    6.0747491800e-01
    4.7485098035e-01
   -1.5165638074e-01
   -1.0260643928e-01
    7.5132015950e-01
   -4.5067852057e-01
    1.2298639701e-01
   -2.1197982026e-01
   -9.3843486816e-01
   -1.2640192722e+00
    1.1163570183e-01
   -6.8186088924e-01
    2.3064836821e-01
    2.0799413238e-01
   -9.3045493019e-01
   -9.3043744142e-01
    5.6999982561e-01
    7.2690740113e-01
    7.1269310964e-01
    1.2963787331e+00
   -1.9142564897e-01
   -3.0770841568e-01
    4.8528527562e-01
   -1.2604987745e+00
    1.1893991597e-01
   -1.1227077893e-01
    6.5748143001e-01
    2.2164286466e-01
   -2.6624850278e-02
   -1.9942014459e-01
    3.4207851251e-01
    4.5785246145e-01
    2.0368074491e-01
    6.1713514285e-01
    4.1565603409e-01
   -6.1417957836e-01
   -4.8681215073e-01
   -2.7448803135e-01
   -3.9249024837e-01
   -4.9975447386e-01
   -2.2888635737e-01
    3.2896955581e-01
    4.6514917433e-01
   -3.6060557689e-01
   -6.1533247183e-01
   -1.7032393681e-01
    4.7666213723e-01
    5.1225960030e-02
    6.6866739034e-01
    2.2616028222e-01
   -1.7844359123e-01
    6.1001101973e-02
    2.8327031832e-01
   -1.3379809767e-01
    4.8877354189e-01
    2.4674706962e-01
   -6.7862180864e-02
    6.1062985128e-02
    3.9215454868e-01
    5.8953566631e-01
   -1.0082687755e-01
   -1.9082269797e-01
    3.0953976857e-01
    4.0614030794e-01
   -1.9564293469e-01
    1.9823017696e-01
   -3.1776051815e-01
   -3.3416806946e-01
   -8.3158979244e-02
    1.6008368739e-01
    4.9547237732e-01
    6.8208129857e-01
    1.8074341961e-02
    7.0011455447e-02
    4.3682782405e-01
    2.3485544081e-01
   -2.2954869800e-01
    1.0336198684e-01
    1.0083533446e-01
    9.5726460171e-05
   -7.9276353038e-02
    1.1353236263e-01
   -3.1698847219e-02
    2.6322967148e-01
    5.5781141637e-02
   -1.1824000787e-01
   -2.2728765972e-01
    1.0930792021e-01
   -1.5394780195e-01
    3.0009954010e-02
    1.4073239620e-01
   -1.7688445342e-01
    3.1553194164e-03
   -2.0349814217e-01
   -2.9043885676e-02
   -5.0356742851e-02
    1.2674908953e-01
   -1.0650211717e-01
   -4.9651465709e-01
    1.0770661471e-01
   -1.7537179480e-01
    1.0334939252e-01
    4.3008132339e-01
   -3.5201759313e-01
    1.0065328088e-01
    7.1806610895e-02
    2.8313378278e-01
   -5.2576748447e-02
   -1.7974999062e-02
    4.9772836641e-03
   -1.8765631419e-01
    1.0066798425e-01
   -2.8617064818e-02
   -1.1637253567e-02
   -8.5527895650e-02
    2.4875451323e-01
    3.2792654534e-02
   -2.2648042415e-01
    3.6823035913e-02
    2.1483173653e-01
   -9.4593824717e-02
    2.1431121291e-01
   -5.8429330702e-02
   -9.9458657736e-02
   -1.0513892172e-01
   -1.6983717831e-01
   -8.8092763755e-02
   -1.6548130075e-02
    1.0472517245e-01
   -5.6493967507e-02
   -2.4430878421e-02
   -8.9026544507e-02
    1.4861820231e-02
   -5.7861528535e-02
    8.6248325298e-03
    2.3820409997e-01
    1.3255409015e-03
   -2.3602883876e-01
    3.4541054370e-01
   -4.6825675117e-02
    2.3376417568e-01
   -8.1360487853e-02
   -1.9866435914e-03
   -2.8227617862e-01
    2.0499754036e-02
   -2.5496338502e-02
   -7.4893882728e-02
   -2.8627558519e-01
    1.5094193693e-01
    2.5075259779e-02
    1.0307195149e-01
   -4.3777975835e-02
    1.0106442051e-02
   -4.1915801521e-02
   -1.5652817197e-01
    1.1340968550e-01
   -1.1700848596e-01
    8.5657337476e-02
   -2.4611969188e-02
   -3.1400527900e-02
    1.6146981306e-02
   -1.9596191513e-02
    7.0863826088e-02
    3.2267359661e-02
    1.5080456501e-04
   -3.3552570558e-01
   -1.1752795231e-01
    6.9140112455e-02
    1.8238102087e-01
    6.6136312779e-02
    1.8137075803e-01
    1.1118494533e-01
    1.2862435117e-01
    1.6503123482e-01
   -1.2120360255e-01
   -7.4824999349e-02
    1.0427694025e-01
    9.0095568069e-02
   -6.5395583286e-02
    1.9272067052e-01
    9.0443356619e-02
   -3.2985453679e-02
   -2.0114202567e-01
    4.2934278727e-02
   -1.0693449400e-01
   -5.3294695052e-02
   -1.3912485145e-01
    1.2363477718e-01
    1.6042409894e-01
   -2.7889507183e-03
    1.2226496675e-01
   -5.0019834074e-02
   -1.2231273692e-01
   -2.1604515519e-02
   -6.5103668268e-02
    1.0431015516e-05
    1.4460527737e-01
    1.7837705519e-02
   -2.0524567065e-02
   -1.0682498487e-02
    3.3930968288e-02
    1.0412399896e-01
   -4.3491387817e-02
   -1.5809731155e-03
    1.2281583788e-01
   -7.6287769049e-02
    4.1285876433e-01
    1.7812225792e-01
   -4.5835887363e-02
   -1.0118838193e-02
    9.4192188472e-02
   -4.1321449879e-02
    6.0448115340e-02
    9.0424953166e-02
    7.1056428660e-02
   -3.5307706488e-01
   -1.0763520294e-02
   -1.9353116616e-02
    1.0697670545e-01
   -1.5508079892e-01
   -1.3318729433e-02
   -1.5880644839e-02
    9.6465700654e-02
   -3.4006890639e-02
   -7.1018317046e-02
    8.4226891382e-02
    3.0958154419e-02
    1.7529637186e-01
   -9.5073418122e-02
    1.3555701085e-02
   -1.4477159028e-02
    6.6309758766e-02
    9.5046635515e-02
   -1.3039983753e-01
    1.4527456874e-01
    9.1496014813e-02
    4.9461146253e-02
   -3.0317051637e-02
   -1.9945322234e-02
   -2.1790260613e-04
    6.4234789337e-02
   -9.3460087442e-02
   -5.5611310173e-02
   -2.4726131082e-03
   -4.2921427446e-02
    1.9341114245e-01
    9.9194082556e-02
   -2.7969721472e-02
    2.2752004604e-01
    1.9996220005e-01
    5.4805163828e-02
   -2.1640660921e-01
   -3.3362456298e-01
    3.1423962062e-01
    6.8046627997e-02
    2.3346340725e-01
    9.7406441978e-02
   -8.5849831243e-02
    1.2533880152e-01
   -1.8996586266e-02
   -1.7305537573e-01
    5.1347762631e-02
   -1.7785621901e-01
    5.6317918462e-02
   -5.2301152363e-02
   -1.6232158811e-01
    2.3402093660e-02
   -1.8692441138e-02
    6.1555391601e-03
   -8.8770326685e-02
    3.2883979669e-02
    6.0726505521e-02
   -1.4345177912e-01
   -1.3164298052e-02
    3.1027116589e-02
    1.6128254117e-02
    7.3731879067e-02
   -1.0575082872e-02
    3.6780477809e-02
   -1.4418863281e-01
    1.6259995085e-01
    4.8132697761e-02
    1.0477946478e-02
   -1.1280390556e-02
   -8.7143173806e-02
   -2.9351023441e+04
   -1.4090172006e+03
    4.5442413912e+03
   -2.5586213956e+03
    2.9504458423e+03
   -3.1361372404e+03
    1.6472129387e+03
   -8.1424767521e+02
    1.3608474909e+03
   -2.4045916275e+03
   -5.6816765786e+01
    1.2440128542e+03
    2.3770655839e+02
    4.5169638677e+02
   -5.4996289897e+02
    8.9470402757e+02
    7.9914707062e+02
    2.7872714026e+02
    5.5407144695e+01
   -1.3353413520e+02
   -2.8067710381e+02
    2.1198426882e+02
    1.1213800909e+01
   -3.7570508386e+02
   -2.3298233057e+02
    3.6918829480e+02
    4.5164244025e+01
    1.8699312776e+02
    2.2018896163e+02
   -1.3869570469e+02
   -1.2261333859e+02
   -1.4168557378e+02
    4.2787852050e+01
    2.1157620490e+01
    1.0640269161e+02
    6.3984768507e+01
    6.3499764228e+01
   -1.8211336138e+01
    7.6826002493e+01
    1.6713489482e+01
   -1.1561638189e+02
    4.8839933207e+01
   -4.1043836204e+01
   -5.9814260900e+01
    1.5020391445e+01
    1.1052225072e+01
   -6.0667215863e+01
    7.2885879039e+01
    7.9693131711e+01
   -7.6754145193e+01
   -4.8984749397e+01
   -8.6892838122e+00
   -1.4561549364e+01
    5.9317375259e+01
   -1.0826962132e+00
    1.5816321406e+01
    2.3534706544e+01
    2.4478356312e+00
   -7.4911828525e+00
   -1.1234480847e+01
   -2.4847313997e+01
    1.4321302646e+01
   -2.3615932081e+00
    2.3192004983e+01
    1.0765146173e+01
    7.2096107380e+00
   -1.7382053333e+01
   -1.2478258659e+01
    2.1010511648e+00
    1.1378859487e+01
   -2.1720393093e+01
   -9.6270503481e+00
    1.6969799651e+01
    1.2633627157e+01
    1.4847380617e+01
    5.7644202485e-01
   -1.6778959314e+01
   -5.1664298720e+00
    1.0178331955e+00
    3.9175196100e+00
    4.8257601330e+00
    8.0347701108e+00
   -2.5116601441e+01
    2.9740480749e+00
    1.2052131056e+01
   -2.3247079153e-01
    8.2727675782e+00
   -2.4687114784e+00
   -3.3154031063e+00
   -1.3053505158e+01
   -5.2394819153e+00
    2.3955460208e+00
    7.1278580053e+00
    8.6895796135e+00
   -6.9167092026e-01
   -8.6039017193e+00
    8.1995937443e-01
   -1.2719035576e+01
    9.8782185706e+00
   -1.2241624068e+00
   -6.5152908164e+00
    3.3419048080e+00
    2.0796585062e-01
    1.5668245641e-01
    1.9267281445e+00
    2.5515867393e+00
   -9.7136857265e-01
    5.3708728151e+00
   -6.2379790367e-01
   -8.9726259351e+00
   -8.1134918991e-01
    4.2502880062e-01
    1.4517227237e+00
   -4.1948205653e+00
    9.4739784160e-01
   -3.7843862425e+00
   -2.6166256296e+00
    8.8234512094e-01
   -3.9469115653e+00
   -9.0432608599e+00
    3.0693257137e+00
   -1.3628242031e+00
   -1.3668000637e-01
   -2.5070074706e+00
    2.7130572646e+00
    2.2797040346e+00
   -6.0363432823e-01
   -6.2364373609e-01
    1.5472119866e-01
   -5.5365230026e-02
    4.7560081671e-01
   -5.3319714808e-01
   -2.9440820064e-01
   -7.7040476494e-02
   -1.1398250971e+00
    1.0992973893e+00
   -1.7281374770e+00
   -1.0048301763e+00
   -2.7773644802e+00
   -8.3810002200e-02
   -1.8015855791e+00
    2.4618980792e+00
   -2.3350603074e+00
   -1.8824270750e+00
   -1.5823200667e-01
   -1.3145631588e+00
    2.5808940002e-01
    6.3488281255e-01
    1.1471205491e+00
    1.0859235227e+00
   -1.1910301157e+00
   -1.4008917131e+00
    5.9371808500e-01
    4.8495850696e-03
    5.4371075916e-01
    5.8868007629e-01
    4.7965237285e-01
   -1.4659593249e-01
   -8.7295340775e-02
    7.6939439790e-01
   -4.4572708543e-01
    1.2474477385e-01
   -2.5419485948e-01
   -9.4011099240e-01
   -1.2730208424e+00
    1.4162651814e-01
   -7.1257107675e-01
    2.0106746040e-01
    2.1404489737e-01
   -9.2987155065e-01
   -9.3387419051e-01
    5.7813170252e-01
    7.3280528805e-01
    7.1079436517e-01
    1.2855127463e+00
   -1.8232564788e-01
   -3.0416857885e-01
    4.6040877026e-01
   -1.2517766215e+00
    1.2725241196e-01
   -1.1410753483e-01
    6.5135533460e-01
    2.1611924134e-01
   -2.6779723172e-02
   -2.0973330390e-01
    3.4179685337e-01
    4.5079086579e-01
    2.1671333324e-01
    6.2293965962e-01
    4.1040523350e-01
   -6.3423068679e-01
   -4.8506723523e-01
   -2.6395510560e-01
   -3.8873821058e-01
   -4.8578789934e-01
   -2.2525897909e-01
    3.3019903065e-01
    4.7043684871e-01
   -3.5885251955e-01
   -6.1222590863e-01
   -1.6969255196e-01
    4.7855605670e-01
    5.7821384371e-02
    6.7526290335e-01
    2.2454838541e-01
   -1.7939261244e-01
    6.2159517897e-02
    2.7943215711e-01
   -1.3484087455e-01
    4.9651762784e-01
    2.3922795014e-01
   -7.5029372976e-02
    5.9078062425e-02
    3.9100837016e-01
    5.8255653686e-01
   -1.0671814808e-01
   -1.8788008849e-01
    3.1251084165e-01
    4.0631156586e-01
   -2.0173093801e-01
    1.9652074137e-01
   -3.2048883181e-01
   -3.4744223856e-01
   -5.8457039316e-02
    1.5591591237e-01
    4.9596832984e-01
    6.8135866751e-01
    1.4300771925e-02
    7.1598523405e-02
    4.3465311781e-01
    2.3243318498e-01
   -2.3081270854e-01
    1.0870539402e-01
    9.8488378771e-02
   -4.3822252626e-04
   -7.7757908652e-02
    1.1383619393e-01
   -2.9403297174e-02
    2.6272393869e-01
    5.3482443686e-02
   -1.1666552058e-01
   -2.2547892745e-01
    1.0822329007e-01
   -1.5255237564e-01
    3.0543121966e-02
    1.3392479514e-01
   -1.7705044646e-01
    2.4481244202e-03
   -1.9849029685e-01
   -3.1764306134e-02
   -5.3665237727e-02
    1.2164218554e-01
   -1.0705589517e-01
   -4.9774848411e-01
    1.1546935359e-01
   -1.7673313211e-01
    1.0380189942e-01
    4.2799610626e-01
   -3.5357795098e-01
    1.0085283042e-01
    7.1837017421e-02
    2.8238083444e-01
   -5.1436243218e-02
   -1.5272736504e-02
    4.2557327553e-03
   -1.9095617977e-01
    1.0272147734e-01
   -3.0124003060e-02
   -1.1414097256e-02
   -8.6175777473e-02
    2.5195890309e-01
    3.3205885487e-02
   -2.2796471964e-01
    3.8695121615e-02
    2.1713181053e-01
   -9.5529517192e-02
    2.1380495762e-01
   -5.9002849890e-02
   -1.0308111539e-01
   -1.0460889905e-01
   -1.7109029004e-01
   -8.6601188171e-02
   -1.7233786801e-02
    9.7842369564e-02
   -5.7035886942e-02
   -2.5387269178e-02
   -8.2916054845e-02
    2.3008412634e-02
   -5.9795023272e-02
    9.5945842806e-03
    2.3879804771e-01
    5.4432657515e-04
   -2.3745540506e-01
    3.4561575632e-01
   -4.6702361128e-02
    2.3377732503e-01
   -7.8983425620e-02
   -2.8777501031e-03
   -2.8296742311e-01
    2.1081397293e-02
   -2.5467948601e-02
   -7.5307518080e-02
   -2.8614149584e-01
    1.5185047354e-01
    2.4615831044e-02
    1.0399770870e-01
   -4.3648003994e-02
    1.0894796686e-02
   -4.1685269672e-02
   -1.5871420767e-01
    1.1339405875e-01
   -1.1736333588e-01
    8.4204038231e-02
   -2.5542874954e-02
   -3.0346662485e-02
    1.6998460710e-02
   -1.8479934702e-02
    7.0626703121e-02
    2.8816630435e-02
   -1.0738074562e-03
   -3.3891822277e-01
   -1.1390395575e-01
    7.0127339485e-02
    1.8204860311e-01
    6.6519891029e-02
    1.8139475532e-01
    1.1086447432e-01
    1.2745766701e-01
    1.6405503270e-01
   -1.2016324045e-01
   -7.4135337387e-02
    1.0553015854e-01
    8.9167273190e-02
   -6.6316220193e-02
    1.9298026603e-01
    9.0322796642e-02
   -3.3311299492e-02
   -2.0036374212e-01
    4.3229943279e-02
   -1.0609070283e-01
   -5.3175211353e-02
   -1.3884703855e-01
    1.2393700356e-01
    1.5940701773e-01
   -2.4850756220e-03
    1.2335694056e-01
   -5.0226445895e-02
   -1.2250894779e-01
   -2.1687050461e-02
   -6.5963806559e-02
    2.6380529002e-04
    1.4525084345e-01
    1.8135534096e-02
   -1.8953432977e-02
   -1.0186246991e-02
    3.3666918631e-02
    1.0401906759e-01
   -4.1761866135e-02
   -1.4774916695e-04
    1.2149587939e-01
   -7.7490584994e-02
    4.1354918384e-01
    1.7867735709e-01
   -4.5875196287e-02
   -1.0702059233e-02
    9.3460824579e-02
   -3.9932279191e-02
    6.0385104886e-02
    9.0825906818e-02
    7.0947712503e-02
   -3.5312525252e-01
   -1.1324496218e-02
   -1.9024528453e-02
    1.0712347762e-01
   -1.5446422780e-01
   -1.4199496970e-02
   -1.5921560386e-02
    9.6243921098e-02
   -3.3318723903e-02
   -7.1007272191e-02
    8.4149326398e-02
    3.0751860250e-02
    1.7547586183e-01
   -9.5069972329e-02
    1.3428878767e-02
   -1.4040579294e-02
    6.6238837254e-02
    9.5042914193e-02
   -1.3080636718e-01
    1.4540784947e-01
    9.0909018830e-02
    4.9078489495e-02
   -3.0106902559e-02
   -2.0149600573e-02
    1.8108635788e-04
    6.4865611496e-02
   -9.4048674167e-02
   -5.5294623567e-02
   -1.8713943464e-03
   -4.3455769989e-02
    1.9333454263e-01
    9.9869530333e-02
   -2.7437018334e-02
    2.2743194090e-01
    2.0018297438e-01
    5.5250680624e-02
   -2.1642268758e-01
   -3.3338460249e-01
    3.1448504630e-01
    6.7812937335e-02
    2.3316436856e-01
    9.7037473597e-02
   -8.6077524355e-02
    1.2528434799e-01
   -1.8719574463e-02
   -1.7331193160e-01
    5.0844146951e-02
   -1.7801967921e-01
    5.6371010970e-02
   -5.2062969796e-02
   -1.6245739842e-01
    2.3241643707e-02
   -1.8746256768e-02
    6.0155688223e-03
   -8.9237183236e-02
    3.3068262407e-02
    6.1001183771e-02
   -1.4359429437e-01
   -1.3518754541e-02
    3.1503525339e-02
    1.6321031199e-02
    7.4303008949e-02
   -1.0060159581e-02
    3.7030361890e-02
   -1.4422056829e-01
    1.6286787899e-01
    4.8430826089e-02
    1.0530835167e-02
   -1.1151497605e-02
   -8.6784778495e-02
   -2.9344745279e+04
   -1.4038575789e+03
    4.5346721304e+03
   -2.5648111946e+03
    2.9481737877e+03
   -3.1496443276e+03
    1.6424508658e+03
   -8.1936824663e+02
    1.3603118353e+03
   -2.4067433331e+03
   -5.5548314157e+01
    1.2444304267e+03
    2.3754423943e+02
    4.4397838067e+02
   -5.5167284940e+02
    8.9417792673e+02
    7.9770500574e+02
    2.7852051522e+02
    5.2603345278e+01
   -1.3147425225e+02
   -2.7796088013e+02
    2.1270732762e+02
    7.2638150815e+00
   -3.7758725144e+02
   -2.3300950114e+02
    3.6982718957e+02
    4.4971219160e+01
    1.8669422732e+02
    2.2129989872e+02
   -1.3847762417e+02
   -1.2219949161e+02
   -1.4064986386e+02
    4.3381081392e+01
    2.1688041565e+01
    1.0725769229e+02
    6.3795918585e+01
    6.3278662207e+01
   -1.8146527117e+01
    7.7126466671e+01
    1.5859555491e+01
   -1.1506120506e+02
    4.8638990852e+01
   -4.1482266992e+01
   -5.9491953924e+01
    1.5308148397e+01
    1.1358879463e+01
   -6.0169167894e+01
    7.3368385407e+01
    7.9660908607e+01
   -7.6764110327e+01
   -4.8752544115e+01
   -8.6805982774e+00
   -1.4392269822e+01
    5.9585376048e+01
   -1.4651292532e+00
    1.5826015681e+01
    2.3545922801e+01
    2.0706833340e+00
   -7.9648251324e+00
   -1.1537965864e+01
   -2.4446245739e+01
    1.4674520853e+01
   -2.5504435318e+00
    2.3177919249e+01
    1.0877113651e+01
    7.1169798815e+00
   -1.7323498135e+01
   -1.2256608329e+01
    2.3952493948e+00
    1.1164603472e+01
   -2.1766279296e+01
   -9.4473405532e+00
    1.7115458461e+01
    1.2338177962e+01
    1.4854714702e+01
    2.5522705896e-01
   -1.6798176230e+01
   -4.9846946679e+00
    1.0907214533e+00
    3.9548109488e+00
    4.7710978990e+00
    7.9711191209e+00
   -2.5239936549e+01
    2.9923566073e+00
    1.2175120471e+01
   -1.3264865551e-01
    8.1590609117e+00
   -2.5686913184e+00
   -3.1426853428e+00
   -1.3031281211e+01
   -5.1483106527e+00
    2.4928281927e+00
    7.0337177997e+00
    8.6724743428e+00
   -8.2823378192e-01
   -8.5346262898e+00
    1.0211766248e+00
   -1.2724380937e+01
    9.9091433599e+00
   -1.1642985719e+00
   -6.5544549794e+00
    3.3522309009e+00
    2.6295179003e-01
    1.6340300367e-01
    1.9167955360e+00
    2.4823832627e+00
   -9.8039336240e-01
    5.4024002082e+00
   -7.6883248252e-01
   -8.9865226608e+00
   -7.9521732554e-01
    4.8476711270e-01
    1.3916307191e+00
   -4.1916522035e+00
    9.3158552875e-01
   -3.8072118756e+00
   -2.6176119057e+00
    9.6726884425e-01
   -3.9927116433e+00
   -9.0382176737e+00
    3.0635927811e+00
   -1.3786306703e+00
   -1.2333123203e-01
   -2.4893142708e+00
    2.7404398763e+00
    2.2754024615e+00
   -6.0697777080e-01
   -5.7413533865e-01
    1.9441444663e-01
   -9.4900478884e-02
    4.5798380364e-01
   -5.1744506497e-01
   -3.0241031726e-01
   -7.5603792792e-02
   -1.0841716060e+00
    1.0681485396e+00
   -1.7410735068e+00
   -1.0461355439e+00
   -2.7372677862e+00
   -9.8424762074e-02
   -1.7758908711e+00
    2.3741055753e+00
   -2.3416286724e+00
   -1.8730195145e+00
   -1.6815086906e-01
   -1.3136273482e+00
    2.6594786601e-01
    6.4364886327e-01
    1.1265156219e+00
    1.0613075015e+00
   -1.1890836879e+00
   -1.3660100280e+00
    5.8706603590e-01
    2.9779581955e-03
    5.6699091772e-01
    5.6852909188e-01
    4.8448163392e-01
   -1.3942989878e-01
   -7.0785384036e-02
    7.8851946262e-01
   -4.4113108184e-01
    1.2819572593e-01
   -2.9717982563e-01
   -9.3978498234e-01
   -1.2785777301e+00
    1.7565280678e-01
   -7.4126112094e-01
    1.7397678154e-01
    2.2014955107e-01
   -9.2957365075e-01
   -9.3947410969e-01
    5.8468697094e-01
    7.3744318170e-01
    7.0835466164e-01
    1.2758719699e+00
   -1.7309183683e-01
   -3.0060330672e-01
    4.3639587836e-01
   -1.2429801013e+00
    1.3448775725e-01
   -1.1589842626e-01
    6.4609023077e-01
    2.1040934359e-01
   -2.7599164413e-02
   -2.1944456285e-01
    3.4120677323e-01
    4.4277832236e-01
    2.3062316485e-01
    6.2759094429e-01
    4.0437813773e-01
   -6.5232337812e-01
   -4.8317195230e-01
   -2.5221138595e-01
   -3.8425442034e-01
   -4.7461416316e-01
   -2.2141800089e-01
    3.3052697935e-01
    4.7646355192e-01
   -3.5633527821e-01
   -6.0843508851e-01
   -1.6815475603e-01
    4.8016453085e-01
    6.4397894168e-02
    6.8150418639e-01
    2.2294849115e-01
   -1.8001873846e-01
    6.3237995486e-02
    2.7553813590e-01
   -1.3599422748e-01
    5.0481749219e-01
    2.3150079757e-01
   -8.2166282813e-02
    5.6899664580e-02
    3.8994898361e-01
    5.7523775446e-01
   -1.1251195892e-01
   -1.8530208544e-01
    3.1521946666e-01
    4.0592761529e-01
   -2.0768148771e-01
    1.9422718957e-01
   -3.2309836836e-01
   -3.6071128538e-01
   -3.2294357943e-02
    1.5169547439e-01
    4.9639947195e-01
    6.8054071586e-01
    1.0499114622e-02
    7.3254940565e-02
    4.3228207527e-01
    2.2982551943e-01
   -2.3190717179e-01
    1.1410461315e-01
    9.6115002760e-02
   -7.1271378973e-04
   -7.6096844035e-02
    1.1424783324e-01
   -2.7384779247e-02
    2.6234160624e-01
    5.1220571843e-02
   -1.1517471490e-01
   -2.2385632504e-01
    1.0709156931e-01
   -1.5123454671e-01
    3.1168721757e-02
    1.2706932159e-01
   -1.7711459642e-01
    1.5311271989e-03
   -1.9323497729e-01
   -3.4418346130e-02
   -5.6676865219e-02
    1.1591591829e-01
   -1.0736611885e-01
   -4.9775234945e-01
    1.2289171747e-01
   -1.7810392637e-01
    1.0435978526e-01
    4.2581109994e-01
   -3.5511982868e-01
    1.0112823193e-01
    7.1893802627e-02
    2.8159471889e-01
   -5.0088040999e-02
   -1.2625265315e-02
    3.5670279542e-03
   -1.9431321942e-01
    1.0478613271e-01
   -3.1656108925e-02
   -1.1163325294e-02
   -8.6913753564e-02
    2.5514315634e-01
    3.3630913949e-02
   -2.2944928497e-01
    4.0652955405e-02
    2.1950005250e-01
   -9.6472039909e-02
    2.1327670399e-01
   -5.9484009135e-02
   -1.0673864025e-01
   -1.0414903761e-01
   -1.7230184406e-01
   -8.4986850649e-02
   -1.8137678862e-02
    9.0667246223e-02
   -5.7477617905e-02
   -2.6367615789e-02
   -7.6796747696e-02
    3.1419658266e-02
   -6.1752028366e-02
    1.0588660943e-02
    2.3941730916e-01
   -2.1681580444e-04
   -2.3888691678e-01
    3.4579436479e-01
   -4.6576044133e-02
    2.3378441323e-01
   -7.6539078971e-02
   -3.7215528974e-03
   -2.8365757155e-01
    2.1652403670e-02
   -2.5468068493e-02
   -7.5681675160e-02
   -2.8599114911e-01
    1.5283513757e-01
    2.4108758574e-02
    1.0497038063e-01
   -4.3509385126e-02
    1.1734312024e-02
   -4.1461681880e-02
   -1.6098260713e-01
    1.1340364857e-01
   -1.1773906618e-01
    8.2733564796e-02
   -2.6463566993e-02
   -2.9246855360e-02
    1.7828542768e-02
   -1.7304296999e-02
    7.0356470178e-02
    2.5444691693e-02
   -2.3036858670e-03
   -3.4254019105e-01
   -1.1029007693e-01
    7.0930901183e-02
    1.8172818174e-01
    6.6935480727e-02
    1.8138187930e-01
    1.1054268262e-01
    1.2627231334e-01
    1.6307712793e-01
   -1.1909726552e-01
   -7.3434180715e-02
    1.0679221540e-01
    8.8208922404e-02
   -6.7246964596e-02
    1.9323176177e-01
    9.0173568287e-02
   -3.3651015598e-02
   -1.9957112133e-01
    4.3529839950e-02
   -1.0522955691e-01
   -5.3051102669e-02
   -1.3854657472e-01
    1.2424477250e-01
    1.5837107991e-01
   -2.1869620501e-03
    1.2447349865e-01
   -5.0462748879e-02
   -1.2272392452e-01
   -2.1782955563e-02
   -6.6818498981e-02
    5.0403143804e-04
    1.4592910009e-01
    1.8451498390e-02
   -1.7403060717e-02
   -9.6818846467e-03
    3.3423594277e-02
    1.0396264409e-01
   -4.0006601572e-02
    1.2978901121e-03
    1.2002709734e-01
   -7.8705525733e-02
    4.1425200456e-01
    1.7924136868e-01
   -4.5914893981e-02
   -1.1289988510e-02
    9.2711590728e-02
   -3.8539540519e-02
    6.0308429968e-02
    9.1230888820e-02
    7.0835976715e-02
   -3.5316588852e-01
   -1.1887767614e-02
   -1.8691102428e-02
    1.0727720785e-01
   -1.5384403757e-01
   -1.5089042063e-02
   -1.5963284459e-02
    9.6025864742e-02
   -3.2618504428e-02
   -7.0996589040e-02
    8.4074577653e-02
    3.0546024161e-02
    1.7566029941e-01
   -9.5070757418e-02
    1.3301108749e-02
   -1.3592965333e-02
    6.6166035839e-02
    9.5023887320e-02
   -1.3121235633e-01
    1.4554291750e-01
    9.0334670767e-02
    4.8693953968e-02
   -2.9906416264e-02
   -2.0360933318e-02
    5.6450120149e-04
    6.5537893659e-02
   -9.4652685486e-02
   -5.4961607393e-02
   -1.2666724107e-03
   -4.3994016673e-02
    1.9325951199e-01
    1.0054387697e-01
   -2.6903157613e-02
    2.2734792793e-01
    2.0040888754e-01
    5.5700522249e-02
   -2.1643858515e-01
   -3.3314486450e-01
    3.1472738147e-01
    6.7579614127e-02
    2.3286230113e-01
    9.6670293179e-02
   -8.6306458143e-02
    1.2522868078e-01
   -1.8439206773e-02
   -1.7356943926e-01
    5.0337355161e-02
   -1.7818087694e-01
    5.6427249971e-02
   -5.1824042538e-02
   -1.6259528814e-01
    2.3080421368e-02
   -1.8798091069e-02
    5.8721504024e-03
   -8.9704785691e-02
    3.3253665835e-02
    6.1276635561e-02
   -1.4373610351e-01
   -1.3872748558e-02
    3.1973690449e-02
    1.6521191141e-02
    7.4875890341e-02
   -9.5398772822e-03
    3.7279036705e-02
   -1.4425599822e-01
    1.6313841357e-01
    4.8738643998e-02
    1.0582297931e-02
   -1.1020752066e-02
   -8.6425768947e-02
   -2.9338002081e+04
   -1.3991245658e+03
    4.5252408924e+03
   -2.5708368390e+03
    2.9455863923e+03
   -3.1628982645e+03
    1.6375597656e+03
   -8.2432986033e+02
    1.3596240616e+03
   -2.4088388837e+03
   -5.4370615443e+01
    1.2446901489e+03
    2.3734023791e+02
    4.3655682426e+02
   -5.5294279522e+02
    8.9355666914e+02
    7.9621174859e+02
    2.7860312855e+02
    4.9731886417e+01
   -1.2938507750e+02
   -2.7521513800e+02
    2.1341386970e+02
    2.9712186608e+00
   -3.7943482695e+02
   -2.3314388731e+02
    3.7041500372e+02
    4.4742436420e+01
    1.8633060773e+02
    2.2242767264e+02
   -1.3827624758e+02
   -1.2178593346e+02
   -1.3964787376e+02
    4.3997701075e+01
    2.2136376490e+01
    1.0802797915e+02
    6.3605461947e+01
    6.3073993188e+01
   -1.8122992193e+01
    7.7428360585e+01
    1.4954998357e+01
   -1.1453952592e+02
    4.8390097462e+01
   -4.1872382376e+01
   -5.9194081415e+01
    1.5630822609e+01
    1.1594503359e+01
   -5.9617811042e+01
    7.3837195170e+01
    7.9617934789e+01
   -7.6759571860e+01
   -4.8566212557e+01
   -8.6727320998e+00
   -1.4245673180e+01
    5.9849902077e+01
   -1.8421076329e+00
    1.5866289027e+01
    2.3556335331e+01
    1.7015338996e+00
   -8.4498367861e+00
   -1.1787188981e+01
   -2.4033779808e+01
    1.5032686318e+01
   -2.7082639348e+00
    2.3182646825e+01
    1.0994421186e+01
    7.0436947831e+00
   -1.7248819468e+01
   -1.2037583800e+01
    2.6965094845e+00
    1.0948069156e+01
   -2.1795579911e+01
   -9.2891726957e+00
    1.7240876000e+01
    1.2056727870e+01
    1.4843012109e+01
   -7.1943434866e-02
   -1.6826813510e+01
   -4.7665457626e+00
    1.1594558251e+00
    3.9941572882e+00
    4.6991404313e+00
    7.8987342646e+00
   -2.5342134901e+01
    3.0016639140e+00
    1.2288989688e+01
   -4.0814524227e-02
    8.0584940041e+00
   -2.6716208411e+00
   -2.9656535452e+00
   -1.3019531285e+01
   -5.0532348070e+00
    2.5836201133e+00
    6.9349008496e+00
    8.6486982770e+00
   -9.5688431648e-01
   -8.4731412382e+00
    1.2224101554e+00
   -1.2712294881e+01
    9.9386911384e+00
   -1.0949026800e+00
   -6.5926861740e+00
    3.3576211312e+00
    3.2381472483e-01
    1.6647070864e-01
    1.9053220932e+00
    2.4129313302e+00
   -9.9233189041e-01
    5.4300491281e+00
   -9.1907065263e-01
   -9.0045000666e+00
   -7.8857663040e-01
    5.3811231713e-01
    1.3245680787e+00
   -4.1887698042e+00
    9.1849354904e-01
   -3.8328441331e+00
   -2.6116330878e+00
    1.0499962014e+00
   -4.0522088295e+00
   -9.0391699216e+00
    3.0556065993e+00
   -1.3966713719e+00
   -1.0751862703e-01
   -2.4716901077e+00
    2.7657799193e+00
    2.2719354097e+00
   -6.0611131349e-01
   -5.2068901233e-01
    2.3012320163e-01
   -1.3685609152e-01
    4.3909595591e-01
   -5.0168025393e-01
   -3.1143086313e-01
   -7.4360937670e-02
   -1.0281359689e+00
    1.0375426234e+00
   -1.7543380901e+00
   -1.0826736281e+00
   -2.7003304790e+00
   -1.0955431042e-01
   -1.7499425741e+00
    2.2828356391e+00
   -2.3575466239e+00
   -1.8604720757e+00
   -1.7820314079e-01
   -1.3104906980e+00
    2.7696791268e-01
    6.5371793604e-01
    1.1063602323e+00
    1.0382914483e+00
   -1.1868553857e+00
   -1.3330464439e+00
    5.8017587520e-01
    7.1342857635e-06
    5.9024267556e-01
    5.4743454633e-01
    4.8893402582e-01
   -1.3041984335e-01
   -5.3061045352e-02
    8.0853958174e-01
   -4.3717789617e-01
    1.3284305545e-01
   -3.4069044672e-01
   -9.3784261629e-01
   -1.2810711877e+00
    2.1279469535e-01
   -7.6741978307e-01
    1.4815459852e-01
    2.2638763501e-01
   -9.2957714510e-01
   -9.4706298151e-01
    5.8992226024e-01
    7.4113726796e-01
    7.0555864732e-01
    1.2671613143e+00
   -1.6366321964e-01
   -2.9680010706e-01
    4.1304492018e-01
   -1.2341442431e+00
    1.4086164279e-01
   -1.1775666013e-01
    6.4134240144e-01
    2.0457780129e-01
   -2.8948543164e-02
   -2.2865022046e-01
    3.4031696150e-01
    4.3396158370e-01
    2.4514127632e-01
    6.3119849107e-01
    3.9762053447e-01
   -6.6899747782e-01
   -4.8112146222e-01
   -2.3946720507e-01
   -3.7866908549e-01
   -4.6655828611e-01
   -2.1735624202e-01
    3.3019600604e-01
    4.8299756354e-01
   -3.5330511358e-01
   -6.0414636912e-01
   -1.6592465092e-01
    4.8154389958e-01
    7.1043932808e-02
    6.8746221790e-01
    2.2137638566e-01
   -1.8035292829e-01
    6.4269376549e-02
    2.7157506169e-01
   -1.3724385731e-01
    5.1351809810e-01
    2.2364315525e-01
   -8.9290328074e-02
    5.4628043414e-02
    3.8897702164e-01
    5.6766106182e-01
   -1.1817275741e-01
   -1.8296610994e-01
    3.1770773988e-01
    4.0511364526e-01
   -2.1360921996e-01
    1.9145128359e-01
   -3.2555731173e-01
   -3.7373587809e-01
   -4.9873510833e-03
    1.4746499107e-01
    4.9679612244e-01
    6.7965643179e-01
    6.6940279742e-03
    7.4949011413e-02
    4.2975862198e-01
    2.2707577853e-01
   -2.3287434757e-01
    1.1953447963e-01
    9.3731132381e-02
   -8.0429347586e-04
   -7.4330296400e-02
    1.1472434293e-01
   -2.5590412559e-02
    2.6205428237e-01
    4.8980964353e-02
   -1.1375423032e-01
   -2.2236637940e-01
    1.0594146952e-01
   -1.4997716282e-01
    3.1857082595e-02
    1.2018311151e-01
   -1.7711205480e-01
    4.5439267097e-04
   -1.8780049902e-01
   -3.6992634569e-02
   -5.9471773069e-02
    1.0972281684e-01
   -1.0749609531e-01
   -4.9666453401e-01
    1.3001301885e-01
   -1.7948780588e-01
    1.0499317860e-01
    4.2355434978e-01
   -3.5664728371e-01
    1.0145088545e-01
    7.1965376529e-02
    2.8078719023e-01
   -4.8587931585e-02
   -1.0018392076e-02
    2.8987727817e-03
   -1.9770735135e-01
    1.0685843130e-01
   -3.3201478254e-02
   -1.0893453363e-02
   -8.7721784446e-02
    2.5830865969e-01
    3.4064779382e-02
   -2.3093272589e-01
    4.2668543814e-02
    2.2191587319e-01
   -9.7419703803e-02
    2.1273749794e-01
   -5.9893643845e-02
   -1.1041627856e-01
   -1.0374053347e-01
   -1.7348584626e-01
   -8.3278244619e-02
   -1.9189635701e-02
    8.3285539674e-02
   -5.7843313658e-02
   -2.7356932552e-02
   -7.0685019866e-02
    4.0003381889e-02
   -6.3726531392e-02
    1.1600189129e-02
    2.4005365514e-01
   -9.6397728198e-04
   -2.4032002646e-01
    3.4595151955e-01
   -4.6447920085e-02
    2.3378668992e-01
   -7.4047516094e-02
   -4.5299618110e-03
   -2.8434804230e-01
    2.2215326873e-02
   -2.5485474309e-02
   -7.6026296285e-02
   -2.8582906775e-01
    1.5387383185e-01
    2.3567049835e-02
    1.0597542563e-01
   -4.3365309587e-02
    1.2611069470e-02
   -4.1243371767e-02
   -1.6330841279e-01
    1.1343037842e-01
   -1.1812926124e-01
    8.1253445980e-02
   -2.7375892773e-02
   -2.8113833923e-02
    1.8639147972e-02
   -1.6085681502e-02
    7.0064709249e-02
    2.2131251226e-02
   -3.5408040769e-03
   -3.4632761677e-01
   -1.0669237960e-01
    7.1597322326e-02
    1.8141625141e-01
    6.7374220742e-02
    1.8134226511e-01
    1.1022067841e-01
    1.2507440351e-01
    1.6209890167e-01
   -1.1801304345e-01
   -7.2725584862e-02
    1.0805953773e-01
    8.7229431157e-02
   -6.8184763148e-02
    1.9347726997e-01
    9.0004046301e-02
   -3.4000016909e-02
   -1.9876858451e-01
    4.3832177805e-02
   -1.0435639954e-01
   -5.2924086739e-02
   -1.3823045486e-01
    1.2455659906e-01
    1.5732171138e-01
   -1.8937025138e-03
    1.2560720542e-01
   -5.0720493663e-02
   -1.2295212563e-01
   -2.1888319471e-02
   -6.7668182214e-02
    7.3474367914e-04
    1.4663052741e-01
    1.8781030910e-02
   -1.5869664812e-02
   -9.1717556802e-03
    3.3194708574e-02
    1.0394346556e-01
   -3.8234225633e-02
    2.7539722255e-03
    1.1844723698e-01
   -7.9928541600e-02
    4.1496310729e-01
    1.7981182033e-01
   -4.5954861101e-02
   -1.1880996412e-02
    9.1949823652e-02
   -3.7145029322e-02
    6.0221977179e-02
    9.1638309002e-02
    7.0722279557e-02
   -3.5320139803e-01
   -1.2452188169e-02
   -1.8354454518e-02
    1.0743590179e-01
   -1.5322166293e-01
   -1.5984463402e-02
   -1.6005582730e-02
    9.5810595649e-02
   -3.1910097630e-02
   -7.0986144740e-02
    8.4001696047e-02
    3.0340749800e-02
    1.7584826749e-01
   -9.5074484441e-02
    1.3172921635e-02
   -1.3137543807e-02
    6.6091790521e-02
    9.4993666025e-02
   -1.3161751554e-01
    1.4567955093e-01
    8.9770096791e-02
    4.8307792739e-02
   -2.9712969684e-02
   -2.0577249383e-02
    9.3565331810e-04
    6.6241206372e-02
   -9.5267435424e-02
   -5.4616341390e-02
   -6.5973144647e-04
   -4.4534680867e-02
    1.9318558964e-01
    1.0121713799e-01
   -2.6368722812e-02
    2.2726692842e-01
    2.0063834364e-01
    5.6153239695e-02
   -2.1645444581e-01
   -3.3290531030e-01
    3.1496748025e-01
    6.7346681395e-02
    2.3255827293e-01
    9.6304613447e-02
   -8.6536074477e-02
    1.2517223150e-01
   -1.8156635247e-02
   -1.7382744721e-01
    4.9828491034e-02
   -1.7834037479e-01
    5.6485750159e-02
   -5.1584698509e-02
   -1.6273462845e-01
    2.2918685852e-02
   -1.8848487988e-02
    5.7263458930e-03
   -9.0172663066e-02
    3.3439820654e-02
    6.1552442441e-02
   -1.4387737370e-01
   -1.4226078090e-02
    3.2438819805e-02
    1.6726574344e-02
    7.5449603177e-02
   -9.0159855538e-03
    3.7526342736e-02
   -1.4429394011e-01
    1.6341066978e-01
    4.9053250104e-02
    1.0632614899e-02
   -1.0888848806e-02
   -8.6066300920e-02
   -2.9332887426e+04
   -1.3956585041e+03
    4.5176051105e+03
   -2.5757406830e+03
    2.9434477984e+03
   -3.1730396981e+03
    1.6333119833e+03
   -8.2855235456e+02
    1.3592838881e+03
   -2.4105422766e+03
   -5.3405775784e+01
    1.2447044433e+03
    2.3711985922e+02
    4.3061537595e+02
   -5.5351416849e+02
    8.9283848300e+02
    7.9500880811e+02
    2.7877652726e+02
    4.7406773802e+01
   -1.2760648109e+02
   -2.7294865242e+02
    2.1392857410e+02
   -8.5189791519e-01
   -3.8086343803e+02
   -2.3335793567e+02
    3.7086411108e+02
    4.4503948874e+01
    1.8600808042e+02
    2.2331819394e+02
   -1.3802835852e+02
   -1.2147303357e+02
   -1.3885964923e+02
    4.4504774113e+01
    2.2478570863e+01
    1.0867620239e+02
    6.3431876712e+01
    6.2937572240e+01
   -1.8115617075e+01
    7.7682863251e+01
    1.4195002709e+01
   -1.1413546746e+02
    4.8151985366e+01
   -4.2123607305e+01
   -5.8975146381e+01
    1.5905067335e+01
    1.1740866676e+01
   -5.9120085479e+01
    7.4193865059e+01
    7.9559714117e+01
   -7.6748806417e+01
   -4.8441701134e+01
   -8.6738627436e+00
   -1.4137083186e+01
    6.0058153301e+01
   -2.1316946508e+00
    1.5915925571e+01
    2.3570413023e+01
    1.4191283019e+00
   -8.8462733587e+00
   -1.1961513036e+01
   -2.3693983477e+01
    1.5341723390e+01
   -2.8092427600e+00
    2.3196231395e+01
    1.1090763226e+01
    6.9994473226e+00
   -1.7178109177e+01
   -1.1862624204e+01
    2.9395302105e+00
    1.0774428310e+01
   -2.1808505556e+01
   -9.1765889653e+00
    1.7325496820e+01
    1.1843246686e+01
    1.4820126245e+01
   -3.4070894941e-01
   -1.6855734981e+01
   -4.5640221259e+00
    1.2310201373e+00
    4.0326659033e+00
    4.6307691192e+00
    7.8359396935e+00
   -2.5411817558e+01
    3.0040599348e+00
    1.2372817042e+01
    2.9945169418e-02
    7.9854806441e+00
   -2.7565369041e+00
   -2.8215893916e+00
   -1.3017721280e+01
   -4.9752680190e+00
    2.6545266060e+00
    6.8523736646e+00
    8.6262774937e+00
   -1.0547777651e+00
   -8.4277451016e+00
    1.3836831645e+00
   -1.2686369957e+01
    9.9592335279e+00
   -1.0338223008e+00
   -6.6219543210e+00
    3.3587983792e+00
    3.7525334115e-01
    1.6649504214e-01
    1.8952044085e+00
    2.3567731947e+00
   -1.0033112251e+00
    5.4501806243e+00
   -1.0419463297e+00
   -9.0208599910e+00
   -7.8870415080e-01
    5.7671401808e-01
    1.2674141731e+00
   -4.1860815563e+00
    9.0976148988e-01
   -3.8549633291e+00
   -2.6027038114e+00
    1.1149740315e+00
   -4.1072709028e+00
   -9.0480301118e+00
    3.0477670087e+00
   -1.4120701001e+00
   -9.3182324877e-02
   -2.4574824726e+00
    2.7849364506e+00
    2.2695184235e+00
   -6.0306671663e-01
   -4.7612781348e-01
    2.5620560095e-01
   -1.7180145079e-01
    4.2314490917e-01
   -4.8916792549e-01
   -3.1891826925e-01
   -7.3088520192e-02
   -9.8296992834e-01
    1.0134801932e+00
   -1.7649155670e+00
   -1.1092635556e+00
   -2.6727870872e+00
   -1.1657873506e-01
   -1.7289711419e+00
    2.2076144892e+00
   -2.3752488573e+00
   -1.8488783036e+00
   -1.8632497165e-01
   -1.3069706627e+00
    2.8726025301e-01
    6.6251944744e-01
    1.0903914622e+00
    1.0205543158e+00
   -1.1850572413e+00
   -1.3075758415e+00
    5.7449464723e-01
   -3.0130174480e-03
    6.0869189526e-01
    5.3014508489e-01
    4.9215388492e-01
   -1.2221576659e-01
   -3.8174722627e-02
    8.2499947495e-01
   -4.3445160802e-01
    1.3709157457e-01
   -3.7572412943e-01
   -9.3553067326e-01
   -1.2814452760e+00
    2.4402196471e-01
   -7.8665992320e-01
    1.2771227627e-01
    2.3148131495e-01
   -9.2976198580e-01
   -9.5424155444e-01
    5.9342785159e-01
    7.4364336024e-01
    7.0318045788e-01
    1.2606308865e+00
   -1.5600211718e-01
   -2.9355467742e-01
    3.9468031605e-01
   -1.2270476218e+00
    1.4552703695e-01
   -1.1932279003e-01
    6.3774367504e-01
    1.9986577620e-01
   -3.0301987364e-02
   -2.3575120016e-01
    3.3943726358e-01
    4.2647047290e-01
    2.5703972180e-01
    6.3351420136e-01
    3.9180266105e-01
   -6.8169011811e-01
   -4.7937880861e-01
   -2.2876502978e-01
   -3.7344796151e-01
   -4.6197015002e-01
   -2.1397724481e-01
    3.2963827044e-01
    4.8844405543e-01
   -3.5066141718e-01
   -6.0048701119e-01
   -1.6380708890e-01
    4.8254202259e-01
    7.6435569620e-02
    6.9208226830e-01
    2.2013947060e-01
   -1.8045570561e-01
    6.5075633415e-02
    2.6835953972e-01
   -1.3829400142e-01
    5.2066215272e-01
    2.1729968510e-01
   -9.4986793978e-02
    5.2787537057e-02
    3.8824854271e-01
    5.6147270714e-01
   -1.2261046600e-01
   -1.8119881732e-01
    3.1958096881e-01
    4.0424476729e-01
   -2.1837553248e-01
    1.8899107435e-01
   -3.2743293362e-01
   -3.8394591186e-01
    1.7423144027e-02
    1.4408579155e-01
    4.9710244073e-01
    6.7891881934e-01
    3.6554413307e-03
    7.6318074520e-02
    4.2765992559e-01
    2.2480515974e-01
   -2.3358631188e-01
    1.2389162627e-01
    9.1822149510e-02
   -7.9584629958e-04
   -7.2869772386e-02
    1.1513022756e-01
   -2.4268534505e-02
    2.6187080673e-01
    4.7197555681e-02
   -1.1265510367e-01
   -2.2123426262e-01
    1.0502002950e-01
   -1.4899939180e-01
    3.2435345588e-02
    1.1465554666e-01
   -1.7708116219e-01
   -4.8716572450e-04
   -1.8336546973e-01
   -3.9009302211e-02
   -6.1602422953e-02
    1.0453466869e-01
   -1.0751358205e-01
   -4.9518838647e-01
    1.3555224676e-01
   -1.8060379557e-01
    1.0553487412e-01
    4.2171411301e-01
   -3.5786180777e-01
    1.0172863819e-01
    7.2028265072e-02
    2.8013281052e-01
   -4.7314771458e-02
   -7.9504317841e-03
    2.3720462770e-03
   -2.0043919362e-01
    1.0852037673e-01
   -3.4444518693e-02
   -1.0669275039e-02
   -8.8403463380e-02
    2.6083163164e-01
    3.4415535296e-02
   -2.3211954640e-01
    4.4307610699e-02
    2.2387214450e-01
   -9.8181972257e-02
    2.1230193375e-01
   -6.0185820497e-02
   -1.1336665280e-01
   -1.0343834164e-01
   -1.7442080801e-01
   -8.1865154694e-02
   -2.0098199438e-02
    7.7283712577e-02
   -5.8096519921e-02
   -2.8150461761e-02
   -6.5796942334e-02
    4.6944767985e-02
   -6.5314859382e-02
    1.2417709667e-02
    2.4057010745e-01
   -1.5552291404e-03
   -2.4146702077e-01
    3.4606664553e-01
   -4.6345058856e-02
    2.3378622651e-01
   -7.2031352863e-02
   -5.1600267228e-03
   -2.8490079051e-01
    2.2661895836e-02
   -2.5506262704e-02
   -7.6287653187e-02
   -2.8569434934e-01
    1.5473031109e-01
    2.3116734938e-02
    1.0679450665e-01
   -4.3247968489e-02
    1.3330501846e-02
   -4.1071336145e-02
   -1.6519604745e-01
    1.1345974023e-01
   -1.1844841737e-01
    8.0065354256e-02
   -2.8101338320e-02
   -2.7191309108e-02
    1.9277706130e-02
   -1.5090781814e-02
    6.9821479952e-02
    1.9508772179e-02
   -4.5349785705e-03
   -3.4943859371e-01
   -1.0382289073e-01
    7.2060958284e-02
    1.8117079604e-01
    6.7736416889e-02
    1.8129762897e-01
    1.0996305941e-01
    1.2411027560e-01
    1.6131622004e-01
   -1.1713684351e-01
   -7.2155255911e-02
    1.0907563184e-01
    8.6435591578e-02
   -6.8938456135e-02
    1.9367064852e-01
    8.9858879541e-02
   -3.4283440099e-02
   -1.9812181769e-01
    4.4074821609e-02
   -1.0365241307e-01
   -5.2821127011e-02
   -1.3797028625e-01
    1.2480811511e-01
    1.5647546917e-01
   -1.6617126910e-03
    1.2652254821e-01
   -5.0937084841e-02
   -1.2314091698e-01
   -2.1977280885e-02
   -6.8345313966e-02
    9.1486354609e-04
    1.4720290818e-01
    1.9051711139e-02
   -1.4651699259e-02
   -8.7607526396e-03
    3.3018444973e-02
    1.0394698109e-01
   -3.6807749402e-02
    3.9241408377e-03
    1.1712783317e-01
   -8.0910790689e-02
    4.1553585334e-01
    1.8027136537e-01
   -4.5986972288e-02
   -1.2355209135e-02
    9.1334339655e-02
   -3.6028525791e-02
    6.0148070632e-02
    9.1965383100e-02
    7.0630324042e-02
   -3.5322743861e-01
   -1.2904307641e-02
   -1.8083580053e-02
    1.0756524671e-01
   -1.5272273856e-01
   -1.6703665880e-02
   -1.6039762108e-02
    9.5639667072e-02
   -3.1339557531e-02
   -7.0977866142e-02
    8.3944190373e-02
    3.0176811040e-02
    1.7600034925e-01
   -9.5078909794e-02
    1.3070196667e-02
   -1.2769344373e-02
    6.6031616335e-02
    9.4963982447e-02
   -1.3194117245e-01
    1.4578963023e-01
    8.9323199926e-02
    4.7997902744e-02
   -2.9561634004e-02
   -2.0752937515e-02
    1.2264396723e-03
    6.6819424558e-02
   -9.5764476171e-02
   -5.4334040326e-02
   -1.7309557615e-04
   -4.4968313196e-02
    1.9312697217e-01
    1.0175514849e-01
   -2.5940929839e-02
    2.2720362756e-01
    2.0082364308e-01
    5.6516824451e-02
   -2.1646711780e-01
   -3.3271376799e-01
    3.1515847982e-01
    6.7160528375e-02
    2.3231409638e-01
    9.6012823247e-02
   -8.6720084841e-02
    1.2512668496e-01
   -1.7929547488e-02
   -1.7403406670e-01
    4.9420408062e-02
   -1.7846717080e-01
    5.6533626157e-02
   -5.1393033174e-02
   -1.6284678860e-01
    2.2789037406e-02
   -1.8888101995e-02
    5.6085520020e-03
   -9.0547055721e-02
    3.3589124895e-02
    6.1773275102e-02
   -1.4399011351e-01
   -1.4508355793e-02
    3.2808390749e-02
    1.6893449383e-02
    7.5908911563e-02
   -8.5950972694e-03
    3.7723451945e-02
   -1.4432553532e-01
    1.6362926047e-01
    4.9308381960e-02
    1.0672342069e-02
   -1.0782619815e-02
   -8.5778458427e-02
   -2.9329492690e+04
   -1.3932518043e+03
    4.5118127128e+03
   -2.5795263708e+03
    2.9419339684e+03
   -3.1804201237e+03
    1.6300306304e+03
   -8.3195554495e+02
    1.3592044518e+03
   -2.4118601903e+03
   -5.2684497384e+01
    1.2446471586e+03
    2.3692689920e+02
    4.2612362769e+02
   -5.5377228534e+02
    8.9219663811e+02
    7.9409164782e+02
    2.7891462462e+02
    4.5655160322e+01
   -1.2621683216e+02
   -2.7122019931e+02
    2.1429513863e+02
   -3.8622113243e+00
   -3.8192093969e+02
   -2.3355255231e+02
    3.7119967622e+02
    4.4304059567e+01
    1.8575754059e+02
    2.2397713243e+02
   -1.3779649556e+02
   -1.2124510641e+02
   -1.3827247794e+02
    4.4887847631e+01
    2.2733978227e+01
    1.0919037866e+02
    6.3290833689e+01
    6.2846306591e+01
   -1.8110514566e+01
    7.7879384973e+01
    1.3613798769e+01
   -1.1383560869e+02
    4.7961515028e+01
   -4.2290718042e+01
   -5.8815638834e+01
    1.6113756502e+01
    1.1840047829e+01
   -5.8729543170e+01
    7.4454232031e+01
    7.9506477260e+01
   -7.6739398754e+01
   -4.8353561159e+01
   -8.6777302603e+00
   -1.4056559728e+01
    6.0213168512e+01
   -2.3442349819e+00
    1.5957058096e+01
    2.3583325148e+01
    1.2119280212e+00
   -9.1458840741e+00
   -1.2087024036e+01
   -2.3435868337e+01
    1.5581881848e+01
   -2.8787326325e+00
    2.3208602922e+01
    1.1163551218e+01
    6.9705101747e+00
   -1.7122176565e+01
   -1.1731098290e+01
    3.1218134286e+00
    1.0644080341e+01
   -2.1815469710e+01
   -9.0960063125e+00
    1.7384439072e+01
    1.1686615893e+01
    1.4799123529e+01
   -5.4464627421e-01
   -1.6878878932e+01
   -4.4040769645e+00
    1.2914782516e+00
    4.0642734942e+00
    4.5766286980e+00
    7.7876479688e+00
   -2.5461146378e+01
    3.0046349169e+00
    1.2433471946e+01
    8.2783550624e-02
    7.9325244984e+00
   -2.8210169271e+00
   -2.7129826140e+00
   -1.3018443710e+01
   -4.9163558683e+00
    2.7076886113e+00
    6.7894288939e+00
    8.6087544704e+00
   -1.1270565236e+00
   -8.3944438067e+00
    1.5047641008e+00
   -1.2661877359e+01
    9.9736200960e+00
   -9.8661235225e-01
   -6.6434032453e+00
    3.3588634966e+00
    4.1437806340e-01
    1.6582415451e-01
    1.8873566681e+00
    2.3144249458e+00
   -1.0118305006e+00
    5.4648533217e+00
   -1.1347024094e+00
   -9.0335189783e+00
   -7.9010605110e-01
    6.0458622357e-01
    1.2238142808e+00
   -4.1838614116e+00
    9.0366031515e-01
   -3.8719565010e+00
   -2.5949607112e+00
    1.1634944846e+00
   -4.1502632992e+00
   -9.0573683196e+00
    3.0414937457e+00
   -1.4237886415e+00
   -8.1955595487e-02
   -2.4467629401e+00
    2.7990442916e+00
    2.2677566166e+00
   -6.0022332289e-01
   -4.4235339128e-01
    2.7511650302e-01
   -1.9834883953e-01
    4.1094686540e-01
   -4.7982489324e-01
   -3.2454137639e-01
   -7.1981526444e-02
   -9.4898923551e-01
    9.9554818327e-01
   -1.7727938301e+00
   -1.1285972649e+00
   -2.6526242271e+00
   -1.2142954317e-01
   -1.7131661839e+00
    2.1506254881e+00
   -2.3895976966e+00
   -1.8398535678e+00
   -1.9244051000e-01
   -1.3041452589e+00
    2.9527216359e-01
    6.6930403997e-01
    1.0784208961e+00
    1.0073674799e+00
   -1.1837314525e+00
   -1.2886520161e+00
    5.7018656829e-01
   -5.4344042209e-03
    6.2246684028e-01
    5.1709882519e-01
    4.9446223481e-01
   -1.1583810853e-01
   -2.6840259215e-02
    8.3743996681e-01
   -4.3252220683e-01
    1.4037636677e-01
   -4.0204918877e-01
   -9.3364279637e-01
   -1.2813759566e+00
    2.6775161582e-01
   -8.0065497636e-01
    1.1233765822e-01
    2.3533230803e-01
   -9.2994847391e-01
   -9.5989050247e-01
    5.9590938465e-01
    7.4542956652e-01
    7.0137151605e-01
    1.2558213209e+00
   -1.5022434632e-01
   -2.9105925010e-01
    3.8096854245e-01
   -1.2217118178e+00
    1.4893335343e-01
   -1.2052709043e-01
    6.3507296246e-01
    1.9632520373e-01
   -3.1377757884e-02
   -2.4102214969e-01
    3.3873809148e-01
    4.2074915613e-01
    2.6601888649e-01
    6.3512171971e-01
    3.8734228741e-01
   -6.9108547164e-01
   -4.7804063683e-01
   -2.2062776450e-01
   -3.6933368810e-01
   -4.5896521028e-01
   -2.1141032320e-01
    3.2916667917e-01
    4.9256513517e-01
   -3.4863985332e-01
   -5.9769851503e-01
   -1.6215075886e-01
    4.8327280207e-01
    8.0506720833e-02
    6.9551419202e-01
    2.1921860507e-01
   -1.8049181129e-01
    6.5676875207e-02
    2.6593453327e-01
   -1.3909324607e-01
    5.2605539885e-01
    2.1252971551e-01
   -9.9260355975e-02
    5.1406363518e-02
    3.8771249984e-01
    5.5680397443e-01
   -1.2591448652e-01
   -1.7988912148e-01
    3.2095893809e-01
    4.0354628803e-01
   -2.2196216132e-01
    1.8709654992e-01
   -3.2881725698e-01
   -3.9154056813e-01
    3.4354720534e-02
    1.4155426661e-01
    4.9733068915e-01
    6.7835955706e-01
    1.3791944559e-03
    7.7347570107e-02
    4.2606646800e-01
    2.2308586720e-01
   -2.3410697722e-01
    1.2716326293e-01
    9.0390133780e-02
   -7.7394294438e-04
   -7.1766146149e-02
    1.1543805450e-01
   -2.3301380083e-02
    2.6174278989e-01
    4.5860949589e-02
   -1.1183955708e-01
   -2.2039624483e-01
    1.0433009824e-01
   -1.4827094941e-01
    3.2873987461e-02
    1.1050354443e-01
   -1.7705272356e-01
   -1.2111031911e-03
   -1.8001946359e-01
   -4.0514011722e-02
   -6.3178203683e-02
    1.0059364419e-01
   -1.0750927745e-01
   -4.9393979482e-01
    1.3967341663e-01
   -1.8144331545e-01
    1.0594834268e-01
    4.2032623314e-01
   -3.5877108807e-01
    1.0194063097e-01
    7.2076371371e-02
    2.7964080419e-01
   -4.6343601316e-02
   -6.4017714471e-03
    1.9781287166e-03
   -2.0249166777e-01
    1.0976823160e-01
   -3.5379093109e-02
   -1.0499787827e-02
   -8.8922592861e-02
    2.6272245040e-01
    3.4678876257e-02
   -2.3301021320e-01
    4.5542461284e-02
    2.2534533875e-01
   -9.8755578560e-02
    2.1197429033e-01
   -6.0397608886e-02
   -1.1558119373e-01
   -1.0321662829e-01
   -1.7511983085e-01
   -8.0795906808e-02
   -2.0793091395e-02
    7.2762198537e-02
   -5.8277251884e-02
   -2.8746323207e-02
   -6.2128749762e-02
    5.2165657880e-02
   -6.6508257109e-02
    1.3032757531e-02
    2.4095876449e-01
   -1.9973487757e-03
   -2.4232762685e-01
    3.4615078205e-01
   -4.6268094850e-02
    2.3378547568e-01
   -7.0513577779e-02
   -5.6292724989e-03
   -2.8531539960e-01
    2.2996175260e-02
   -2.5522977758e-02
   -7.6480639336e-02
   -2.8559248121e-01
    1.5537817399e-01
    2.2775119849e-02
    1.0741206253e-01
   -4.3159700358e-02
    1.3874039496e-02
   -4.0942887439e-02
   -1.6661776267e-01
    1.1348348290e-01
   -1.1868950077e-01
    7.9173270299e-02
   -2.8644338043e-02
   -2.6495758619e-02
    1.9755401777e-02
   -1.4340619353e-02
    6.9636855711e-02
    1.7547174819e-02
   -5.2814975110e-03
   -3.5179058643e-01
   -1.0167150334e-01
    7.2392837700e-02
    1.8098761649e-01
    6.8010637219e-02
    1.8126125251e-01
    1.0976974228e-01
    1.2338580426e-01
    1.6072898686e-01
   -1.1647758389e-01
   -7.1726631397e-02
    1.0983830557e-01
    8.5837709140e-02
   -6.9504605515e-02
    1.9381495516e-01
    8.9747958391e-02
   -3.4496943929e-02
   -1.9763558616e-01
    4.4256895148e-02
   -1.0312326059e-01
   -5.2743556495e-02
   -1.3777358356e-01
    1.2499727316e-01
    1.5583901570e-01
   -1.4883487078e-03
    1.2721115736e-01
   -5.1101845386e-02
   -1.2328387771e-01
   -2.2045189540e-02
   -6.8852740181e-02
    1.0491212714e-03
    1.4763476407e-01
    1.9256539902e-02
   -1.3739959521e-02
   -8.4517873431e-03
    3.2887804288e-02
    1.0395395311e-01
   -3.5735242839e-02
    4.8030904660e-03
    1.1612552127e-01
   -8.1648484640e-02
    4.1596636477e-01
    1.8061681490e-01
   -4.6011094761e-02
   -1.2711223777e-02
    9.0871228700e-02
   -3.5190696147e-02
    6.0091527245e-02
    9.2211031570e-02
    7.0561034426e-02
   -3.5324644054e-01
   -1.3243676307e-02
   -1.7879998285e-02
    1.0766280108e-01
   -1.5234821871e-01
   -1.7243862265e-02
   -1.6065509369e-02
    9.5511691570e-02
   -3.0910748334e-02
   -7.0971653593e-02
    8.3901212363e-02
    3.0053881603e-02
    1.7611479880e-01
   -9.5082597488e-02
    1.2993059886e-02
   -1.2492210267e-02
    6.5986271465e-02
    9.4940502855e-02
   -1.3218386555e-01
    1.4587231801e-01
    8.8988838904e-02
    4.7765204610e-02
   -2.9448882907e-02
   -2.0885449255e-02
    1.4433674676e-03
    6.7256726513e-02
   -9.6138552461e-02
   -5.4120988304e-02
    1.9214430096e-04
   -4.5293847835e-02
    1.9308312020e-01
    1.0215856207e-01
   -2.5619975322e-02
    2.2715651144e-01
    2.0096306832e-01
    5.6789917773e-02
   -2.1647660098e-01
   -3.3257012602e-01
    3.1530149516e-01
    6.7020923038e-02
    2.3213068532e-01
    9.5794109654e-02
   -8.6858208589e-02
    1.2509240857e-01
   -1.7758967284e-02
   -1.7418910575e-01
    4.9114059001e-02
   -1.7856212193e-01
    5.6569765005e-02
   -5.1249214078e-02
   -1.6293107221e-01
    2.2691715990e-02
   -1.8917651180e-02
    5.5199214630e-03
   -9.0827915161e-02
    3.3701223366e-02
    6.1939025186e-02
   -1.4407460687e-01
   -1.4720028872e-02
    3.3085093347e-02
    1.7019236801e-02
    7.6253546193e-02
   -8.2789305309e-03
    3.7871239803e-02
   -1.4434953321e-01
    1.6379338375e-01
    4.9500711017e-02
    1.0702083535e-02
   -1.0702608430e-02
   -8.5562515756e-02
   -2.9327369119e+04
   -1.3916997417e+03
    4.5079347337e+03
   -2.5820861051e+03
    2.9409482022e+03
   -3.1853000273e+03
    1.6278326649e+03
   -8.3426165825e+02
    1.3591833422e+03
   -2.4127481788e+03
   -5.2205782990e+01
    1.2445994141e+03
    2.3679379388e+02
    4.2312490356e+02
   -5.5392143524e+02
    8.9175150215e+02
    7.9347681471e+02
    2.7900686305e+02
    4.4486120455e+01
   -1.2528159495e+02
   -2.7006411092e+02
    2.1453676459e+02
   -5.8859665187e+00
   -3.8262514598e+02
   -2.3368665095e+02
    3.7142356153e+02
    4.4167868179e+01
    1.8558940850e+02
    2.2441485366e+02
   -1.3763540306e+02
   -1.2109409425e+02
   -1.3788159917e+02
    4.5143552762e+01
    2.2903871754e+01
    1.0953672543e+02
    6.3195105925e+01
    6.2786970763e+01
   -1.8107102915e+01
    7.8011246894e+01
    1.3224847794e+01
   -1.1363611281e+02
    4.7833016477e+01
   -4.2399468334e+01
   -5.8709751967e+01
    1.6253182342e+01
    1.1904893056e+01
   -5.8467177151e+01
    7.4626919231e+01
    7.9469646545e+01
   -7.6732996195e+01
   -4.8295385130e+01
   -8.6807012952e+00
   -1.4002912084e+01
    6.0316331687e+01
   -2.4853152966e+00
    1.5984900596e+01
    2.3592253343e+01
    1.0743505598e+00
   -9.3458986695e+00
   -1.2170113333e+01
   -2.3263412058e+01
    1.5742899546e+01
   -2.9243409009e+00
    2.3217096654e+01
    1.1212149056e+01
    6.9517520629e+00
   -1.7084549692e+01
   -1.1643354954e+01
    3.2433083264e+00
    1.0557169791e+01
   -2.1819788087e+01
   -9.0427728044e+00
    1.7423178306e+01
    1.1582627184e+01
    1.4784653901e+01
   -6.8088366324e-01
   -1.6894475042e+01
   -4.2965030619e+00
    1.3325305925e+00
    4.0856842226e+00
    4.5401820110e+00
    7.7553147045e+00
   -2.5493679165e+01
    3.0048802097e+00
    1.2473617115e+01
    1.1800710313e-01
    7.8974331285e+00
   -2.8641044926e+00
   -2.6405217708e+00
   -1.3019181540e+01
   -4.8770311880e+00
    2.7431450053e+00
    6.7473312667e+00
    8.5970009907e+00
   -1.1751140832e+00
   -8.3723151398e+00
    1.5855025792e+00
   -1.2644970876e+01
    9.9830862980e+00
   -9.5497261026e-01
   -6.6576309268e+00
    3.3588110301e+00
    4.4052005258e-01
    1.6528905991e-01
    1.8820920214e+00
    2.2861631768e+00
   -1.0175408153e+00
    5.4745885802e+00
   -1.1966047806e+00
   -9.0419986289e+00
   -7.9119144658e-01
    6.2303443714e-01
    1.1946711751e+00
   -4.1823523318e+00
    8.9964325427e-01
   -3.8833376372e+00
   -2.5896757730e+00
    1.1958228797e+00
   -4.1791102886e+00
   -9.0639000112e+00
    3.0372627060e+00
   -1.4316166092e+00
   -7.4412466333e-02
   -2.4396065404e+00
    2.8084193632e+00
    2.2665862459e+00
   -5.9826317324e-01
   -4.1980244837e-01
    2.8764458915e-01
   -2.1608663857e-01
    4.0278511360e-01
   -4.7360188497e-01
   -3.2828872623e-01
   -7.1221552115e-02
   -9.2632238023e-01
    9.8360653153e-01
   -1.7780364305e+00
   -1.1414179407e+00
   -2.6392368278e+00
   -1.2461899245e-01
   -1.7026204218e+00
    2.1125708184e+00
   -2.3992703150e+00
   -1.8338020623e+00
   -1.9652085275e-01
   -1.3022452518e+00
    3.0064245333e-01
    6.7384867362e-01
    1.0704384769e+00
    9.9858664200e-01
   -1.1828516292e+00
   -1.2760550749e+00
    5.6730864180e-01
   -7.0665470412e-03
    6.3164132068e-01
    5.0839367238e-01
    4.9598719055e-01
   -1.1156285543e-01
   -1.9264983351e-02
    8.4574407202e-01
   -4.3124988973e-01
    1.4257523404e-01
   -4.1960522200e-01
   -9.3236745700e-01
   -1.2812944462e+00
    2.8360181160e-01
   -8.0993680648e-01
    1.0207997073e-01
    2.3790351087e-01
   -9.3007879531e-01
   -9.6368675745e-01
    5.9754825957e-01
    7.4661018724e-01
    7.0016269201e-01
    1.2526242270e+00
   -1.4636819437e-01
   -2.8938789793e-01
    3.7183351578e-01
   -1.2181521917e+00
    1.5119450304e-01
   -1.2133429285e-01
    6.3329414520e-01
    1.9396453192e-01
   -3.2101305757e-02
   -2.4453083259e-01
    3.3826751077e-01
    4.1692359532e-01
    2.7200975342e-01
    6.3617967051e-01
    3.8435821957e-01
   -6.9733721734e-01
   -4.7714410609e-01
   -2.1519113600e-01
   -3.6656775896e-01
   -4.5700858911e-01
   -2.0969515190e-01
    3.2884732862e-01
    4.9531501119e-01
   -3.4728875003e-01
   -5.9583528389e-01
   -1.6103959768e-01
    4.8375867362e-01
    8.3224743927e-02
    6.9779833661e-01
    2.1860576758e-01
   -1.8051095578e-01
    6.6077315804e-02
    2.6431604825e-01
   -1.3962741362e-01
    5.2965405219e-01
    2.0934841400e-01
   -1.0210967274e-01
    5.0485735340e-02
    3.8735607392e-01
    5.5368862985e-01
   -1.2811424809e-01
   -1.7901700216e-01
    3.2187459320e-01
    4.0307595285e-01
   -2.2435480020e-01
    1.8582858485e-01
   -3.2973748081e-01
   -3.9659541737e-01
    4.5655632214e-02
    1.3986706308e-01
    4.9748268339e-01
    6.7798609981e-01
   -1.3784261698e-04
    7.8034243018e-02
    4.2500183323e-01
    2.2193775400e-01
   -2.3445259783e-01
    1.2934488517e-01
    8.9435403501e-02
   -7.5779420743e-04
   -7.1029760878e-02
    1.1564345374e-01
   -2.2659136989e-02
    2.6165843404e-01
    4.4969921993e-02
   -1.1129691099e-01
   -2.1983857108e-01
    1.0387036236e-01
   -1.4778568369e-01
    3.3166819846e-02
    1.0773468581e-01
   -1.7703329896e-01
   -1.6956425981e-03
   -1.7778661043e-01
   -4.1516562772e-02
   -6.4226465412e-02
    9.7961414348e-02
   -1.0750471699e-01
   -4.9309209173e-01
    1.4241756131e-01
   -1.8200329908e-01
    1.0622475984e-01
    4.1940015061e-01
   -3.5937708478e-01
    1.0208234271e-01
    7.2108527459e-02
    2.7931272895e-01
   -4.5694252219e-02
   -5.3694150004e-03
    1.7156052665e-03
   -2.0386035955e-01
    1.1060034525e-01
   -3.6002503871e-02
   -1.0386704644e-02
   -8.9269537735e-02
    2.6398291538e-01
    3.4854377867e-02
   -2.3360410550e-01
    4.6366251317e-02
    2.2632823825e-01
   -9.9138320987e-02
    2.1175573589e-01
   -6.0538088296e-02
   -1.1705770409e-01
   -1.0306927966e-01
   -1.7558565661e-01
   -8.0082210527e-02
   -2.1257682373e-02
    6.9745853267e-02
   -5.8396703897e-02
   -2.9143735089e-02
   -5.9682865136e-02
    5.5647684302e-02
   -6.7304106444e-02
    1.3443012265e-02
    2.4121797455e-01
   -2.2919452394e-03
   -2.4290143383e-01
    3.4620664100e-01
   -4.6216843191e-02
    2.3378494594e-01
   -6.9501007621e-02
   -5.9417617409e-03
   -2.8559178788e-01
    2.3218976538e-02
   -2.5534215043e-02
   -7.6608969126e-02
   -2.8552450831e-01
    1.5581068625e-01
    2.2546923864e-02
    1.0782411869e-01
   -4.3100847268e-02
    1.4236827467e-02
   -4.0857323700e-02
   -1.6756624182e-01
    1.1349950586e-01
   -1.1885044485e-01
    7.8578415928e-02
   -2.9006184802e-02
   -2.6031647985e-02
    2.0073934256e-02
   -1.3840133365e-02
    6.9513513442e-02
    1.6239866369e-02
   -5.7792103301e-03
   -3.5336078121e-01
   -1.0023714923e-01
    7.2612311679e-02
    1.8086560830e-01
    6.8193759254e-02
    1.8123666301e-01
    1.0964083683e-01
    1.2290265920e-01
    1.6033744931e-01
   -1.1603782154e-01
   -7.1440767150e-02
    1.1034683324e-01
    8.5438804099e-02
   -6.9882143454e-02
    1.9391106523e-01
    8.9673783422e-02
   -3.4639390335e-02
   -1.9731129001e-01
    4.4378281440e-02
   -1.0277037163e-01
   -5.2691793470e-02
   -1.3764227136e-01
    1.2512344325e-01
    1.5541448177e-01
   -1.3728526308e-03
    1.2767049683e-01
   -5.1211947462e-02
   -1.2337933981e-01
   -2.2090625035e-02
   -6.9190998568e-02
    1.1385565537e-03
    1.4792295791e-01
    1.9393330154e-02
   -1.3132296849e-02
   -8.2457306578e-03
    3.2800901830e-02
    1.0395910766e-01
   -3.5019822926e-02
    5.3892130299e-03
    1.1545587373e-01
   -8.2140407817e-02
    4.1625349288e-01
    1.8084721014e-01
   -4.6027181557e-02
   -1.2948608588e-02
    9.0562298410e-02
   -3.4632067404e-02
    6.0053692716e-02
    9.2374848392e-02
    7.0514787279e-02
   -3.5325904253e-01
   -1.3469972518e-02
   -1.7744217820e-02
    1.0772790093e-01
   -1.5209849175e-01
   -1.7604099356e-02
   -1.6082691246e-02
    9.5426393239e-02
   -3.0624767672e-02
   -7.0967508938e-02
    8.3872577662e-02
    2.9971928062e-02
    1.7619114151e-01
   -9.5085107485e-02
    1.2941615107e-02
   -1.2307326371e-02
    6.5956012633e-02
    9.4924717832e-02
   -1.3234566012e-01
    1.4592744649e-01
    8.8765977690e-02
    4.7610039138e-02
   -2.9373802724e-02
   -2.0973895045e-02
    1.5878977248e-03
    6.7548685870e-02
   -9.6388098089e-02
   -5.3978822476e-02
    4.3565593371e-04
   -4.5510912256e-02
    1.9305389944e-01
    1.0242749145e-01
   -2.5405990716e-02
    2.2712514805e-01
    2.0105607867e-01
    5.6972036102e-02
   -2.1648291712e-01
   -3.3247436867e-01
    3.1539680820e-01
    6.6927851368e-02
    2.3200837161e-01
    9.5648313704e-02
   -8.6950309616e-02
    1.2506953939e-01
   -1.7645213637e-02
   -1.7429247515e-01
    4.8909788676e-02
   -1.7862540882e-01
    5.6593882344e-02
   -5.1153325000e-02
   -1.6298728024e-01
    2.2626823038e-02
   -1.8937330411e-02
    5.4607982128e-03
   -9.1015164001e-02
    3.3775972972e-02
    6.2049551948e-02
   -1.4413092656e-01
   -1.4861146374e-02
    3.3269520564e-02
    1.7103174074e-02
    7.6483327615e-02
   -8.0680841383e-03
    3.7969784351e-02
   -1.4436557021e-01
    1.6390281684e-01
    4.9629076570e-02
    1.0721916626e-02
   -1.0649196174e-02
   -8.5418557217e-02
   -2.9326332875e+04
   -1.3909317793e+03
    4.5059931894e+03
   -2.5833729205e+03
    2.9404583402e+03
   -3.1877361787e+03
    1.6267332243e+03
   -8.3541736328e+02
    1.3591755748e+03
   -2.4131932605e+03
   -5.1966729706e+01
    1.2445749794e+03
    2.3672691954e+02
    4.2162534059e+02
   -5.5399527056e+02
    8.9152804515e+02
    7.9316920665e+02
    2.7905286356e+02
    4.3901597653e+01
   -1.2481346814e+02
   -2.6948592196e+02
    2.1465746498e+02
   -6.8981149309e+00
   -3.8297723506e+02
   -2.3375383646e+02
    3.7153553817e+02
    4.4099698214e+01
    1.8550530235e+02
    2.2463364090e+02
   -1.3755464787e+02
   -1.2101859763e+02
   -1.3768618111e+02
    4.5271396987e+01
    2.2988818589e+01
    1.0970996126e+02
    6.3147184811e+01
    6.2757339732e+01
   -1.8105388735e+01
    7.8077190196e+01
    1.3030344038e+01
   -1.1353636759e+02
    4.7768742758e+01
   -4.2453802007e+01
   -5.8656818682e+01
    1.6322900020e+01
    1.1937295454e+01
   -5.8335979432e+01
    7.4713254571e+01
    7.9451207703e+01
   -7.6729796287e+01
   -4.8266300162e+01
   -8.6821929522e+00
   -1.3976084654e+01
    6.0367911478e+01
   -2.5558454262e+00
    1.5998826020e+01
    2.3596721608e+01
    1.0055693415e+00
   -9.4459085800e+00
   -1.2211651345e+01
   -2.3177175996e+01
    1.5823412186e+01
   -2.9471431344e+00
    2.3221346081e+01
    1.1236447813e+01
    6.9423782210e+00
   -1.7065731605e+01
   -1.1599482167e+01
    3.3040552538e+00
    1.0513713546e+01
   -2.1821944094e+01
   -9.0161604479e+00
    1.7442542360e+01
    1.1530636783e+01
    1.4777414735e+01
   -7.4900543561e-01
   -1.6902274274e+01
   -4.2427059730e+00
    1.3530599973e+00
    4.0963904993e+00
    4.5219560920e+00
    7.7391466431e+00
   -2.5509944340e+01
    3.0050020238e+00
    1.2493687396e+01
    1.3561916802e-01
    7.8798890398e+00
   -2.8856485546e+00
   -2.6042909058e+00
   -1.3019552356e+01
   -4.8573687099e+00
    2.7608733061e+00
    6.7262814396e+00
    8.5911238064e+00
   -1.1991423258e+00
   -8.3612513761e+00
    1.6258718229e+00
   -1.2636516085e+01
    9.9878192036e+00
   -9.3915182762e-01
   -6.6647445139e+00
    3.3587843852e+00
    4.5359121030e-01
    1.6502058003e-01
    1.8794593550e+00
    2.2720321936e+00
   -1.0203960281e+00
    5.4794557574e+00
   -1.2275565971e+00
   -9.0462384452e+00
   -7.9173482748e-01
    6.3225794828e-01
    1.1800990060e+00
   -4.1815976845e+00
    8.9763509243e-01
   -3.8890282450e+00
   -2.5870326716e+00
    1.2119869345e+00
   -4.1935341313e+00
   -9.0671664171e+00
    3.0351469587e+00
   -1.4355307025e+00
   -7.0640637549e-02
   -2.4360283079e+00
    2.8131067706e+00
    2.2660009988e+00
   -5.9728283536e-01
   -4.0852665435e-01
    2.9390821258e-01
   -2.2495576534e-01
    3.9870411269e-01
   -4.7049037622e-01
   -3.3016232566e-01
   -7.0841451352e-02
   -9.1498884174e-01
    9.7763581045e-01
   -1.7806577211e+00
   -1.1478280736e+00
   -2.6325433115e+00
   -1.2621346459e-01
   -1.6973474504e+00
    2.0935433517e+00
   -2.4041068355e+00
   -1.8307761320e+00
   -1.9856108972e-01
   -1.3012951234e+00
    3.0332782183e-01
    6.7612107905e-01
    1.0664472778e+00
    9.9419628975e-01
   -1.1824116895e+00
   -1.2697566925e+00
    5.6586968910e-01
   -7.8826573011e-03
    6.3622852964e-01
    5.0404103913e-01
    4.9674965084e-01
   -1.0942506802e-01
   -1.5477286531e-02
    8.4989614454e-01
   -4.3061375912e-01
    1.4367475283e-01
   -4.2838325410e-01
   -9.3172975114e-01
   -1.2812535118e+00
    2.9152708537e-01
   -8.1457764675e-01
    9.6951115818e-02
    2.3918911679e-01
   -9.3014396513e-01
   -9.6558499725e-01
    5.9836762534e-01
    7.4720044585e-01
    6.9955829182e-01
    1.2510257151e+00
   -1.4444013625e-01
   -2.8855221284e-01
    3.6726605523e-01
   -1.2163723847e+00
    1.5232502010e-01
   -1.2173789732e-01
    6.3240479119e-01
    1.9278419462e-01
   -3.2463125000e-02
   -2.4628514079e-01
    3.3803221672e-01
    4.1501075157e-01
    2.7500524365e-01
    6.3670857190e-01
    3.8286615584e-01
   -7.0046304325e-01
   -4.7669583486e-01
   -2.1247278194e-01
   -3.6518477481e-01
   -4.5603032276e-01
   -2.0883755869e-01
    3.2868763232e-01
    4.9668998517e-01
   -3.4661316907e-01
   -5.9490363724e-01
   -1.6048398027e-01
    4.8400159774e-01
    8.4583758623e-02
    6.9894039036e-01
    2.1829934807e-01
   -1.8052051144e-01
    6.6277533715e-02
    2.6350680730e-01
   -1.3989449892e-01
    5.3145340445e-01
    2.0775775374e-01
   -1.0353432889e-01
    5.0025417241e-02
    3.8717786593e-01
    5.5213094444e-01
   -1.2921411989e-01
   -1.7858096036e-01
    3.2233241039e-01
    4.0284076568e-01
   -2.2555112206e-01
    1.8519458408e-01
   -3.3019759158e-01
   -3.9912283928e-01
    5.1306102809e-02
    1.3902345745e-01
    4.9755868047e-01
    6.7779936779e-01
   -8.9636280352e-04
    7.8377580986e-02
    4.2446950603e-01
    2.2136369293e-01
   -2.3462540392e-01
    1.3043569860e-01
    8.8958039193e-02
   -7.4971244589e-04
   -7.0661563185e-02
    1.1574615893e-01
   -2.2338029307e-02
    2.6161626049e-01
    4.4524409511e-02
   -1.1102559124e-01
   -2.1955974221e-01
    1.0364049384e-01
   -1.4754305450e-01
    3.3313240641e-02
    1.0635025344e-01
   -1.7702358356e-01
   -1.9379190025e-03
   -1.7667017415e-01
   -4.2017835773e-02
   -6.4750587605e-02
    9.6645277630e-02
   -1.0750243011e-01
   -4.9266822418e-01
    1.4378962966e-01
   -1.8228329158e-01
    1.0636297168e-01
    4.1893710583e-01
   -3.5968008242e-01
    1.0215320095e-01
    7.2124606527e-02
    2.7914869069e-01
   -4.5369573447e-02
   -4.8532392899e-03
    1.5843442836e-03
   -2.0454470737e-01
    1.1101640180e-01
   -3.6314210321e-02
   -1.0330161627e-02
   -8.9443013606e-02
    2.6461314643e-01
    3.4942129765e-02
   -2.3390105166e-01
    4.6778150006e-02
    2.2681968948e-01
   -9.9329691957e-02
    2.1164645791e-01
   -6.0608324165e-02
   -1.1779596073e-01
   -1.0299560804e-01
   -1.7581856788e-01
   -7.9725358138e-02
   -2.1489981926e-02
    6.8237674666e-02
   -5.8456427191e-02
   -2.9342441333e-02
   -5.8459922563e-02
    5.7388699703e-02
   -6.7702031558e-02
    1.3648140055e-02
    2.4134758048e-01
   -2.4392430659e-03
   -2.4318833719e-01
    3.4623456981e-01
   -4.6191217147e-02
    2.3378468080e-01
   -6.8994721474e-02
   -6.0980052306e-03
   -2.8572998227e-01
    2.3330376812e-02
   -2.5539834666e-02
   -7.6673132768e-02
   -2.8549052151e-01
    1.5602694466e-01
    2.2432824558e-02
    1.0803014825e-01
   -4.3071420426e-02
    1.4418223039e-02
   -4.0814542038e-02
   -1.6804048327e-01
    1.1350751792e-01
   -1.1893091715e-01
    7.8280988482e-02
   -2.9187108191e-02
   -2.5799591618e-02
    2.0233198696e-02
   -1.3589888763e-02
    6.9451841857e-02
    1.5586214197e-02
   -6.0280672164e-03
   -3.5414588214e-01
   -9.9519972502e-02
    7.2722047375e-02
    1.8080460443e-01
    6.8285320929e-02
    1.8122436766e-01
    1.0957638419e-01
    1.2266108634e-01
    1.6014168071e-01
   -1.1581794006e-01
   -7.1297834940e-02
    1.1060109706e-01
    8.5239351206e-02
   -7.0070912651e-02
    1.9395912012e-01
    8.9636695306e-02
   -3.4710613765e-02
   -1.9714914172e-01
    4.4438974541e-02
   -1.0259392675e-01
   -5.2665911917e-02
   -1.3757661474e-01
    1.2518652841e-01
    1.5520221458e-01
   -1.3151046726e-03
    1.2790016693e-01
   -5.1266999286e-02
   -1.2342707123e-01
   -2.2113342811e-02
   -6.9360127460e-02
    1.1832737993e-03
    1.4806705553e-01
    1.9461725465e-02
   -1.2828466161e-02
   -8.1427021908e-03
    3.2757450786e-02
    1.0396168560e-01
   -3.4662113191e-02
    5.6822743630e-03
    1.1512104904e-01
   -8.2386369552e-02
    4.1639705707e-01
    1.8096240789e-01
   -4.6035224962e-02
   -1.3067301063e-02
    9.0407833041e-02
   -3.4352753100e-02
    6.0034775312e-02
    9.2456756788e-02
    7.0491663801e-02
   -3.5326534346e-01
   -1.3583120550e-02
   -1.7676327583e-02
    1.0776045099e-01
   -1.5197362828e-01
   -1.7784217966e-02
   -1.6091282196e-02
    9.5383744178e-02
   -3.0481777158e-02
   -7.0965436619e-02
    8.3858260339e-02
    2.9930951311e-02
    1.7622931298e-01
   -9.5086362495e-02
    1.2915892786e-02
   -1.2214884317e-02
    6.5940883200e-02
    9.4916824984e-02
   -1.3242655736e-01
    1.4595501085e-01
    8.8654547603e-02
    4.7532456361e-02
   -2.9336262771e-02
   -2.1018117976e-02
    1.6601624332e-03
    6.7694666088e-02
   -9.6512871054e-02
   -5.3907739433e-02
    5.5741180240e-04
   -4.5619444483e-02
    1.9303928906e-01
    1.0256195613e-01
   -2.5298998407e-02
    2.2710946637e-01
    2.0110258388e-01
    5.7063095276e-02
   -2.1648607521e-01
   -3.3242649000e-01
    3.1544446470e-01
    6.6881315553e-02
    2.3194721476e-01
    9.5575415771e-02
   -8.6996360116e-02
    1.2505810482e-01
   -1.7588336775e-02
   -1.7434415985e-01
    4.8807653489e-02
   -1.7865705221e-01
    5.6605941082e-02
   -5.1105380461e-02
   -1.6301538429e-01
    2.2594376562e-02
   -1.8947170004e-02
    5.4312365539e-03
   -9.1108788422e-02
    3.3813347772e-02
    6.2104815254e-02
   -1.4415908640e-01
   -1.4931705066e-02
    3.3361733958e-02
    1.7145142775e-02
    7.6598218304e-02
   -7.9626609233e-03
    3.8019056476e-02
   -1.4437358873e-01
    1.6395753342e-01
    4.9693259309e-02
    1.0731833110e-02
   -1.0622490093e-02
   -8.5346577920e-02
