# CHAOS-8.7 ionospheric field model
# License: CC BY 4.0 (https://creativecommons.org/licenses/by/4.0/)
# Extracted on 2026-09-30 14:46:39
#
# NOTE: The format of this file is identical to the AMPS model
# coefficient file, which includes both toroidal and poloidal fields.
# Since the toroidal part is not co-estimated in CHAOS-8, the
# corresponding coefficients are set to zero.
#
# Coefficient unit: nT
# Apex reference height: 110 km
# Earth radius: 6371.2 km
#
# Spherical harmonic degree, order: 65, 3 (for T) and 45, 3 (for V)
#
# column names:
# n m tor_c_const tor_s_const pol_c_const pol_s_const tor_c_sinca tor_s_sinca pol_c_sinca pol_s_sinca tor_c_cosca tor_s_cosca pol_c_cosca pol_s_cosca tor_c_epsilon tor_s_epsilon pol_c_epsilon pol_s_epsilon tor_c_epsilon_sinca tor_s_epsilon_sinca pol_c_epsilon_sinca pol_s_epsilon_sinca tor_c_epsilon_cosca tor_s_epsilon_cosca pol_c_epsilon_cosca pol_s_epsilon_cosca tor_c_tilt tor_s_tilt pol_c_tilt pol_s_tilt tor_c_tilt_sinca tor_s_tilt_sinca pol_c_tilt_sinca pol_s_tilt_sinca tor_c_tilt_cosca tor_s_tilt_cosca pol_c_tilt_cosca pol_s_tilt_cosca tor_c_tilt_epsilon tor_s_tilt_epsilon pol_c_tilt_epsilon pol_s_tilt_epsilon tor_c_tilt_epsilon_sinca tor_s_tilt_epsilon_sinca pol_c_tilt_epsilon_sinca pol_s_tilt_epsilon_sinca tor_c_tilt_epsilon_cosca tor_s_tilt_epsilon_cosca pol_c_tilt_epsilon_cosca pol_s_tilt_epsilon_cosca tor_c_tau tor_s_tau pol_c_tau pol_s_tau tor_c_tau_sinca tor_s_tau_sinca pol_c_tau_sinca pol_s_tau_sinca tor_c_tau_cosca tor_s_tau_cosca pol_c_tau_cosca pol_s_tau_cosca tor_c_tilt_tau tor_s_tilt_tau pol_c_tilt_tau pol_s_tilt_tau tor_c_tilt_tau_sinca tor_s_tilt_tau_sinca pol_c_tilt_tau_sinca pol_s_tilt_tau_sinca tor_c_tilt_tau_cosca tor_s_tilt_tau_cosca pol_c_tilt_tau_cosca pol_s_tilt_tau_cosca tor_c_f107 tor_s_f107 pol_c_f107 pol_s_f107
1  0 0.0000000       NaN -0.4551248        NaN 0.0000000       NaN  0.0412343        NaN 0.0000000       NaN -0.0228806        NaN 0.0000000       NaN  0.0535658        NaN 0.0000000       NaN -0.0088751        NaN 0.0000000       NaN  0.0197057        NaN 0.0000000       NaN  0.0007257        NaN 0.0000000       NaN -0.0022290        NaN 0.0000000       NaN -0.0004950        NaN 0.0000000       NaN  0.0026276        NaN 0.0000000       NaN  0.0008223        NaN 0.0000000       NaN  0.0015555        NaN 0.0000000       NaN -0.0287874        NaN 0.0000000       NaN  0.0055446        NaN 0.0000000       NaN  0.0251302        NaN 0.0000000       NaN -0.0002483        NaN 0.0000000       NaN  0.0008056        NaN 0.0000000       NaN  0.0011262        NaN 0.0000000       NaN  0.0231473        NaN
1  1 0.0000000 0.0000000  0.1056483  0.0771733 0.0000000 0.0000000  0.0679840 -0.0153228 0.0000000 0.0000000 -0.0896018 -0.0006943 0.0000000 0.0000000 -0.0121596  0.0518739 0.0000000 0.0000000 -0.0369867  0.0340082 0.0000000 0.0000000  0.0303262  0.0705716 0.0000000 0.0000000 -0.0447972 -0.0205929 0.0000000 0.0000000  0.0051517 -0.0037208 0.0000000 0.0000000 -0.0004737  0.0001671 0.0000000 0.0000000 -0.0007655  0.0019459 0.0000000 0.0000000 -0.0019033 -0.0000266 0.0000000 0.0000000  0.0019129  0.0027482 0.0000000 0.0000000 -0.0294539 -0.0545232 0.0000000 0.0000000 -0.0183504 -0.0071915 0.0000000 0.0000000  0.0272052  0.0625048 0.0000000 0.0000000 -0.0006854 -0.0013764 0.0000000 0.0000000 -0.0006282  0.0004402 0.0000000 0.0000000  0.0007964  0.0011568 0.0000000 0.0000000 -0.0026848  0.0014873
2  0 0.0000000       NaN -0.2915222        NaN 0.0000000       NaN  0.0294633        NaN 0.0000000       NaN  0.0349009        NaN 0.0000000       NaN -0.0338394        NaN 0.0000000       NaN  0.0020262        NaN 0.0000000       NaN -0.0558615        NaN 0.0000000       NaN  0.0416593        NaN 0.0000000       NaN  0.0026626        NaN 0.0000000       NaN -0.0002771        NaN 0.0000000       NaN  0.0036126        NaN 0.0000000       NaN -0.0009022        NaN 0.0000000       NaN  0.0005760        NaN 0.0000000       NaN  0.0293385        NaN 0.0000000       NaN  0.0049523        NaN 0.0000000       NaN -0.0330973        NaN 0.0000000       NaN  0.0020405        NaN 0.0000000       NaN  0.0000006        NaN 0.0000000       NaN  0.0006284        NaN 0.0000000       NaN  0.0003396        NaN
2  1 0.0000000 0.0000000  0.1546870  0.4385799 0.0000000 0.0000000 -0.0034703  0.0286032 0.0000000 0.0000000 -0.0595163 -0.0052233 0.0000000 0.0000000 -0.1291793 -0.0758857 0.0000000 0.0000000 -0.0068579 -0.0206747 0.0000000 0.0000000  0.0002191 -0.0262156 0.0000000 0.0000000 -0.0045343  0.0077324 0.0000000 0.0000000  0.0025700  0.0040951 0.0000000 0.0000000 -0.0026277 -0.0001386 0.0000000 0.0000000 -0.0019502 -0.0025905 0.0000000 0.0000000 -0.0003393 -0.0006470 0.0000000 0.0000000  0.0004531 -0.0028593 0.0000000 0.0000000  0.0145446  0.0261155 0.0000000 0.0000000 -0.0058846 -0.0134783 0.0000000 0.0000000 -0.0181852 -0.0338151 0.0000000 0.0000000 -0.0004052  0.0018994 0.0000000 0.0000000 -0.0000005 -0.0000444 0.0000000 0.0000000 -0.0002719 -0.0021828 0.0000000 0.0000000 -0.0179766 -0.0101883
2  2 0.0000000 0.0000000 -0.0366300  0.0252389 0.0000000 0.0000000 -0.0105803  0.0580708 0.0000000 0.0000000  0.0652950 -0.0199756 0.0000000 0.0000000  0.0066977 -0.0617715 0.0000000 0.0000000 -0.0072212 -0.0159913 0.0000000 0.0000000 -0.0369339 -0.0749176 0.0000000 0.0000000  0.0093757 -0.0025383 0.0000000 0.0000000 -0.0017777  0.0017604 0.0000000 0.0000000  0.0020192 -0.0036001 0.0000000 0.0000000  0.0002313 -0.0019410 0.0000000 0.0000000  0.0006016  0.0005562 0.0000000 0.0000000 -0.0023262 -0.0008283 0.0000000 0.0000000  0.0279407  0.0638255 0.0000000 0.0000000 -0.0015562  0.0068058 0.0000000 0.0000000 -0.0299734 -0.0771776 0.0000000 0.0000000  0.0015241  0.0003730 0.0000000 0.0000000 -0.0004129 -0.0004801 0.0000000 0.0000000 -0.0006178 -0.0005988 0.0000000 0.0000000  0.0018544 -0.0012954
3  0 0.0000000       NaN -0.0170921        NaN 0.0000000       NaN  0.0195308        NaN 0.0000000       NaN -0.0067923        NaN 0.0000000       NaN  0.0280420        NaN 0.0000000       NaN -0.0177177        NaN 0.0000000       NaN  0.0331937        NaN 0.0000000       NaN -0.0032327        NaN 0.0000000       NaN  0.0035819        NaN 0.0000000       NaN -0.0003349        NaN 0.0000000       NaN -0.0014775        NaN 0.0000000       NaN  0.0005323        NaN 0.0000000       NaN  0.0001795        NaN 0.0000000       NaN -0.0014020        NaN 0.0000000       NaN -0.0087843        NaN 0.0000000       NaN  0.0089728        NaN 0.0000000       NaN  0.0002540        NaN 0.0000000       NaN  0.0012037        NaN 0.0000000       NaN -0.0009599        NaN 0.0000000       NaN -0.0102205        NaN
3  1 0.0000000 0.0000000  0.0790114 -0.0485928 0.0000000 0.0000000 -0.0233163  0.0282260 0.0000000 0.0000000 -0.0198527 -0.0144851 0.0000000 0.0000000 -0.0126509 -0.0040331 0.0000000 0.0000000  0.0237583 -0.0550348 0.0000000 0.0000000 -0.0279570  0.0001784 0.0000000 0.0000000 -0.0020686 -0.0089086 0.0000000 0.0000000 -0.0017756 -0.0004458 0.0000000 0.0000000  0.0000451 -0.0017952 0.0000000 0.0000000 -0.0048862 -0.0008094 0.0000000 0.0000000  0.0007842 -0.0000042 0.0000000 0.0000000 -0.0016972  0.0015301 0.0000000 0.0000000  0.0297491 -0.0028096 0.0000000 0.0000000 -0.0068372 -0.0113376 0.0000000 0.0000000 -0.0251156 -0.0057484 0.0000000 0.0000000  0.0008585 -0.0021718 0.0000000 0.0000000 -0.0002883  0.0000019 0.0000000 0.0000000 -0.0022441  0.0018512 0.0000000 0.0000000  0.0018379  0.0004323
3  2 0.0000000 0.0000000  0.1113869 -0.2912184 0.0000000 0.0000000 -0.0141019 -0.0177123 0.0000000 0.0000000  0.0229724  0.0170540 0.0000000 0.0000000  0.0430918 -0.0022070 0.0000000 0.0000000  0.0128753  0.0158068 0.0000000 0.0000000  0.0036906 -0.0184967 0.0000000 0.0000000  0.0035824 -0.0048834 0.0000000 0.0000000 -0.0005199 -0.0020306 0.0000000 0.0000000  0.0024806  0.0008530 0.0000000 0.0000000  0.0031720  0.0028520 0.0000000 0.0000000 -0.0001548  0.0002390 0.0000000 0.0000000  0.0016264  0.0026979 0.0000000 0.0000000 -0.0131962  0.0009061 0.0000000 0.0000000  0.0044841  0.0109358 0.0000000 0.0000000  0.0184872 -0.0011348 0.0000000 0.0000000 -0.0014017 -0.0019537 0.0000000 0.0000000 -0.0005505  0.0002077 0.0000000 0.0000000  0.0017418  0.0021182 0.0000000 0.0000000  0.0096462  0.0068150
3  3 0.0000000 0.0000000  0.0625224  0.0432118 0.0000000 0.0000000 -0.0031104 -0.0625875 0.0000000 0.0000000 -0.0779981  0.0034623 0.0000000 0.0000000 -0.0395830  0.0628836 0.0000000 0.0000000 -0.0008525  0.0238798 0.0000000 0.0000000 -0.0051234  0.0771259 0.0000000 0.0000000  0.0031881  0.0083950 0.0000000 0.0000000 -0.0018254 -0.0031956 0.0000000 0.0000000 -0.0040502  0.0018704 0.0000000 0.0000000  0.0015280  0.0018750 0.0000000 0.0000000  0.0000800  0.0001173 0.0000000 0.0000000  0.0040201  0.0004081 0.0000000 0.0000000  0.0045773 -0.0595078 0.0000000 0.0000000  0.0025703  0.0075686 0.0000000 0.0000000 -0.0036229  0.0688084 0.0000000 0.0000000 -0.0026994 -0.0007178 0.0000000 0.0000000  0.0006043  0.0006739 0.0000000 0.0000000  0.0025156  0.0012000 0.0000000 0.0000000 -0.0004185  0.0003250
4  0 0.0000000       NaN -0.1472325        NaN 0.0000000       NaN  0.0118188        NaN 0.0000000       NaN -0.0225229        NaN 0.0000000       NaN  0.0195366        NaN 0.0000000       NaN  0.0357694        NaN 0.0000000       NaN  0.0093465        NaN 0.0000000       NaN  0.0079495        NaN 0.0000000       NaN  0.0002300        NaN 0.0000000       NaN  0.0000120        NaN 0.0000000       NaN  0.0012852        NaN 0.0000000       NaN  0.0000703        NaN 0.0000000       NaN -0.0011069        NaN 0.0000000       NaN  0.0153779        NaN 0.0000000       NaN  0.0161268        NaN 0.0000000       NaN -0.0014971        NaN 0.0000000       NaN  0.0022374        NaN 0.0000000       NaN -0.0000154        NaN 0.0000000       NaN -0.0012946        NaN 0.0000000       NaN  0.0034225        NaN
4  1 0.0000000 0.0000000 -0.0617243 -0.0484275 0.0000000 0.0000000 -0.0289093 -0.0156417 0.0000000 0.0000000 -0.0356057 -0.0238736 0.0000000 0.0000000 -0.1376391 -0.0911212 0.0000000 0.0000000  0.0135041  0.0130120 0.0000000 0.0000000 -0.0170202 -0.0383933 0.0000000 0.0000000  0.0060913 -0.0009287 0.0000000 0.0000000 -0.0036962 -0.0017816 0.0000000 0.0000000  0.0003483  0.0007187 0.0000000 0.0000000  0.0015291  0.0015976 0.0000000 0.0000000  0.0019709  0.0004534 0.0000000 0.0000000  0.0002715  0.0020217 0.0000000 0.0000000 -0.0088134 -0.0049405 0.0000000 0.0000000  0.0094226  0.0053259 0.0000000 0.0000000 -0.0282734  0.0057647 0.0000000 0.0000000 -0.0002490 -0.0018775 0.0000000 0.0000000  0.0005318  0.0008761 0.0000000 0.0000000  0.0006910  0.0016302 0.0000000 0.0000000  0.0110170  0.0041687
4  2 0.0000000 0.0000000  0.0026861  0.0117909 0.0000000 0.0000000  0.0292065 -0.0177062 0.0000000 0.0000000 -0.0021567 -0.0075338 0.0000000 0.0000000  0.0081291  0.0261521 0.0000000 0.0000000 -0.0125454  0.0130925 0.0000000 0.0000000  0.0138093  0.0351831 0.0000000 0.0000000  0.0090229  0.0076480 0.0000000 0.0000000  0.0000627  0.0009088 0.0000000 0.0000000 -0.0016938  0.0017369 0.0000000 0.0000000  0.0005626  0.0006914 0.0000000 0.0000000 -0.0003666 -0.0001116 0.0000000 0.0000000  0.0006983 -0.0005345 0.0000000 0.0000000 -0.0086410 -0.0185529 0.0000000 0.0000000 -0.0072246  0.0024177 0.0000000 0.0000000  0.0108679  0.0274453 0.0000000 0.0000000 -0.0002108  0.0007829 0.0000000 0.0000000  0.0004479  0.0000218 0.0000000 0.0000000  0.0003916 -0.0005265 0.0000000 0.0000000  0.0005132 -0.0006370
4  3 0.0000000 0.0000000 -0.0632578  0.0167672 0.0000000 0.0000000  0.0236837  0.0240543 0.0000000 0.0000000 -0.0135760 -0.0068761 0.0000000 0.0000000 -0.0120091  0.0210658 0.0000000 0.0000000 -0.0079436 -0.0074423 0.0000000 0.0000000 -0.0028879  0.0235187 0.0000000 0.0000000  0.0025372  0.0006619 0.0000000 0.0000000  0.0006757  0.0017680 0.0000000 0.0000000 -0.0019836 -0.0012233 0.0000000 0.0000000  0.0000170 -0.0018776 0.0000000 0.0000000 -0.0002439 -0.0002053 0.0000000 0.0000000  0.0013018 -0.0020383 0.0000000 0.0000000 -0.0050047 -0.0078574 0.0000000 0.0000000 -0.0067897 -0.0084870 0.0000000 0.0000000 -0.0007386  0.0131122 0.0000000 0.0000000  0.0000356  0.0015065 0.0000000 0.0000000  0.0000961 -0.0002981 0.0000000 0.0000000  0.0001552 -0.0014034 0.0000000 0.0000000 -0.0040330 -0.0014378
5  0 0.0000000       NaN -0.5459827        NaN 0.0000000       NaN  0.0004311        NaN 0.0000000       NaN -0.0049573        NaN 0.0000000       NaN  0.0353321        NaN 0.0000000       NaN  0.0064545        NaN 0.0000000       NaN  0.0270148        NaN 0.0000000       NaN  0.0016519        NaN 0.0000000       NaN -0.0008914        NaN 0.0000000       NaN -0.0013866        NaN 0.0000000       NaN  0.0005982        NaN 0.0000000       NaN  0.0031047        NaN 0.0000000       NaN  0.0009429        NaN 0.0000000       NaN -0.0306779        NaN 0.0000000       NaN  0.0051232        NaN 0.0000000       NaN  0.0214370        NaN 0.0000000       NaN  0.0002584        NaN 0.0000000       NaN  0.0024698        NaN 0.0000000       NaN -0.0000268        NaN 0.0000000       NaN  0.0109848        NaN
5  1 0.0000000 0.0000000  0.0340824 -0.0357859 0.0000000 0.0000000 -0.0133987 -0.0043526 0.0000000 0.0000000 -0.0035554  0.0061623 0.0000000 0.0000000  0.0146322  0.0167303 0.0000000 0.0000000  0.0172888  0.0166580 0.0000000 0.0000000  0.0116338  0.0132246 0.0000000 0.0000000  0.0020786  0.0023656 0.0000000 0.0000000 -0.0000907  0.0004101 0.0000000 0.0000000 -0.0013072 -0.0006594 0.0000000 0.0000000  0.0002462 -0.0025699 0.0000000 0.0000000 -0.0000156  0.0003014 0.0000000 0.0000000  0.0025242 -0.0006849 0.0000000 0.0000000 -0.0184330 -0.0173795 0.0000000 0.0000000  0.0054420  0.0158024 0.0000000 0.0000000  0.0175689  0.0170162 0.0000000 0.0000000 -0.0020316 -0.0000921 0.0000000 0.0000000  0.0000727  0.0000026 0.0000000 0.0000000  0.0016316  0.0002136 0.0000000 0.0000000 -0.0000547 -0.0005397
5  2 0.0000000 0.0000000  0.0205959 -0.0515658 0.0000000 0.0000000  0.0140039  0.0183952 0.0000000 0.0000000 -0.0040226  0.0380919 0.0000000 0.0000000  0.0390827  0.0375066 0.0000000 0.0000000 -0.0118795 -0.0077112 0.0000000 0.0000000  0.0155400  0.0208376 0.0000000 0.0000000  0.0031244 -0.0011377 0.0000000 0.0000000  0.0008399  0.0020844 0.0000000 0.0000000 -0.0007066 -0.0017106 0.0000000 0.0000000 -0.0005782 -0.0023554 0.0000000 0.0000000 -0.0002750  0.0002837 0.0000000 0.0000000 -0.0003170 -0.0024306 0.0000000 0.0000000 -0.0253409 -0.0178120 0.0000000 0.0000000 -0.0018870 -0.0023836 0.0000000 0.0000000  0.0277125  0.0177078 0.0000000 0.0000000  0.0008349  0.0014901 0.0000000 0.0000000 -0.0001475 -0.0007918 0.0000000 0.0000000 -0.0008804 -0.0014658 0.0000000 0.0000000 -0.0035679 -0.0009200
5  3 0.0000000 0.0000000 -0.0035766  0.0709948 0.0000000 0.0000000  0.0001839  0.0225283 0.0000000 0.0000000 -0.0259655  0.0243080 0.0000000 0.0000000 -0.0088792  0.0239690 0.0000000 0.0000000  0.0034916 -0.0109693 0.0000000 0.0000000 -0.0014610  0.0307343 0.0000000 0.0000000 -0.0008816 -0.0010887 0.0000000 0.0000000  0.0001801 -0.0015903 0.0000000 0.0000000  0.0015704  0.0002384 0.0000000 0.0000000 -0.0003500  0.0006096 0.0000000 0.0000000  0.0001927  0.0001313 0.0000000 0.0000000 -0.0012647  0.0002323 0.0000000 0.0000000  0.0045316 -0.0301994 0.0000000 0.0000000  0.0013081 -0.0043571 0.0000000 0.0000000 -0.0046004  0.0226758 0.0000000 0.0000000  0.0004356 -0.0002116 0.0000000 0.0000000 -0.0002378  0.0001704 0.0000000 0.0000000 -0.0004315  0.0002708 0.0000000 0.0000000 -0.0002703 -0.0002033
6  0 0.0000000       NaN -0.1430333        NaN 0.0000000       NaN  0.0107765        NaN 0.0000000       NaN  0.0079682        NaN 0.0000000       NaN  0.0131888        NaN 0.0000000       NaN  0.0534521        NaN 0.0000000       NaN -0.0011732        NaN 0.0000000       NaN  0.0179175        NaN 0.0000000       NaN  0.0015242        NaN 0.0000000       NaN -0.0005997        NaN 0.0000000       NaN  0.0025917        NaN 0.0000000       NaN -0.0000704        NaN 0.0000000       NaN  0.0018599        NaN 0.0000000       NaN  0.0066597        NaN 0.0000000       NaN  0.0393331        NaN 0.0000000       NaN -0.0043940        NaN 0.0000000       NaN -0.0008538        NaN 0.0000000       NaN -0.0000620        NaN 0.0000000       NaN  0.0011961        NaN 0.0000000       NaN  0.0019958        NaN
6  1 0.0000000 0.0000000  0.0664868  0.2563298 0.0000000 0.0000000 -0.0068368 -0.0037336 0.0000000 0.0000000 -0.0187668 -0.0454655 0.0000000 0.0000000 -0.0972504 -0.1439119 0.0000000 0.0000000 -0.0107170  0.0050907 0.0000000 0.0000000 -0.0317311 -0.0229184 0.0000000 0.0000000  0.0036461 -0.0032432 0.0000000 0.0000000  0.0009447  0.0006465 0.0000000 0.0000000  0.0016350  0.0012197 0.0000000 0.0000000  0.0004630  0.0001838 0.0000000 0.0000000  0.0010173  0.0006478 0.0000000 0.0000000  0.0002492 -0.0001535 0.0000000 0.0000000  0.0023390 -0.0251868 0.0000000 0.0000000  0.0012310  0.0001018 0.0000000 0.0000000 -0.0089074  0.0147387 0.0000000 0.0000000 -0.0004303 -0.0006792 0.0000000 0.0000000  0.0005340  0.0003511 0.0000000 0.0000000  0.0000241  0.0006009 0.0000000 0.0000000 -0.0042901 -0.0038049
6  2 0.0000000 0.0000000  0.0151081  0.0147501 0.0000000 0.0000000  0.0211812  0.0064109 0.0000000 0.0000000  0.0200477  0.0050576 0.0000000 0.0000000  0.0158804 -0.0277102 0.0000000 0.0000000 -0.0051099  0.0013171 0.0000000 0.0000000  0.0082578 -0.0273703 0.0000000 0.0000000 -0.0003527 -0.0024503 0.0000000 0.0000000 -0.0003257 -0.0004155 0.0000000 0.0000000  0.0009302  0.0014592 0.0000000 0.0000000  0.0009100  0.0018631 0.0000000 0.0000000 -0.0001513  0.0000521 0.0000000 0.0000000 -0.0003005  0.0011747 0.0000000 0.0000000 -0.0050967  0.0179406 0.0000000 0.0000000 -0.0035462 -0.0089630 0.0000000 0.0000000  0.0058310 -0.0212586 0.0000000 0.0000000 -0.0000607 -0.0011495 0.0000000 0.0000000  0.0001445 -0.0000349 0.0000000 0.0000000  0.0001401  0.0009914 0.0000000 0.0000000 -0.0000964 -0.0000266
6  3 0.0000000 0.0000000 -0.0386847  0.0644243 0.0000000 0.0000000 -0.0118910 -0.0153999 0.0000000 0.0000000  0.0064940 -0.0370787 0.0000000 0.0000000 -0.0363649 -0.0021007 0.0000000 0.0000000  0.0060458  0.0096316 0.0000000 0.0000000 -0.0367696  0.0072804 0.0000000 0.0000000 -0.0020070  0.0023180 0.0000000 0.0000000  0.0005376  0.0003137 0.0000000 0.0000000 -0.0005305 -0.0010402 0.0000000 0.0000000 -0.0000475  0.0004590 0.0000000 0.0000000 -0.0002065 -0.0003646 0.0000000 0.0000000  0.0000878  0.0015996 0.0000000 0.0000000  0.0312866 -0.0026802 0.0000000 0.0000000 -0.0001819 -0.0011847 0.0000000 0.0000000 -0.0312183  0.0034113 0.0000000 0.0000000 -0.0002795 -0.0010352 0.0000000 0.0000000 -0.0000083  0.0001488 0.0000000 0.0000000  0.0001777  0.0009419 0.0000000 0.0000000  0.0006770 -0.0012891
7  0 0.0000000       NaN -0.2036169        NaN 0.0000000       NaN  0.0120024        NaN 0.0000000       NaN  0.0333908        NaN 0.0000000       NaN  0.0316176        NaN 0.0000000       NaN -0.0022948        NaN 0.0000000       NaN -0.0003766        NaN 0.0000000       NaN  0.0027717        NaN 0.0000000       NaN  0.0024347        NaN 0.0000000       NaN  0.0009641        NaN 0.0000000       NaN  0.0010979        NaN 0.0000000       NaN  0.0027801        NaN 0.0000000       NaN  0.0008887        NaN 0.0000000       NaN -0.0365729        NaN 0.0000000       NaN -0.0030728        NaN 0.0000000       NaN  0.0244133        NaN 0.0000000       NaN -0.0001354        NaN 0.0000000       NaN  0.0023445        NaN 0.0000000       NaN  0.0001176        NaN 0.0000000       NaN  0.0003303        NaN
7  1 0.0000000 0.0000000 -0.0206138  0.0130543 0.0000000 0.0000000  0.0114358  0.0110330 0.0000000 0.0000000 -0.0173223  0.0078077 0.0000000 0.0000000  0.0054784 -0.0271516 0.0000000 0.0000000  0.0180768  0.0288185 0.0000000 0.0000000  0.0112651 -0.0380644 0.0000000 0.0000000  0.0011605 -0.0051866 0.0000000 0.0000000 -0.0016738 -0.0008772 0.0000000 0.0000000  0.0006384 -0.0009508 0.0000000 0.0000000 -0.0007365 -0.0039304 0.0000000 0.0000000  0.0003486  0.0002532 0.0000000 0.0000000 -0.0015066 -0.0009080 0.0000000 0.0000000 -0.0091983  0.0198042 0.0000000 0.0000000  0.0023804  0.0110021 0.0000000 0.0000000  0.0095950 -0.0194355 0.0000000 0.0000000  0.0004848 -0.0004483 0.0000000 0.0000000  0.0000518  0.0000525 0.0000000 0.0000000 -0.0004854  0.0004750 0.0000000 0.0000000  0.0007381 -0.0004309
7  2 0.0000000 0.0000000 -0.0512472 -0.0872116 0.0000000 0.0000000  0.0004157  0.0013714 0.0000000 0.0000000  0.0223264  0.0348668 0.0000000 0.0000000  0.0469364  0.0375684 0.0000000 0.0000000  0.0025356 -0.0019819 0.0000000 0.0000000  0.0235203  0.0155892 0.0000000 0.0000000  0.0002574  0.0013355 0.0000000 0.0000000  0.0011425  0.0007349 0.0000000 0.0000000 -0.0011522 -0.0015882 0.0000000 0.0000000  0.0007689 -0.0012222 0.0000000 0.0000000 -0.0003118 -0.0000622 0.0000000 0.0000000  0.0009888 -0.0003634 0.0000000 0.0000000 -0.0322089 -0.0265545 0.0000000 0.0000000 -0.0049056  0.0032058 0.0000000 0.0000000  0.0274660  0.0188195 0.0000000 0.0000000 -0.0002802  0.0005357 0.0000000 0.0000000 -0.0001696  0.0000246 0.0000000 0.0000000  0.0006002 -0.0007561 0.0000000 0.0000000  0.0012750 -0.0007034
7  3 0.0000000 0.0000000 -0.0009376  0.0142015 0.0000000 0.0000000 -0.0035669  0.0135589 0.0000000 0.0000000 -0.0240383  0.0012388 0.0000000 0.0000000 -0.0043112  0.0147610 0.0000000 0.0000000 -0.0007674 -0.0046169 0.0000000 0.0000000  0.0070249  0.0157513 0.0000000 0.0000000  0.0009519 -0.0027573 0.0000000 0.0000000  0.0010463 -0.0000776 0.0000000 0.0000000 -0.0000061 -0.0007015 0.0000000 0.0000000 -0.0000439 -0.0003077 0.0000000 0.0000000 -0.0001933  0.0000407 0.0000000 0.0000000  0.0003791 -0.0003125 0.0000000 0.0000000 -0.0012272 -0.0175260 0.0000000 0.0000000 -0.0008437  0.0027569 0.0000000 0.0000000  0.0028887  0.0193376 0.0000000 0.0000000 -0.0003189  0.0005482 0.0000000 0.0000000 -0.0001834  0.0001092 0.0000000 0.0000000  0.0002687 -0.0003508 0.0000000 0.0000000  0.0000189 -0.0002394
8  0 0.0000000       NaN -0.0913527        NaN 0.0000000       NaN -0.0277376        NaN 0.0000000       NaN -0.0004837        NaN 0.0000000       NaN  0.0106288        NaN 0.0000000       NaN  0.0896650        NaN 0.0000000       NaN  0.0025795        NaN 0.0000000       NaN  0.0159543        NaN 0.0000000       NaN  0.0005120        NaN 0.0000000       NaN  0.0004625        NaN 0.0000000       NaN  0.0006748        NaN 0.0000000       NaN  0.0001149        NaN 0.0000000       NaN -0.0011299        NaN 0.0000000       NaN  0.0066199        NaN 0.0000000       NaN  0.0634539        NaN 0.0000000       NaN -0.0040340        NaN 0.0000000       NaN -0.0000429        NaN 0.0000000       NaN -0.0000750        NaN 0.0000000       NaN -0.0000333        NaN 0.0000000       NaN  0.0008989        NaN
8  1 0.0000000 0.0000000  0.0314128  0.1274770 0.0000000 0.0000000 -0.0215948 -0.0078774 0.0000000 0.0000000 -0.0388841 -0.0618720 0.0000000 0.0000000 -0.0950438 -0.1856698 0.0000000 0.0000000  0.0010070  0.0007313 0.0000000 0.0000000 -0.0178171 -0.0320253 0.0000000 0.0000000 -0.0002708 -0.0022759 0.0000000 0.0000000 -0.0004076  0.0004236 0.0000000 0.0000000 -0.0018645  0.0005014 0.0000000 0.0000000  0.0011395 -0.0004738 0.0000000 0.0000000  0.0019625  0.0009776 0.0000000 0.0000000  0.0016856 -0.0008508 0.0000000 0.0000000 -0.0003295 -0.0281301 0.0000000 0.0000000  0.0000042  0.0045551 0.0000000 0.0000000 -0.0086597  0.0205615 0.0000000 0.0000000 -0.0007236  0.0001027 0.0000000 0.0000000  0.0013189  0.0007474 0.0000000 0.0000000  0.0010130 -0.0001919 0.0000000 0.0000000  0.0010325 -0.0020220
8  2 0.0000000 0.0000000  0.0463783  0.0252531 0.0000000 0.0000000  0.0088851  0.0180966 0.0000000 0.0000000 -0.0165487 -0.0185521 0.0000000 0.0000000 -0.0072142 -0.0092425 0.0000000 0.0000000 -0.0065996 -0.0048273 0.0000000 0.0000000  0.0071785 -0.0025716 0.0000000 0.0000000 -0.0022910 -0.0053411 0.0000000 0.0000000  0.0004439  0.0003528 0.0000000 0.0000000 -0.0008507  0.0014059 0.0000000 0.0000000  0.0014014  0.0017041 0.0000000 0.0000000 -0.0002279 -0.0000508 0.0000000 0.0000000  0.0019386  0.0005028 0.0000000 0.0000000 -0.0033594 -0.0040996 0.0000000 0.0000000 -0.0031141 -0.0022784 0.0000000 0.0000000  0.0017411  0.0031584 0.0000000 0.0000000 -0.0013394 -0.0009902 0.0000000 0.0000000 -0.0000038  0.0000131 0.0000000 0.0000000  0.0012424  0.0009004 0.0000000 0.0000000 -0.0001196 -0.0001874
8  3 0.0000000 0.0000000  0.0222575  0.0504615 0.0000000 0.0000000  0.0030241  0.0113560 0.0000000 0.0000000  0.0023938 -0.0031052 0.0000000 0.0000000 -0.0357277 -0.0124195 0.0000000 0.0000000 -0.0052806 -0.0032812 0.0000000 0.0000000 -0.0303404 -0.0141487 0.0000000 0.0000000 -0.0004940 -0.0006161 0.0000000 0.0000000 -0.0001620 -0.0003085 0.0000000 0.0000000  0.0001331  0.0007889 0.0000000 0.0000000 -0.0006220  0.0003985 0.0000000 0.0000000  0.0000538  0.0001043 0.0000000 0.0000000 -0.0007753  0.0000544 0.0000000 0.0000000  0.0213213  0.0081758 0.0000000 0.0000000  0.0040646 -0.0038370 0.0000000 0.0000000 -0.0240131 -0.0042333 0.0000000 0.0000000  0.0004227 -0.0004175 0.0000000 0.0000000  0.0001014 -0.0000163 0.0000000 0.0000000 -0.0005556  0.0004385 0.0000000 0.0000000 -0.0004923  0.0001361
9  0 0.0000000       NaN -0.2032183        NaN 0.0000000       NaN  0.0252043        NaN 0.0000000       NaN  0.0340771        NaN 0.0000000       NaN  0.0314185        NaN 0.0000000       NaN -0.0031189        NaN 0.0000000       NaN  0.0008169        NaN 0.0000000       NaN -0.0011787        NaN 0.0000000       NaN  0.0007179        NaN 0.0000000       NaN -0.0010821        NaN 0.0000000       NaN  0.0003827        NaN 0.0000000       NaN  0.0036203        NaN 0.0000000       NaN  0.0005161        NaN 0.0000000       NaN -0.0387057        NaN 0.0000000       NaN -0.0028051        NaN 0.0000000       NaN  0.0191094        NaN 0.0000000       NaN  0.0004932        NaN 0.0000000       NaN  0.0034455        NaN 0.0000000       NaN -0.0002197        NaN 0.0000000       NaN  0.0031058        NaN
9  1 0.0000000 0.0000000  0.0155762 -0.0146075 0.0000000 0.0000000  0.0257907  0.0249049 0.0000000 0.0000000 -0.0238608 -0.0043302 0.0000000 0.0000000  0.0133106 -0.0156040 0.0000000 0.0000000  0.0093148  0.0283772 0.0000000 0.0000000  0.0291811 -0.0198137 0.0000000 0.0000000 -0.0041604 -0.0093703 0.0000000 0.0000000 -0.0012065 -0.0000622 0.0000000 0.0000000 -0.0006306 -0.0011059 0.0000000 0.0000000 -0.0005671 -0.0040513 0.0000000 0.0000000  0.0002653 -0.0000621 0.0000000 0.0000000  0.0000746 -0.0010119 0.0000000 0.0000000 -0.0228296  0.0057860 0.0000000 0.0000000  0.0011113  0.0151852 0.0000000 0.0000000  0.0222107 -0.0042266 0.0000000 0.0000000 -0.0006188 -0.0000449 0.0000000 0.0000000  0.0001408  0.0000189 0.0000000 0.0000000  0.0000916  0.0004446 0.0000000 0.0000000  0.0001764 -0.0000206
9  2 0.0000000 0.0000000 -0.0212323  0.0410994 0.0000000 0.0000000  0.0156919  0.0079058 0.0000000 0.0000000  0.0078674  0.0277987 0.0000000 0.0000000  0.0156438  0.0342484 0.0000000 0.0000000 -0.0115461 -0.0026479 0.0000000 0.0000000 -0.0100985  0.0117244 0.0000000 0.0000000  0.0012511  0.0008106 0.0000000 0.0000000  0.0011925  0.0003894 0.0000000 0.0000000  0.0012432 -0.0002087 0.0000000 0.0000000 -0.0007108  0.0002201 0.0000000 0.0000000 -0.0005218  0.0004051 0.0000000 0.0000000 -0.0012738  0.0002809 0.0000000 0.0000000 -0.0097201 -0.0406874 0.0000000 0.0000000 -0.0027020 -0.0028082 0.0000000 0.0000000  0.0050876  0.0340837 0.0000000 0.0000000  0.0005252 -0.0003978 0.0000000 0.0000000 -0.0001512 -0.0000536 0.0000000 0.0000000 -0.0008382  0.0004387 0.0000000 0.0000000 -0.0012692 -0.0013805
9  3 0.0000000 0.0000000 -0.0204663  0.0137600 0.0000000 0.0000000  0.0057524  0.0052766 0.0000000 0.0000000  0.0029570  0.0057148 0.0000000 0.0000000 -0.0072277  0.0148088 0.0000000 0.0000000  0.0005098 -0.0007521 0.0000000 0.0000000 -0.0139433  0.0266314 0.0000000 0.0000000  0.0011785 -0.0004531 0.0000000 0.0000000  0.0003173  0.0001557 0.0000000 0.0000000  0.0009120 -0.0003653 0.0000000 0.0000000 -0.0008259 -0.0002155 0.0000000 0.0000000 -0.0001219 -0.0000919 0.0000000 0.0000000 -0.0012841 -0.0000315 0.0000000 0.0000000  0.0092108 -0.0191500 0.0000000 0.0000000 -0.0006078  0.0010045 0.0000000 0.0000000 -0.0082442  0.0183983 0.0000000 0.0000000  0.0005871  0.0001528 0.0000000 0.0000000  0.0000080  0.0000015 0.0000000 0.0000000 -0.0007435 -0.0001356 0.0000000 0.0000000  0.0000135 -0.0001045
10 0 0.0000000       NaN -0.0399221        NaN 0.0000000       NaN -0.0299063        NaN 0.0000000       NaN  0.0047815        NaN 0.0000000       NaN  0.0119263        NaN 0.0000000       NaN  0.1049071        NaN 0.0000000       NaN  0.0155495        NaN 0.0000000       NaN  0.0101802        NaN 0.0000000       NaN  0.0006952        NaN 0.0000000       NaN -0.0002461        NaN 0.0000000       NaN  0.0000453        NaN 0.0000000       NaN -0.0000248        NaN 0.0000000       NaN -0.0008914        NaN 0.0000000       NaN -0.0061866        NaN 0.0000000       NaN  0.0812576        NaN 0.0000000       NaN  0.0041808        NaN 0.0000000       NaN -0.0003400        NaN 0.0000000       NaN -0.0000511        NaN 0.0000000       NaN -0.0002023        NaN 0.0000000       NaN  0.0000218        NaN
10 1 0.0000000 0.0000000  0.0429542  0.1476360 0.0000000 0.0000000 -0.0263641 -0.0155773 0.0000000 0.0000000 -0.0596030 -0.0834532 0.0000000 0.0000000 -0.0967250 -0.1952635 0.0000000 0.0000000 -0.0010580  0.0011590 0.0000000 0.0000000 -0.0157237 -0.0347589 0.0000000 0.0000000  0.0033218 -0.0000293 0.0000000 0.0000000  0.0007203  0.0000912 0.0000000 0.0000000  0.0007827  0.0014129 0.0000000 0.0000000  0.0001463  0.0005464 0.0000000 0.0000000  0.0019174  0.0012586 0.0000000 0.0000000 -0.0000936 -0.0000773 0.0000000 0.0000000 -0.0114497 -0.0192577 0.0000000 0.0000000 -0.0013601  0.0020573 0.0000000 0.0000000  0.0044283  0.0266937 0.0000000 0.0000000 -0.0003461 -0.0010618 0.0000000 0.0000000  0.0006866  0.0008130 0.0000000 0.0000000  0.0001121  0.0009408 0.0000000 0.0000000 -0.0030481 -0.0038333
10 2 0.0000000 0.0000000  0.0047434  0.0049377 0.0000000 0.0000000  0.0184085  0.0277983 0.0000000 0.0000000 -0.0095268 -0.0049176 0.0000000 0.0000000 -0.0151291 -0.0021010 0.0000000 0.0000000 -0.0128184 -0.0026360 0.0000000 0.0000000 -0.0081566  0.0028582 0.0000000 0.0000000  0.0017248 -0.0041243 0.0000000 0.0000000  0.0008319  0.0001319 0.0000000 0.0000000 -0.0010722  0.0002281 0.0000000 0.0000000 -0.0000961  0.0010990 0.0000000 0.0000000 -0.0004312  0.0000998 0.0000000 0.0000000  0.0002871  0.0000371 0.0000000 0.0000000  0.0058141 -0.0046522 0.0000000 0.0000000 -0.0041589 -0.0076683 0.0000000 0.0000000 -0.0066017  0.0050195 0.0000000 0.0000000 -0.0005141 -0.0008232 0.0000000 0.0000000 -0.0001233 -0.0000647 0.0000000 0.0000000  0.0003767  0.0005648 0.0000000 0.0000000 -0.0001729  0.0000314
10 3 0.0000000 0.0000000  0.0351952 -0.0110228 0.0000000 0.0000000  0.0019498 -0.0092681 0.0000000 0.0000000  0.0040074 -0.0193152 0.0000000 0.0000000 -0.0107700 -0.0066339 0.0000000 0.0000000  0.0015914 -0.0008464 0.0000000 0.0000000 -0.0085975 -0.0013246 0.0000000 0.0000000 -0.0009542  0.0012744 0.0000000 0.0000000 -0.0002221  0.0003157 0.0000000 0.0000000 -0.0004731 -0.0003207 0.0000000 0.0000000  0.0002164 -0.0003714 0.0000000 0.0000000 -0.0000160 -0.0002724 0.0000000 0.0000000  0.0004920 -0.0000803 0.0000000 0.0000000  0.0084255 -0.0063099 0.0000000 0.0000000 -0.0012244  0.0020217 0.0000000 0.0000000 -0.0077569  0.0098963 0.0000000 0.0000000 -0.0000894  0.0001103 0.0000000 0.0000000  0.0000293  0.0001465 0.0000000 0.0000000  0.0002645 -0.0001219 0.0000000 0.0000000  0.0000840 -0.0000975
11 0 0.0000000       NaN -0.1743684        NaN 0.0000000       NaN  0.0105519        NaN 0.0000000       NaN  0.0198311        NaN 0.0000000       NaN  0.0048031        NaN 0.0000000       NaN  0.0019195        NaN 0.0000000       NaN -0.0088151        NaN 0.0000000       NaN  0.0026241        NaN 0.0000000       NaN  0.0014413        NaN 0.0000000       NaN  0.0008780        NaN 0.0000000       NaN  0.0002322        NaN 0.0000000       NaN  0.0039966        NaN 0.0000000       NaN  0.0001321        NaN 0.0000000       NaN -0.0462554        NaN 0.0000000       NaN -0.0028222        NaN 0.0000000       NaN  0.0161639        NaN 0.0000000       NaN  0.0000292        NaN 0.0000000       NaN  0.0029786        NaN 0.0000000       NaN -0.0001651        NaN 0.0000000       NaN -0.0009502        NaN
11 1 0.0000000 0.0000000 -0.0125666  0.0258701 0.0000000 0.0000000  0.0399917  0.0032086 0.0000000 0.0000000 -0.0183002  0.0075185 0.0000000 0.0000000  0.0102661 -0.0164471 0.0000000 0.0000000 -0.0018163  0.0293991 0.0000000 0.0000000  0.0170726 -0.0291082 0.0000000 0.0000000 -0.0014061 -0.0091303 0.0000000 0.0000000 -0.0007798 -0.0002554 0.0000000 0.0000000 -0.0001833 -0.0010714 0.0000000 0.0000000 -0.0015292 -0.0032316 0.0000000 0.0000000 -0.0000267  0.0001728 0.0000000 0.0000000 -0.0012475 -0.0009482 0.0000000 0.0000000 -0.0131940  0.0063481 0.0000000 0.0000000 -0.0116978  0.0181464 0.0000000 0.0000000  0.0148535 -0.0068576 0.0000000 0.0000000  0.0002809  0.0001824 0.0000000 0.0000000  0.0000904  0.0000679 0.0000000 0.0000000 -0.0006450  0.0006155 0.0000000 0.0000000  0.0000992 -0.0002015
11 2 0.0000000 0.0000000  0.0143814 -0.1182798 0.0000000 0.0000000  0.0141439 -0.0025978 0.0000000 0.0000000  0.0199844  0.0478689 0.0000000 0.0000000  0.0290172  0.0549220 0.0000000 0.0000000 -0.0082154 -0.0011390 0.0000000 0.0000000  0.0016863  0.0126961 0.0000000 0.0000000 -0.0020646  0.0015272 0.0000000 0.0000000  0.0017340  0.0007945 0.0000000 0.0000000  0.0003273 -0.0005661 0.0000000 0.0000000  0.0006657 -0.0005095 0.0000000 0.0000000 -0.0012264  0.0002431 0.0000000 0.0000000  0.0004320 -0.0006518 0.0000000 0.0000000 -0.0197502 -0.0543784 0.0000000 0.0000000 -0.0031240 -0.0017081 0.0000000 0.0000000  0.0147880  0.0448194 0.0000000 0.0000000 -0.0001041  0.0004824 0.0000000 0.0000000 -0.0000994  0.0001718 0.0000000 0.0000000  0.0002547 -0.0003844 0.0000000 0.0000000  0.0007666 -0.0003265
11 3 0.0000000 0.0000000  0.0012656 -0.0008846 0.0000000 0.0000000 -0.0182739  0.0072098 0.0000000 0.0000000 -0.0066439  0.0047280 0.0000000 0.0000000 -0.0050836  0.0037776 0.0000000 0.0000000  0.0030423 -0.0000779 0.0000000 0.0000000 -0.0051099  0.0044556 0.0000000 0.0000000 -0.0000470 -0.0010201 0.0000000 0.0000000  0.0006455  0.0005773 0.0000000 0.0000000  0.0004188  0.0003839 0.0000000 0.0000000 -0.0002707  0.0001576 0.0000000 0.0000000 -0.0001016 -0.0004377 0.0000000 0.0000000 -0.0005778  0.0003850 0.0000000 0.0000000  0.0046716 -0.0039178 0.0000000 0.0000000  0.0024361  0.0023037 0.0000000 0.0000000 -0.0050677  0.0037202 0.0000000 0.0000000  0.0000964  0.0000062 0.0000000 0.0000000 -0.0000761 -0.0000495 0.0000000 0.0000000 -0.0002525  0.0001097 0.0000000 0.0000000  0.0000890 -0.0000502
12 0 0.0000000       NaN -0.0557135        NaN 0.0000000       NaN -0.0371519        NaN 0.0000000       NaN -0.0008995        NaN 0.0000000       NaN  0.0005920        NaN 0.0000000       NaN  0.1175495        NaN 0.0000000       NaN  0.0072895        NaN 0.0000000       NaN  0.0088557        NaN 0.0000000       NaN  0.0008743        NaN 0.0000000       NaN  0.0001113        NaN 0.0000000       NaN -0.0012211        NaN 0.0000000       NaN -0.0001060        NaN 0.0000000       NaN -0.0019502        NaN 0.0000000       NaN -0.0015960        NaN 0.0000000       NaN  0.0861362        NaN 0.0000000       NaN -0.0014778        NaN 0.0000000       NaN  0.0002389        NaN 0.0000000       NaN  0.0000396        NaN 0.0000000       NaN -0.0010371        NaN 0.0000000       NaN -0.0004432        NaN
12 1 0.0000000 0.0000000  0.0237429 -0.0792302 0.0000000 0.0000000 -0.0069713 -0.0057974 0.0000000 0.0000000 -0.0352702 -0.0304616 0.0000000 0.0000000 -0.0642041 -0.1441309 0.0000000 0.0000000 -0.0031595  0.0024081 0.0000000 0.0000000 -0.0000654 -0.0381074 0.0000000 0.0000000 -0.0004520  0.0010914 0.0000000 0.0000000  0.0006147 -0.0005685 0.0000000 0.0000000 -0.0018359  0.0006701 0.0000000 0.0000000  0.0006931 -0.0005309 0.0000000 0.0000000  0.0008922  0.0012013 0.0000000 0.0000000  0.0010960 -0.0012934 0.0000000 0.0000000 -0.0076962 -0.0074968 0.0000000 0.0000000 -0.0005410 -0.0026166 0.0000000 0.0000000  0.0076200  0.0283587 0.0000000 0.0000000 -0.0005454  0.0002382 0.0000000 0.0000000  0.0006766  0.0011985 0.0000000 0.0000000  0.0008394 -0.0002504 0.0000000 0.0000000 -0.0000766 -0.0016466
12 2 0.0000000 0.0000000  0.0286728 -0.0053121 0.0000000 0.0000000  0.0163640  0.0238518 0.0000000 0.0000000 -0.0038174  0.0023395 0.0000000 0.0000000 -0.0065152  0.0019599 0.0000000 0.0000000 -0.0191680 -0.0008580 0.0000000 0.0000000  0.0004545 -0.0007411 0.0000000 0.0000000  0.0009651 -0.0045911 0.0000000 0.0000000  0.0000583  0.0006781 0.0000000 0.0000000 -0.0005203  0.0011121 0.0000000 0.0000000  0.0010255  0.0017119 0.0000000 0.0000000 -0.0001236 -0.0001272 0.0000000 0.0000000  0.0015663  0.0002166 0.0000000 0.0000000  0.0025570  0.0001352 0.0000000 0.0000000 -0.0043926 -0.0061895 0.0000000 0.0000000 -0.0041942  0.0001051 0.0000000 0.0000000 -0.0012786 -0.0009386 0.0000000 0.0000000  0.0000184 -0.0001420 0.0000000 0.0000000  0.0011829  0.0006020 0.0000000 0.0000000 -0.0001131 -0.0000401
12 3 0.0000000 0.0000000 -0.0669145  0.0121544 0.0000000 0.0000000  0.0011398  0.0004544 0.0000000 0.0000000  0.0051442 -0.0089602 0.0000000 0.0000000  0.0008299 -0.0116636 0.0000000 0.0000000 -0.0011835 -0.0026076 0.0000000 0.0000000  0.0057782 -0.0050420 0.0000000 0.0000000  0.0016682 -0.0002407 0.0000000 0.0000000 -0.0006371  0.0002514 0.0000000 0.0000000 -0.0004340  0.0002295 0.0000000 0.0000000 -0.0004239  0.0003954 0.0000000 0.0000000  0.0001678 -0.0002005 0.0000000 0.0000000 -0.0002973  0.0007514 0.0000000 0.0000000 -0.0025377  0.0006999 0.0000000 0.0000000 -0.0004101  0.0013150 0.0000000 0.0000000  0.0034435  0.0040373 0.0000000 0.0000000  0.0001589 -0.0008280 0.0000000 0.0000000  0.0000381  0.0000968 0.0000000 0.0000000 -0.0001697  0.0006387 0.0000000 0.0000000  0.0001122  0.0001256
13 0 0.0000000       NaN  0.0293368        NaN 0.0000000       NaN  0.0158987        NaN 0.0000000       NaN  0.0356376        NaN 0.0000000       NaN  0.0036212        NaN 0.0000000       NaN  0.0006285        NaN 0.0000000       NaN  0.0037991        NaN 0.0000000       NaN  0.0008172        NaN 0.0000000       NaN -0.0003107        NaN 0.0000000       NaN -0.0002369        NaN 0.0000000       NaN -0.0001040        NaN 0.0000000       NaN  0.0041393        NaN 0.0000000       NaN -0.0001470        NaN 0.0000000       NaN -0.0452026        NaN 0.0000000       NaN  0.0020031        NaN 0.0000000       NaN  0.0105084        NaN 0.0000000       NaN  0.0002727        NaN 0.0000000       NaN  0.0034264        NaN 0.0000000       NaN -0.0002540        NaN 0.0000000       NaN  0.0005524        NaN
13 1 0.0000000 0.0000000  0.0254399 -0.0116202 0.0000000 0.0000000  0.0435722 -0.0177640 0.0000000 0.0000000 -0.0106757  0.0142486 0.0000000 0.0000000  0.0019002  0.0134946 0.0000000 0.0000000 -0.0250930  0.0277266 0.0000000 0.0000000  0.0012887  0.0037363 0.0000000 0.0000000 -0.0006095 -0.0096262 0.0000000 0.0000000 -0.0004209  0.0000903 0.0000000 0.0000000 -0.0004208 -0.0002592 0.0000000 0.0000000  0.0000406 -0.0012509 0.0000000 0.0000000 -0.0000221  0.0001824 0.0000000 0.0000000  0.0007779  0.0000568 0.0000000 0.0000000 -0.0036966 -0.0170586 0.0000000 0.0000000 -0.0182654  0.0212833 0.0000000 0.0000000  0.0041177  0.0147183 0.0000000 0.0000000 -0.0011045 -0.0002902 0.0000000 0.0000000 -0.0000355  0.0000186 0.0000000 0.0000000  0.0009693  0.0013044 0.0000000 0.0000000  0.0000667  0.0000207
13 2 0.0000000 0.0000000 -0.0726631 -0.0862704 0.0000000 0.0000000 -0.0000679  0.0020842 0.0000000 0.0000000  0.0192975  0.0436490 0.0000000 0.0000000  0.0305545  0.0679251 0.0000000 0.0000000 -0.0041413 -0.0028756 0.0000000 0.0000000 -0.0023194  0.0014971 0.0000000 0.0000000  0.0012550 -0.0015339 0.0000000 0.0000000  0.0018690  0.0009626 0.0000000 0.0000000  0.0007819 -0.0000976 0.0000000 0.0000000 -0.0001327  0.0011414 0.0000000 0.0000000 -0.0012778  0.0002863 0.0000000 0.0000000 -0.0006597  0.0014484 0.0000000 0.0000000 -0.0177601 -0.0434009 0.0000000 0.0000000 -0.0022520  0.0005115 0.0000000 0.0000000  0.0141132  0.0344727 0.0000000 0.0000000  0.0003013 -0.0013924 0.0000000 0.0000000 -0.0004001 -0.0001495 0.0000000 0.0000000 -0.0003439  0.0014250 0.0000000 0.0000000 -0.0005211 -0.0004704
13 3 0.0000000 0.0000000 -0.0110821 -0.0103968 0.0000000 0.0000000 -0.0175643  0.0205037 0.0000000 0.0000000  0.0039128 -0.0013129 0.0000000 0.0000000 -0.0080665  0.0021140 0.0000000 0.0000000  0.0046285 -0.0052748 0.0000000 0.0000000 -0.0110357  0.0047287 0.0000000 0.0000000  0.0001419 -0.0006884 0.0000000 0.0000000  0.0007869  0.0004792 0.0000000 0.0000000 -0.0003420 -0.0004425 0.0000000 0.0000000 -0.0010087 -0.0003236 0.0000000 0.0000000 -0.0001113 -0.0003905 0.0000000 0.0000000 -0.0011017  0.0000331 0.0000000 0.0000000  0.0076299 -0.0026349 0.0000000 0.0000000  0.0035540  0.0005130 0.0000000 0.0000000 -0.0083501  0.0036552 0.0000000 0.0000000  0.0007822  0.0002859 0.0000000 0.0000000 -0.0002152 -0.0000776 0.0000000 0.0000000 -0.0008998 -0.0000829 0.0000000 0.0000000  0.0000899  0.0001819
14 0 0.0000000       NaN -0.0016578        NaN 0.0000000       NaN -0.0255256        NaN 0.0000000       NaN -0.0092116        NaN 0.0000000       NaN  0.0025858        NaN 0.0000000       NaN  0.1056471        NaN 0.0000000       NaN  0.0130107        NaN 0.0000000       NaN  0.0054898        NaN 0.0000000       NaN  0.0006564        NaN 0.0000000       NaN  0.0001368        NaN 0.0000000       NaN -0.0010585        NaN 0.0000000       NaN  0.0001076        NaN 0.0000000       NaN -0.0010582        NaN 0.0000000       NaN -0.0071389        NaN 0.0000000       NaN  0.0794979        NaN 0.0000000       NaN  0.0052695        NaN 0.0000000       NaN -0.0004317        NaN 0.0000000       NaN  0.0000548        NaN 0.0000000       NaN -0.0005752        NaN 0.0000000       NaN -0.0002092        NaN
14 1 0.0000000 0.0000000 -0.0929941 -0.1549067 0.0000000 0.0000000 -0.0033091 -0.0070305 0.0000000 0.0000000 -0.0458024 -0.0206004 0.0000000 0.0000000 -0.0305580 -0.0698440 0.0000000 0.0000000 -0.0054105  0.0060791 0.0000000 0.0000000  0.0096661 -0.0308647 0.0000000 0.0000000  0.0009632 -0.0007566 0.0000000 0.0000000  0.0019149 -0.0004348 0.0000000 0.0000000 -0.0001920  0.0007681 0.0000000 0.0000000  0.0003786  0.0005671 0.0000000 0.0000000 -0.0003432  0.0010312 0.0000000 0.0000000  0.0006284  0.0002608 0.0000000 0.0000000 -0.0136888  0.0134846 0.0000000 0.0000000 -0.0039018 -0.0001406 0.0000000 0.0000000  0.0244060  0.0230988 0.0000000 0.0000000 -0.0005469 -0.0011783 0.0000000 0.0000000 -0.0003116  0.0008661 0.0000000 0.0000000  0.0005731  0.0010247 0.0000000 0.0000000 -0.0014683 -0.0015747
14 2 0.0000000 0.0000000  0.0011340  0.0038434 0.0000000 0.0000000  0.0143345  0.0283182 0.0000000 0.0000000 -0.0019996  0.0021870 0.0000000 0.0000000  0.0033728 -0.0040482 0.0000000 0.0000000 -0.0172677 -0.0038184 0.0000000 0.0000000  0.0110677 -0.0058480 0.0000000 0.0000000  0.0003059 -0.0026954 0.0000000 0.0000000 -0.0004812  0.0004234 0.0000000 0.0000000 -0.0004753  0.0012294 0.0000000 0.0000000 -0.0002627  0.0007622 0.0000000 0.0000000 -0.0002441 -0.0000957 0.0000000 0.0000000 -0.0002385 -0.0013731 0.0000000 0.0000000 -0.0036387  0.0063787 0.0000000 0.0000000 -0.0017280 -0.0088233 0.0000000 0.0000000  0.0047058 -0.0059344 0.0000000 0.0000000  0.0000472  0.0003397 0.0000000 0.0000000  0.0001324 -0.0001962 0.0000000 0.0000000 -0.0001735 -0.0008755 0.0000000 0.0000000  0.0000549 -0.0000309
14 3 0.0000000 0.0000000  0.0101382 -0.0598076 0.0000000 0.0000000  0.0119290 -0.0033315 0.0000000 0.0000000 -0.0031968 -0.0105800 0.0000000 0.0000000 -0.0005906 -0.0031662 0.0000000 0.0000000 -0.0040803 -0.0011701 0.0000000 0.0000000 -0.0003001  0.0058763 0.0000000 0.0000000 -0.0000859  0.0017836 0.0000000 0.0000000 -0.0000272  0.0000062 0.0000000 0.0000000 -0.0003716 -0.0003054 0.0000000 0.0000000  0.0004374 -0.0002189 0.0000000 0.0000000 -0.0001371 -0.0001939 0.0000000 0.0000000  0.0008593 -0.0000066 0.0000000 0.0000000  0.0018154 -0.0083541 0.0000000 0.0000000 -0.0028256  0.0007602 0.0000000 0.0000000  0.0001213  0.0170954 0.0000000 0.0000000 -0.0004920  0.0000460 0.0000000 0.0000000  0.0000938  0.0002725 0.0000000 0.0000000  0.0005348 -0.0001313 0.0000000 0.0000000 -0.0000135  0.0002881
15 0 0.0000000       NaN  0.2537322        NaN 0.0000000       NaN  0.0088576        NaN 0.0000000       NaN -0.0055480        NaN 0.0000000       NaN -0.0197290        NaN 0.0000000       NaN  0.0026066        NaN 0.0000000       NaN  0.0039848        NaN 0.0000000       NaN  0.0006522        NaN 0.0000000       NaN  0.0002306        NaN 0.0000000       NaN  0.0012314        NaN 0.0000000       NaN  0.0003903        NaN 0.0000000       NaN  0.0037008        NaN 0.0000000       NaN  0.0001816        NaN 0.0000000       NaN -0.0397483        NaN 0.0000000       NaN  0.0004772        NaN 0.0000000       NaN  0.0111324        NaN 0.0000000       NaN -0.0002755        NaN 0.0000000       NaN  0.0029132        NaN 0.0000000       NaN  0.0001228        NaN 0.0000000       NaN -0.0019718        NaN
15 1 0.0000000 0.0000000  0.0110423 -0.0115216 0.0000000 0.0000000  0.0485847 -0.0352774 0.0000000 0.0000000 -0.0041910  0.0106866 0.0000000 0.0000000  0.0115185  0.0101716 0.0000000 0.0000000 -0.0381332  0.0285310 0.0000000 0.0000000  0.0165321  0.0027622 0.0000000 0.0000000  0.0010513 -0.0075219 0.0000000 0.0000000 -0.0002157 -0.0001187 0.0000000 0.0000000 -0.0006707 -0.0001329 0.0000000 0.0000000 -0.0009638 -0.0004883 0.0000000 0.0000000 -0.0004004  0.0003454 0.0000000 0.0000000 -0.0010572 -0.0005998 0.0000000 0.0000000 -0.0132836 -0.0158596 0.0000000 0.0000000 -0.0255655  0.0234491 0.0000000 0.0000000  0.0132666  0.0126999 0.0000000 0.0000000  0.0004860  0.0006901 0.0000000 0.0000000  0.0000586  0.0000187 0.0000000 0.0000000 -0.0002494  0.0006648 0.0000000 0.0000000  0.0000199 -0.0001360
15 2 0.0000000 0.0000000 -0.0046464 -0.1768227 0.0000000 0.0000000 -0.0064823  0.0076919 0.0000000 0.0000000  0.0358829  0.0722246 0.0000000 0.0000000  0.0367347  0.1044765 0.0000000 0.0000000  0.0004135 -0.0047130 0.0000000 0.0000000 -0.0130146  0.0156713 0.0000000 0.0000000 -0.0003654  0.0005759 0.0000000 0.0000000  0.0012956 -0.0001427 0.0000000 0.0000000  0.0002148 -0.0005983 0.0000000 0.0000000 -0.0002058 -0.0007069 0.0000000 0.0000000 -0.0014082  0.0003381 0.0000000 0.0000000 -0.0004141 -0.0007251 0.0000000 0.0000000 -0.0074950 -0.0454160 0.0000000 0.0000000  0.0003219 -0.0016384 0.0000000 0.0000000  0.0021859  0.0346297 0.0000000 0.0000000  0.0003920  0.0005263 0.0000000 0.0000000 -0.0002730  0.0001464 0.0000000 0.0000000 -0.0003631 -0.0004934 0.0000000 0.0000000  0.0009105  0.0009718
15 3 0.0000000 0.0000000 -0.0106240 -0.0051688 0.0000000 0.0000000 -0.0191511  0.0078157 0.0000000 0.0000000  0.0017862 -0.0059511 0.0000000 0.0000000  0.0034241  0.0071365 0.0000000 0.0000000  0.0047368  0.0017090 0.0000000 0.0000000  0.0025734  0.0106245 0.0000000 0.0000000  0.0006116 -0.0006847 0.0000000 0.0000000  0.0007080  0.0011182 0.0000000 0.0000000 -0.0004117 -0.0007613 0.0000000 0.0000000 -0.0007819 -0.0000677 0.0000000 0.0000000 -0.0000655 -0.0006263 0.0000000 0.0000000 -0.0004199  0.0004300 0.0000000 0.0000000 -0.0002713 -0.0058548 0.0000000 0.0000000  0.0018879  0.0033627 0.0000000 0.0000000  0.0000238  0.0074573 0.0000000 0.0000000  0.0004848  0.0000664 0.0000000 0.0000000 -0.0002180 -0.0001255 0.0000000 0.0000000 -0.0005840  0.0003210 0.0000000 0.0000000  0.0000313  0.0001343
16 0 0.0000000       NaN  0.0670507        NaN 0.0000000       NaN -0.0228317        NaN 0.0000000       NaN -0.0007005        NaN 0.0000000       NaN  0.0035324        NaN 0.0000000       NaN  0.0916259        NaN 0.0000000       NaN  0.0157433        NaN 0.0000000       NaN  0.0035655        NaN 0.0000000       NaN  0.0005736        NaN 0.0000000       NaN -0.0004438        NaN 0.0000000       NaN -0.0017753        NaN 0.0000000       NaN -0.0000075        NaN 0.0000000       NaN -0.0015680        NaN 0.0000000       NaN -0.0085747        NaN 0.0000000       NaN  0.0702854        NaN 0.0000000       NaN  0.0065996        NaN 0.0000000       NaN  0.0001195        NaN 0.0000000       NaN  0.0001284        NaN 0.0000000       NaN -0.0009723        NaN 0.0000000       NaN  0.0000418        NaN
16 1 0.0000000 0.0000000 -0.0393592 -0.2373563 0.0000000 0.0000000 -0.0057350  0.0125819 0.0000000 0.0000000  0.0013413  0.0157990 0.0000000 0.0000000  0.0227961  0.0202033 0.0000000 0.0000000 -0.0029515  0.0021372 0.0000000 0.0000000  0.0165872 -0.0083946 0.0000000 0.0000000 -0.0007708 -0.0002397 0.0000000 0.0000000  0.0010967 -0.0010601 0.0000000 0.0000000 -0.0016728 -0.0001823 0.0000000 0.0000000 -0.0000451 -0.0008499 0.0000000 0.0000000 -0.0013245  0.0007469 0.0000000 0.0000000  0.0003689 -0.0012907 0.0000000 0.0000000 -0.0057165  0.0199176 0.0000000 0.0000000  0.0020698 -0.0031780 0.0000000 0.0000000  0.0210556  0.0240162 0.0000000 0.0000000 -0.0002219  0.0005230 0.0000000 0.0000000 -0.0006764  0.0009769 0.0000000 0.0000000  0.0004767 -0.0005500 0.0000000 0.0000000  0.0016901  0.0003112
16 2 0.0000000 0.0000000  0.0081882  0.0050727 0.0000000 0.0000000  0.0095659  0.0065900 0.0000000 0.0000000 -0.0061473  0.0082726 0.0000000 0.0000000 -0.0036843  0.0039228 0.0000000 0.0000000 -0.0156707 -0.0006779 0.0000000 0.0000000  0.0000610  0.0024764 0.0000000 0.0000000 -0.0004627 -0.0000837 0.0000000 0.0000000 -0.0010290  0.0005978 0.0000000 0.0000000  0.0001036  0.0012271 0.0000000 0.0000000  0.0004016  0.0017809 0.0000000 0.0000000  0.0000831 -0.0002378 0.0000000 0.0000000  0.0004522 -0.0000432 0.0000000 0.0000000  0.0046509  0.0008247 0.0000000 0.0000000  0.0026380 -0.0045805 0.0000000 0.0000000 -0.0037375 -0.0019954 0.0000000 0.0000000 -0.0002285 -0.0002635 0.0000000 0.0000000  0.0001404 -0.0001743 0.0000000 0.0000000  0.0001611 -0.0003576 0.0000000 0.0000000  0.0000201  0.0000441
16 3 0.0000000 0.0000000 -0.0743847  0.0068204 0.0000000 0.0000000  0.0047282  0.0066083 0.0000000 0.0000000 -0.0086424 -0.0290244 0.0000000 0.0000000  0.0121318 -0.0077803 0.0000000 0.0000000 -0.0027737 -0.0024908 0.0000000 0.0000000  0.0274541  0.0047197 0.0000000 0.0000000  0.0007042  0.0000180 0.0000000 0.0000000  0.0000212  0.0003231 0.0000000 0.0000000 -0.0003742  0.0002777 0.0000000 0.0000000  0.0004904  0.0003711 0.0000000 0.0000000 -0.0000495 -0.0001995 0.0000000 0.0000000  0.0008695  0.0004536 0.0000000 0.0000000 -0.0139328 -0.0012670 0.0000000 0.0000000 -0.0004484 -0.0004344 0.0000000 0.0000000  0.0172610  0.0143272 0.0000000 0.0000000 -0.0005303 -0.0005266 0.0000000 0.0000000 -0.0000143  0.0001062 0.0000000 0.0000000  0.0005626  0.0004368 0.0000000 0.0000000 -0.0000094  0.0001694
17 0 0.0000000       NaN  0.3109506        NaN 0.0000000       NaN  0.0143072        NaN 0.0000000       NaN -0.0001368        NaN 0.0000000       NaN  0.0009328        NaN 0.0000000       NaN  0.0000471        NaN 0.0000000       NaN  0.0238368        NaN 0.0000000       NaN -0.0012041        NaN 0.0000000       NaN -0.0011128        NaN 0.0000000       NaN  0.0007641        NaN 0.0000000       NaN -0.0002665        NaN 0.0000000       NaN  0.0034565        NaN 0.0000000       NaN -0.0007341        NaN 0.0000000       NaN -0.0372723        NaN 0.0000000       NaN  0.0042436        NaN 0.0000000       NaN  0.0182757        NaN 0.0000000       NaN  0.0004507        NaN 0.0000000       NaN  0.0029801        NaN 0.0000000       NaN -0.0005563        NaN 0.0000000       NaN  0.0002307        NaN
17 1 0.0000000 0.0000000  0.0066785 -0.0186762 0.0000000 0.0000000  0.0566898 -0.0336890 0.0000000 0.0000000 -0.0168402  0.0017531 0.0000000 0.0000000  0.0029814  0.0240088 0.0000000 0.0000000 -0.0572656  0.0230182 0.0000000 0.0000000  0.0096078  0.0190039 0.0000000 0.0000000  0.0011111 -0.0049734 0.0000000 0.0000000 -0.0005346  0.0004036 0.0000000 0.0000000 -0.0001450 -0.0005810 0.0000000 0.0000000  0.0000995  0.0009324 0.0000000 0.0000000 -0.0002820  0.0000812 0.0000000 0.0000000 -0.0000642  0.0003019 0.0000000 0.0000000 -0.0081895 -0.0219271 0.0000000 0.0000000 -0.0321219  0.0239338 0.0000000 0.0000000  0.0084105  0.0220779 0.0000000 0.0000000  0.0000296  0.0006135 0.0000000 0.0000000  0.0001072  0.0000249 0.0000000 0.0000000  0.0003907  0.0009769 0.0000000 0.0000000  0.0001825 -0.0000345
17 2 0.0000000 0.0000000 -0.0522463  0.0038776 0.0000000 0.0000000 -0.0119836  0.0134243 0.0000000 0.0000000  0.0251814  0.0538581 0.0000000 0.0000000  0.0372660  0.1111886 0.0000000 0.0000000  0.0017803 -0.0053197 0.0000000 0.0000000 -0.0050013  0.0195474 0.0000000 0.0000000  0.0011281 -0.0009356 0.0000000 0.0000000  0.0016199 -0.0000064 0.0000000 0.0000000  0.0006709  0.0002315 0.0000000 0.0000000 -0.0000574  0.0008024 0.0000000 0.0000000 -0.0015678  0.0001890 0.0000000 0.0000000 -0.0002929  0.0010633 0.0000000 0.0000000 -0.0056796 -0.0325892 0.0000000 0.0000000  0.0001168 -0.0019369 0.0000000 0.0000000  0.0007106  0.0188952 0.0000000 0.0000000  0.0000659 -0.0008985 0.0000000 0.0000000 -0.0005355 -0.0002122 0.0000000 0.0000000 -0.0002011  0.0008483 0.0000000 0.0000000 -0.0009325  0.0004315
17 3 0.0000000 0.0000000 -0.0092745 -0.0147961 0.0000000 0.0000000 -0.0121544  0.0032727 0.0000000 0.0000000  0.0112398  0.0041525 0.0000000 0.0000000  0.0129571  0.0069829 0.0000000 0.0000000  0.0025718  0.0010083 0.0000000 0.0000000  0.0134698  0.0065378 0.0000000 0.0000000  0.0008035  0.0004477 0.0000000 0.0000000  0.0008877  0.0011853 0.0000000 0.0000000 -0.0002243 -0.0012176 0.0000000 0.0000000 -0.0008953  0.0000260 0.0000000 0.0000000 -0.0002693 -0.0005117 0.0000000 0.0000000 -0.0008312  0.0006903 0.0000000 0.0000000 -0.0086125 -0.0025820 0.0000000 0.0000000  0.0010521  0.0046610 0.0000000 0.0000000  0.0077218  0.0042032 0.0000000 0.0000000  0.0006845 -0.0000598 0.0000000 0.0000000 -0.0000890 -0.0001504 0.0000000 0.0000000 -0.0007283  0.0005128 0.0000000 0.0000000 -0.0000203  0.0001812
18 0 0.0000000       NaN  0.1170010        NaN 0.0000000       NaN -0.0026826        NaN 0.0000000       NaN -0.0028931        NaN 0.0000000       NaN  0.0042931        NaN 0.0000000       NaN  0.0620794        NaN 0.0000000       NaN  0.0124294        NaN 0.0000000       NaN -0.0001812        NaN 0.0000000       NaN  0.0000555        NaN 0.0000000       NaN -0.0004168        NaN 0.0000000       NaN -0.0006960        NaN 0.0000000       NaN  0.0001011        NaN 0.0000000       NaN  0.0000608        NaN 0.0000000       NaN -0.0074966        NaN 0.0000000       NaN  0.0530358        NaN 0.0000000       NaN  0.0069191        NaN 0.0000000       NaN -0.0009096        NaN 0.0000000       NaN  0.0002305        NaN 0.0000000       NaN  0.0001675        NaN 0.0000000       NaN  0.0001872        NaN
18 1 0.0000000 0.0000000 -0.0222883 -0.1469861 0.0000000 0.0000000 -0.0082284  0.0049575 0.0000000 0.0000000 -0.0143447 -0.0180630 0.0000000 0.0000000  0.0350504  0.0840953 0.0000000 0.0000000 -0.0026478  0.0043763 0.0000000 0.0000000  0.0229287  0.0252967 0.0000000 0.0000000  0.0008876 -0.0000248 0.0000000 0.0000000  0.0026348 -0.0010670 0.0000000 0.0000000 -0.0008159 -0.0006995 0.0000000 0.0000000  0.0001076  0.0002970 0.0000000 0.0000000 -0.0025528  0.0005987 0.0000000 0.0000000  0.0006556  0.0005323 0.0000000 0.0000000 -0.0034132  0.0209774 0.0000000 0.0000000 -0.0012467  0.0002290 0.0000000 0.0000000  0.0214565  0.0299081 0.0000000 0.0000000 -0.0004557 -0.0007613 0.0000000 0.0000000 -0.0017305  0.0006750 0.0000000 0.0000000  0.0005749  0.0007581 0.0000000 0.0000000 -0.0011143  0.0005843
18 2 0.0000000 0.0000000  0.0023703  0.0175163 0.0000000 0.0000000 -0.0058962 -0.0049817 0.0000000 0.0000000 -0.0042916  0.0010809 0.0000000 0.0000000 -0.0008132  0.0046613 0.0000000 0.0000000 -0.0065538  0.0005806 0.0000000 0.0000000  0.0057608  0.0081708 0.0000000 0.0000000 -0.0004084  0.0026068 0.0000000 0.0000000 -0.0008867  0.0004065 0.0000000 0.0000000  0.0007255  0.0013847 0.0000000 0.0000000 -0.0003127  0.0018650 0.0000000 0.0000000 -0.0000283 -0.0001696 0.0000000 0.0000000 -0.0006950  0.0004063 0.0000000 0.0000000 -0.0000613 -0.0004300 0.0000000 0.0000000  0.0059863 -0.0042072 0.0000000 0.0000000  0.0011517 -0.0004241 0.0000000 0.0000000  0.0008028 -0.0006213 0.0000000 0.0000000  0.0002161 -0.0001344 0.0000000 0.0000000 -0.0009244 -0.0003817 0.0000000 0.0000000 -0.0000889 -0.0000808
18 3 0.0000000 0.0000000  0.0078280 -0.0459007 0.0000000 0.0000000  0.0061068  0.0084113 0.0000000 0.0000000 -0.0114789 -0.0293122 0.0000000 0.0000000 -0.0003825 -0.0073200 0.0000000 0.0000000 -0.0004801 -0.0035413 0.0000000 0.0000000  0.0051308  0.0040218 0.0000000 0.0000000 -0.0006462  0.0004688 0.0000000 0.0000000 -0.0004155  0.0001174 0.0000000 0.0000000 -0.0005536  0.0002226 0.0000000 0.0000000  0.0006706 -0.0005749 0.0000000 0.0000000  0.0001011 -0.0002725 0.0000000 0.0000000  0.0013065 -0.0007085 0.0000000 0.0000000 -0.0014106  0.0056611 0.0000000 0.0000000 -0.0007210  0.0002993 0.0000000 0.0000000  0.0057418  0.0103101 0.0000000 0.0000000 -0.0006167  0.0005866 0.0000000 0.0000000  0.0000970  0.0002162 0.0000000 0.0000000  0.0007678 -0.0006054 0.0000000 0.0000000  0.0001771  0.0003247
19 0 0.0000000       NaN  0.1750911        NaN 0.0000000       NaN  0.0026546        NaN 0.0000000       NaN -0.0319099        NaN 0.0000000       NaN -0.0097778        NaN 0.0000000       NaN  0.0015804        NaN 0.0000000       NaN  0.0174033        NaN 0.0000000       NaN  0.0002861        NaN 0.0000000       NaN -0.0001573        NaN 0.0000000       NaN  0.0010746        NaN 0.0000000       NaN -0.0001959        NaN 0.0000000       NaN  0.0027237        NaN 0.0000000       NaN -0.0004482        NaN 0.0000000       NaN -0.0257383        NaN 0.0000000       NaN  0.0016946        NaN 0.0000000       NaN  0.0187588        NaN 0.0000000       NaN  0.0001734        NaN 0.0000000       NaN  0.0022921        NaN 0.0000000       NaN -0.0003788        NaN 0.0000000       NaN -0.0023231        NaN
19 1 0.0000000 0.0000000 -0.0023814 -0.0126583 0.0000000 0.0000000  0.0576157 -0.0261940 0.0000000 0.0000000 -0.0137036  0.0090711 0.0000000 0.0000000  0.0003574  0.0240689 0.0000000 0.0000000 -0.0687357  0.0195842 0.0000000 0.0000000  0.0048851  0.0168604 0.0000000 0.0000000  0.0016878 -0.0006468 0.0000000 0.0000000 -0.0005770  0.0001029 0.0000000 0.0000000 -0.0007341 -0.0007940 0.0000000 0.0000000 -0.0008440  0.0015883 0.0000000 0.0000000 -0.0001645  0.0000577 0.0000000 0.0000000 -0.0005954  0.0002817 0.0000000 0.0000000 -0.0068610 -0.0144496 0.0000000 0.0000000 -0.0409936  0.0202634 0.0000000 0.0000000  0.0079281  0.0157225 0.0000000 0.0000000  0.0006773  0.0007243 0.0000000 0.0000000  0.0001612  0.0000460 0.0000000 0.0000000 -0.0002986  0.0009353 0.0000000 0.0000000 -0.0001575 -0.0000224
19 2 0.0000000 0.0000000  0.0220249 -0.0125667 0.0000000 0.0000000 -0.0057402  0.0192732 0.0000000 0.0000000  0.0351949  0.0755528 0.0000000 0.0000000  0.0371209  0.1107200 0.0000000 0.0000000  0.0029404 -0.0059800 0.0000000 0.0000000 -0.0137111  0.0242519 0.0000000 0.0000000 -0.0013066  0.0003085 0.0000000 0.0000000 -0.0003790 -0.0001696 0.0000000 0.0000000  0.0000071  0.0000449 0.0000000 0.0000000 -0.0002616 -0.0011029 0.0000000 0.0000000 -0.0012143 -0.0000798 0.0000000 0.0000000 -0.0002652 -0.0012957 0.0000000 0.0000000  0.0080609 -0.0262653 0.0000000 0.0000000  0.0026880 -0.0024300 0.0000000 0.0000000 -0.0129265  0.0011827 0.0000000 0.0000000  0.0001693  0.0011006 0.0000000 0.0000000 -0.0001826 -0.0001818 0.0000000 0.0000000 -0.0001554 -0.0012014 0.0000000 0.0000000  0.0008883  0.0012120
19 3 0.0000000 0.0000000 -0.0057937 -0.0127026 0.0000000 0.0000000 -0.0060140  0.0017038 0.0000000 0.0000000  0.0054414  0.0013101 0.0000000 0.0000000  0.0043569  0.0022879 0.0000000 0.0000000  0.0035466 -0.0002398 0.0000000 0.0000000  0.0040111  0.0023719 0.0000000 0.0000000  0.0013365  0.0011537 0.0000000 0.0000000  0.0005008  0.0010925 0.0000000 0.0000000 -0.0006061 -0.0016251 0.0000000 0.0000000 -0.0004989 -0.0005669 0.0000000 0.0000000 -0.0001275 -0.0003294 0.0000000 0.0000000 -0.0002176  0.0000052 0.0000000 0.0000000  0.0000308  0.0017749 0.0000000 0.0000000  0.0017813  0.0060802 0.0000000 0.0000000 -0.0001565 -0.0003077 0.0000000 0.0000000  0.0003693  0.0006342 0.0000000 0.0000000 -0.0000657 -0.0001429 0.0000000 0.0000000 -0.0003728 -0.0000712 0.0000000 0.0000000  0.0000466  0.0000791
20 0 0.0000000       NaN  0.0752251        NaN 0.0000000       NaN  0.0123719        NaN 0.0000000       NaN -0.0032549        NaN 0.0000000       NaN -0.0043236        NaN 0.0000000       NaN  0.0322484        NaN 0.0000000       NaN  0.0029992        NaN 0.0000000       NaN -0.0018068        NaN 0.0000000       NaN -0.0002946        NaN 0.0000000       NaN -0.0007431        NaN 0.0000000       NaN -0.0008011        NaN 0.0000000       NaN  0.0002671        NaN 0.0000000       NaN  0.0000841        NaN 0.0000000       NaN -0.0040645        NaN 0.0000000       NaN  0.0351747        NaN 0.0000000       NaN  0.0030814        NaN 0.0000000       NaN -0.0007970        NaN 0.0000000       NaN  0.0002422        NaN 0.0000000       NaN  0.0002023        NaN 0.0000000       NaN  0.0001233        NaN
20 1 0.0000000 0.0000000 -0.0163071 -0.1498390 0.0000000 0.0000000  0.0019477  0.0163893 0.0000000 0.0000000  0.0156303 -0.0002566 0.0000000 0.0000000  0.0437031  0.1228417 0.0000000 0.0000000 -0.0049434  0.0009395 0.0000000 0.0000000  0.0146029  0.0460191 0.0000000 0.0000000 -0.0017053  0.0002469 0.0000000 0.0000000  0.0015296 -0.0008547 0.0000000 0.0000000 -0.0009690 -0.0009368 0.0000000 0.0000000 -0.0002798 -0.0005773 0.0000000 0.0000000 -0.0031927  0.0003515 0.0000000 0.0000000 -0.0002896 -0.0007436 0.0000000 0.0000000  0.0086952  0.0084970 0.0000000 0.0000000  0.0031866 -0.0009640 0.0000000 0.0000000  0.0074514  0.0353079 0.0000000 0.0000000  0.0001168  0.0006243 0.0000000 0.0000000 -0.0019238  0.0005780 0.0000000 0.0000000  0.0001642 -0.0004870 0.0000000 0.0000000  0.0024802  0.0019662
20 2 0.0000000 0.0000000 -0.0003327 -0.0009212 0.0000000 0.0000000 -0.0159395 -0.0072799 0.0000000 0.0000000 -0.0070150 -0.0002069 0.0000000 0.0000000 -0.0040466  0.0060591 0.0000000 0.0000000 -0.0016164 -0.0035225 0.0000000 0.0000000  0.0035517  0.0114300 0.0000000 0.0000000 -0.0003516  0.0040799 0.0000000 0.0000000 -0.0008493  0.0006625 0.0000000 0.0000000  0.0013952  0.0015192 0.0000000 0.0000000  0.0008725  0.0013367 0.0000000 0.0000000  0.0000880 -0.0002704 0.0000000 0.0000000  0.0001956  0.0001898 0.0000000 0.0000000  0.0018151 -0.0037249 0.0000000 0.0000000  0.0111475 -0.0051013 0.0000000 0.0000000 -0.0013913  0.0026642 0.0000000 0.0000000  0.0002042 -0.0002931 0.0000000 0.0000000  0.0001837 -0.0001308 0.0000000 0.0000000 -0.0003074 -0.0009490 0.0000000 0.0000000  0.0001257  0.0000481
20 3 0.0000000 0.0000000 -0.0479755  0.0270044 0.0000000 0.0000000 -0.0037478  0.0081924 0.0000000 0.0000000 -0.0122672 -0.0480077 0.0000000 0.0000000  0.0149405 -0.0199085 0.0000000 0.0000000  0.0006348 -0.0030475 0.0000000 0.0000000  0.0315530 -0.0043840 0.0000000 0.0000000  0.0006768 -0.0008543 0.0000000 0.0000000 -0.0001044  0.0001367 0.0000000 0.0000000 -0.0004493  0.0002109 0.0000000 0.0000000  0.0004980  0.0004525 0.0000000 0.0000000  0.0002798 -0.0003557 0.0000000 0.0000000  0.0009022  0.0006427 0.0000000 0.0000000 -0.0158654  0.0199302 0.0000000 0.0000000  0.0019156 -0.0000864 0.0000000 0.0000000  0.0212705 -0.0010639 0.0000000 0.0000000 -0.0005624 -0.0004116 0.0000000 0.0000000  0.0000453  0.0001452 0.0000000 0.0000000  0.0005792  0.0004440 0.0000000 0.0000000 -0.0000365  0.0003265
21 0 0.0000000       NaN  0.0984721        NaN 0.0000000       NaN  0.0055432        NaN 0.0000000       NaN -0.0108481        NaN 0.0000000       NaN  0.0027366        NaN 0.0000000       NaN -0.0004020        NaN 0.0000000       NaN  0.0126349        NaN 0.0000000       NaN -0.0006444        NaN 0.0000000       NaN -0.0004783        NaN 0.0000000       NaN -0.0001704        NaN 0.0000000       NaN -0.0008221        NaN 0.0000000       NaN  0.0017536        NaN 0.0000000       NaN -0.0010272        NaN 0.0000000       NaN -0.0120486        NaN 0.0000000       NaN  0.0042394        NaN 0.0000000       NaN  0.0138999        NaN 0.0000000       NaN  0.0006091        NaN 0.0000000       NaN  0.0019904        NaN 0.0000000       NaN -0.0006992        NaN 0.0000000       NaN  0.0011007        NaN
21 1 0.0000000 0.0000000 -0.0170983  0.0012329 0.0000000 0.0000000  0.0457619 -0.0095942 0.0000000 0.0000000 -0.0036948 -0.0060900 0.0000000 0.0000000  0.0068041  0.0212354 0.0000000 0.0000000 -0.0762244  0.0072027 0.0000000 0.0000000  0.0075714  0.0187254 0.0000000 0.0000000  0.0011716  0.0027429 0.0000000 0.0000000 -0.0004133 -0.0000511 0.0000000 0.0000000 -0.0000607 -0.0011534 0.0000000 0.0000000 -0.0001466  0.0013030 0.0000000 0.0000000 -0.0001404  0.0000389 0.0000000 0.0000000  0.0001709 -0.0001414 0.0000000 0.0000000 -0.0066608 -0.0116354 0.0000000 0.0000000 -0.0464965  0.0141579 0.0000000 0.0000000  0.0080890  0.0155506 0.0000000 0.0000000  0.0000653  0.0013285 0.0000000 0.0000000  0.0000530  0.0001000 0.0000000 0.0000000  0.0003120  0.0002826 0.0000000 0.0000000  0.0002122 -0.0000045
21 2 0.0000000 0.0000000  0.0171708  0.2008915 0.0000000 0.0000000 -0.0074384  0.0145390 0.0000000 0.0000000  0.0142134  0.0299219 0.0000000 0.0000000  0.0282838  0.0639745 0.0000000 0.0000000  0.0017766 -0.0060490 0.0000000 0.0000000  0.0053720  0.0167522 0.0000000 0.0000000  0.0005350 -0.0005391 0.0000000 0.0000000 -0.0001402 -0.0001733 0.0000000 0.0000000  0.0003537 -0.0006436 0.0000000 0.0000000 -0.0000198  0.0005670 0.0000000 0.0000000 -0.0008503 -0.0001410 0.0000000 0.0000000  0.0000242  0.0010540 0.0000000 0.0000000  0.0032637 -0.0115103 0.0000000 0.0000000  0.0017881 -0.0007156 0.0000000 0.0000000 -0.0093443 -0.0218507 0.0000000 0.0000000 -0.0002477 -0.0005526 0.0000000 0.0000000 -0.0002924 -0.0003819 0.0000000 0.0000000  0.0001475  0.0005456 0.0000000 0.0000000 -0.0011737 -0.0000026
21 3 0.0000000 0.0000000 -0.0113424 -0.0025082 0.0000000 0.0000000  0.0039540 -0.0123579 0.0000000 0.0000000  0.0039496 -0.0021492 0.0000000 0.0000000  0.0047673 -0.0015513 0.0000000 0.0000000  0.0076880  0.0010636 0.0000000 0.0000000  0.0065632  0.0007493 0.0000000 0.0000000  0.0011600  0.0015751 0.0000000 0.0000000  0.0009691  0.0004279 0.0000000 0.0000000 -0.0003637 -0.0013004 0.0000000 0.0000000 -0.0006000 -0.0005500 0.0000000 0.0000000 -0.0000894 -0.0001693 0.0000000 0.0000000 -0.0005026  0.0000291 0.0000000 0.0000000 -0.0008058  0.0026868 0.0000000 0.0000000  0.0014493  0.0087624 0.0000000 0.0000000  0.0006327 -0.0007975 0.0000000 0.0000000  0.0004593  0.0006077 0.0000000 0.0000000 -0.0001252 -0.0000115 0.0000000 0.0000000 -0.0004560  0.0000118 0.0000000 0.0000000 -0.0000251 -0.0000037
22 0 0.0000000       NaN  0.0376533        NaN 0.0000000       NaN  0.0190192        NaN 0.0000000       NaN  0.0011707        NaN 0.0000000       NaN -0.0024757        NaN 0.0000000       NaN  0.0032362        NaN 0.0000000       NaN  0.0035704        NaN 0.0000000       NaN -0.0029893        NaN 0.0000000       NaN -0.0000309        NaN 0.0000000       NaN -0.0000464        NaN 0.0000000       NaN  0.0006919        NaN 0.0000000       NaN  0.0002615        NaN 0.0000000       NaN  0.0013877        NaN 0.0000000       NaN -0.0051275        NaN 0.0000000       NaN  0.0182250        NaN 0.0000000       NaN  0.0030350        NaN 0.0000000       NaN -0.0016725        NaN 0.0000000       NaN  0.0001188        NaN 0.0000000       NaN  0.0013400        NaN 0.0000000       NaN  0.0001609        NaN
22 1 0.0000000 0.0000000  0.0443363  0.0111532 0.0000000 0.0000000 -0.0027573  0.0053709 0.0000000 0.0000000 -0.0134974 -0.0314080 0.0000000 0.0000000  0.0220761  0.1109383 0.0000000 0.0000000 -0.0043804  0.0019407 0.0000000 0.0000000  0.0154665  0.0466285 0.0000000 0.0000000  0.0001692  0.0001410 0.0000000 0.0000000  0.0022828 -0.0004103 0.0000000 0.0000000 -0.0000861 -0.0012981 0.0000000 0.0000000  0.0001977  0.0007595 0.0000000 0.0000000 -0.0034720  0.0001154 0.0000000 0.0000000  0.0001958  0.0011720 0.0000000 0.0000000  0.0048899  0.0121515 0.0000000 0.0000000 -0.0014746  0.0013659 0.0000000 0.0000000  0.0084343  0.0256052 0.0000000 0.0000000 -0.0002271 -0.0006889 0.0000000 0.0000000 -0.0025125  0.0004089 0.0000000 0.0000000  0.0003556  0.0009961 0.0000000 0.0000000 -0.0017943  0.0011782
22 2 0.0000000 0.0000000 -0.0018234  0.0119508 0.0000000 0.0000000 -0.0190427 -0.0120721 0.0000000 0.0000000 -0.0052591 -0.0120085 0.0000000 0.0000000 -0.0101148 -0.0045934 0.0000000 0.0000000  0.0052840 -0.0015431 0.0000000 0.0000000 -0.0035161  0.0010257 0.0000000 0.0000000 -0.0001970  0.0039871 0.0000000 0.0000000 -0.0005328 -0.0000062 0.0000000 0.0000000  0.0009616  0.0018371 0.0000000 0.0000000  0.0003228  0.0006320 0.0000000 0.0000000  0.0000730 -0.0002291 0.0000000 0.0000000 -0.0002056 -0.0000186 0.0000000 0.0000000  0.0077169  0.0032093 0.0000000 0.0000000  0.0126281 -0.0054431 0.0000000 0.0000000 -0.0073166 -0.0029211 0.0000000 0.0000000  0.0007635 -0.0002989 0.0000000 0.0000000  0.0001368  0.0000236 0.0000000 0.0000000 -0.0008757 -0.0012911 0.0000000 0.0000000 -0.0001475 -0.0000927
22 3 0.0000000 0.0000000  0.0163872 -0.0086760 0.0000000 0.0000000 -0.0005180  0.0119384 0.0000000 0.0000000 -0.0121553 -0.0426926 0.0000000 0.0000000 -0.0036085 -0.0128508 0.0000000 0.0000000  0.0029286 -0.0029870 0.0000000 0.0000000  0.0097304  0.0085047 0.0000000 0.0000000 -0.0005891  0.0001761 0.0000000 0.0000000 -0.0002668 -0.0001558 0.0000000 0.0000000 -0.0006966 -0.0002239 0.0000000 0.0000000 -0.0000160 -0.0006723 0.0000000 0.0000000  0.0005089 -0.0003689 0.0000000 0.0000000  0.0006002 -0.0006052 0.0000000 0.0000000 -0.0002202  0.0165553 0.0000000 0.0000000  0.0007981 -0.0009912 0.0000000 0.0000000  0.0053409  0.0032121 0.0000000 0.0000000 -0.0001199  0.0007265 0.0000000 0.0000000  0.0001634  0.0001636 0.0000000 0.0000000  0.0002021 -0.0006491 0.0000000 0.0000000  0.0003303  0.0003377
23 0 0.0000000       NaN  0.1094276        NaN 0.0000000       NaN  0.0015397        NaN 0.0000000       NaN -0.0266243        NaN 0.0000000       NaN -0.0091664        NaN 0.0000000       NaN -0.0009605        NaN 0.0000000       NaN  0.0008259        NaN 0.0000000       NaN  0.0003104        NaN 0.0000000       NaN  0.0005710        NaN 0.0000000       NaN  0.0006197        NaN 0.0000000       NaN -0.0006885        NaN 0.0000000       NaN  0.0007900        NaN 0.0000000       NaN -0.0008855        NaN 0.0000000       NaN -0.0054760        NaN 0.0000000       NaN -0.0005657        NaN 0.0000000       NaN  0.0125479        NaN 0.0000000       NaN  0.0005257        NaN 0.0000000       NaN  0.0011627        NaN 0.0000000       NaN -0.0007174        NaN 0.0000000       NaN -0.0019343        NaN
23 1 0.0000000 0.0000000  0.0007081  0.0123346 0.0000000 0.0000000  0.0520209 -0.0022267 0.0000000 0.0000000 -0.0124371 -0.0138395 0.0000000 0.0000000 -0.0005416  0.0060394 0.0000000 0.0000000 -0.0778543  0.0025970 0.0000000 0.0000000 -0.0018734  0.0060038 0.0000000 0.0000000  0.0001600  0.0047214 0.0000000 0.0000000 -0.0008861 -0.0002278 0.0000000 0.0000000 -0.0005098 -0.0007227 0.0000000 0.0000000 -0.0009227  0.0012030 0.0000000 0.0000000 -0.0000214 -0.0001144 0.0000000 0.0000000 -0.0001621 -0.0003306 0.0000000 0.0000000 -0.0003237  0.0000917 0.0000000 0.0000000 -0.0532384  0.0087006 0.0000000 0.0000000  0.0033541  0.0044984 0.0000000 0.0000000  0.0005811  0.0011382 0.0000000 0.0000000  0.0000983  0.0001331 0.0000000 0.0000000 -0.0003126  0.0001428 0.0000000 0.0000000 -0.0002119  0.0000458
23 2 0.0000000 0.0000000  0.0723919  0.1549657 0.0000000 0.0000000 -0.0001822  0.0174091 0.0000000 0.0000000  0.0099389  0.0340454 0.0000000 0.0000000  0.0171004  0.0291000 0.0000000 0.0000000  0.0022407 -0.0070296 0.0000000 0.0000000  0.0072305  0.0195834 0.0000000 0.0000000 -0.0011684  0.0005861 0.0000000 0.0000000 -0.0018410  0.0001651 0.0000000 0.0000000 -0.0009289 -0.0004402 0.0000000 0.0000000 -0.0006127 -0.0007821 0.0000000 0.0000000 -0.0002282 -0.0001783 0.0000000 0.0000000 -0.0002507 -0.0008824 0.0000000 0.0000000  0.0056761 -0.0174605 0.0000000 0.0000000  0.0027663 -0.0028966 0.0000000 0.0000000 -0.0135951 -0.0259592 0.0000000 0.0000000  0.0003110  0.0009950 0.0000000 0.0000000  0.0001456 -0.0004156 0.0000000 0.0000000 -0.0002295 -0.0010824 0.0000000 0.0000000  0.0008845  0.0002581
23 3 0.0000000 0.0000000 -0.0096015 -0.0156362 0.0000000 0.0000000  0.0008129 -0.0109868 0.0000000 0.0000000  0.0068576  0.0076993 0.0000000 0.0000000  0.0053085 -0.0030257 0.0000000 0.0000000  0.0120069 -0.0011020 0.0000000 0.0000000  0.0014143 -0.0058357 0.0000000 0.0000000  0.0007878  0.0027123 0.0000000 0.0000000  0.0002826  0.0005381 0.0000000 0.0000000  0.0004516 -0.0022662 0.0000000 0.0000000 -0.0006640 -0.0007850 0.0000000 0.0000000 -0.0000203 -0.0001643 0.0000000 0.0000000 -0.0009915  0.0002248 0.0000000 0.0000000  0.0013356  0.0057784 0.0000000 0.0000000  0.0027872  0.0072336 0.0000000 0.0000000 -0.0013711 -0.0046710 0.0000000 0.0000000  0.0005662  0.0005609 0.0000000 0.0000000 -0.0000119  0.0000275 0.0000000 0.0000000 -0.0006254  0.0001513 0.0000000 0.0000000  0.0000660 -0.0000010
24 0 0.0000000       NaN  0.0115830        NaN 0.0000000       NaN  0.0343107        NaN 0.0000000       NaN -0.0017850        NaN 0.0000000       NaN -0.0079196        NaN 0.0000000       NaN -0.0215305        NaN 0.0000000       NaN -0.0053395        NaN 0.0000000       NaN -0.0022604        NaN 0.0000000       NaN -0.0000287        NaN 0.0000000       NaN -0.0000522        NaN 0.0000000       NaN  0.0002028        NaN 0.0000000       NaN  0.0000930        NaN 0.0000000       NaN  0.0006789        NaN 0.0000000       NaN -0.0000709        NaN 0.0000000       NaN  0.0032934        NaN 0.0000000       NaN -0.0022351        NaN 0.0000000       NaN -0.0009647        NaN 0.0000000       NaN  0.0001847        NaN 0.0000000       NaN  0.0007649        NaN 0.0000000       NaN -0.0000770        NaN
24 1 0.0000000 0.0000000 -0.0365776 -0.0153412 0.0000000 0.0000000 -0.0070945  0.0087627 0.0000000 0.0000000  0.0050699 -0.0139967 0.0000000 0.0000000  0.0152716  0.0882076 0.0000000 0.0000000 -0.0036362 -0.0009913 0.0000000 0.0000000  0.0062632  0.0390596 0.0000000 0.0000000 -0.0015417  0.0008755 0.0000000 0.0000000  0.0009850  0.0005851 0.0000000 0.0000000 -0.0016804 -0.0013985 0.0000000 0.0000000 -0.0002770 -0.0006300 0.0000000 0.0000000 -0.0033865 -0.0001686 0.0000000 0.0000000 -0.0001994 -0.0005711 0.0000000 0.0000000  0.0139747  0.0009633 0.0000000 0.0000000  0.0027184 -0.0001383 0.0000000 0.0000000 -0.0037143  0.0225276 0.0000000 0.0000000  0.0003089  0.0007007 0.0000000 0.0000000 -0.0023227  0.0002878 0.0000000 0.0000000  0.0000320 -0.0004595 0.0000000 0.0000000  0.0024443  0.0018028
24 2 0.0000000 0.0000000 -0.0125367 -0.0081292 0.0000000 0.0000000 -0.0307062  0.0024888 0.0000000 0.0000000  0.0035860  0.0022026 0.0000000 0.0000000 -0.0083609 -0.0093359 0.0000000 0.0000000  0.0129497 -0.0101142 0.0000000 0.0000000 -0.0069206 -0.0102113 0.0000000 0.0000000 -0.0001943  0.0046855 0.0000000 0.0000000  0.0000557  0.0004359 0.0000000 0.0000000  0.0011920  0.0013006 0.0000000 0.0000000  0.0014398 -0.0004810 0.0000000 0.0000000  0.0000344 -0.0002625 0.0000000 0.0000000  0.0010940 -0.0004165 0.0000000 0.0000000  0.0088484  0.0092952 0.0000000 0.0000000  0.0134649 -0.0083654 0.0000000 0.0000000 -0.0090618 -0.0111316 0.0000000 0.0000000 -0.0003721 -0.0000842 0.0000000 0.0000000  0.0000064 -0.0000327 0.0000000 0.0000000  0.0002132 -0.0016832 0.0000000 0.0000000  0.0001300  0.0000319
24 3 0.0000000 0.0000000 -0.0106111  0.0568255 0.0000000 0.0000000  0.0071366  0.0010999 0.0000000 0.0000000 -0.0045713 -0.0625819 0.0000000 0.0000000 -0.0016402 -0.0220539 0.0000000 0.0000000  0.0001576  0.0008268 0.0000000 0.0000000  0.0216126  0.0127487 0.0000000 0.0000000  0.0002911 -0.0003650 0.0000000 0.0000000  0.0001819 -0.0000899 0.0000000 0.0000000 -0.0000308 -0.0001606 0.0000000 0.0000000  0.0006896 -0.0001000 0.0000000 0.0000000  0.0007320 -0.0003809 0.0000000 0.0000000  0.0007572  0.0003370 0.0000000 0.0000000 -0.0082888  0.0144081 0.0000000 0.0000000 -0.0005597  0.0012249 0.0000000 0.0000000  0.0116153  0.0057474 0.0000000 0.0000000 -0.0006023  0.0000768 0.0000000 0.0000000  0.0001249  0.0000800 0.0000000 0.0000000  0.0006076  0.0000231 0.0000000 0.0000000 -0.0001772  0.0003314
25 0 0.0000000       NaN  0.0013305        NaN 0.0000000       NaN -0.0073622        NaN 0.0000000       NaN  0.0085697        NaN 0.0000000       NaN  0.0100234        NaN 0.0000000       NaN  0.0010624        NaN 0.0000000       NaN -0.0020281        NaN 0.0000000       NaN -0.0009865        NaN 0.0000000       NaN  0.0005980        NaN 0.0000000       NaN -0.0004988        NaN 0.0000000       NaN -0.0009448        NaN 0.0000000       NaN -0.0003824        NaN 0.0000000       NaN -0.0011248        NaN 0.0000000       NaN -0.0013335        NaN 0.0000000       NaN  0.0038386        NaN 0.0000000       NaN  0.0092982        NaN 0.0000000       NaN  0.0009623        NaN 0.0000000       NaN  0.0006503        NaN 0.0000000       NaN -0.0010127        NaN 0.0000000       NaN  0.0018112        NaN
25 1 0.0000000 0.0000000 -0.0093758  0.0240819 0.0000000 0.0000000  0.0222221  0.0215626 0.0000000 0.0000000 -0.0048599 -0.0192564 0.0000000 0.0000000  0.0044269 -0.0015528 0.0000000 0.0000000 -0.0648607 -0.0106817 0.0000000 0.0000000 -0.0040982  0.0017296 0.0000000 0.0000000 -0.0004715  0.0063839 0.0000000 0.0000000 -0.0008825 -0.0002232 0.0000000 0.0000000 -0.0002038 -0.0009056 0.0000000 0.0000000  0.0005829  0.0005330 0.0000000 0.0000000 -0.0000479  0.0000105 0.0000000 0.0000000  0.0012305 -0.0006426 0.0000000 0.0000000  0.0039977  0.0027845 0.0000000 0.0000000 -0.0505914  0.0012512 0.0000000 0.0000000  0.0006280  0.0002883 0.0000000 0.0000000 -0.0005204  0.0011641 0.0000000 0.0000000  0.0000060  0.0000803 0.0000000 0.0000000  0.0009081 -0.0002186 0.0000000 0.0000000  0.0000835  0.0000327
25 2 0.0000000 0.0000000  0.0436961  0.2686747 0.0000000 0.0000000  0.0077793  0.0001694 0.0000000 0.0000000 -0.0159191 -0.0040747 0.0000000 0.0000000 -0.0049685 -0.0328668 0.0000000 0.0000000 -0.0001928 -0.0042309 0.0000000 0.0000000  0.0188139  0.0052302 0.0000000 0.0000000  0.0006658  0.0002876 0.0000000 0.0000000 -0.0017341  0.0003647 0.0000000 0.0000000  0.0005870 -0.0005807 0.0000000 0.0000000  0.0000430  0.0003572 0.0000000 0.0000000  0.0004676 -0.0003629 0.0000000 0.0000000  0.0000259  0.0007549 0.0000000 0.0000000 -0.0024273 -0.0122692 0.0000000 0.0000000 -0.0012037  0.0001959 0.0000000 0.0000000 -0.0066548 -0.0349094 0.0000000 0.0000000 -0.0001034 -0.0001586 0.0000000 0.0000000  0.0002358 -0.0004883 0.0000000 0.0000000 -0.0000101  0.0000308 0.0000000 0.0000000 -0.0012100 -0.0009081
25 3 0.0000000 0.0000000 -0.0115108 -0.0078670 0.0000000 0.0000000  0.0107016 -0.0094097 0.0000000 0.0000000 -0.0019132 -0.0022946 0.0000000 0.0000000  0.0196761 -0.0097270 0.0000000 0.0000000  0.0113090 -0.0022283 0.0000000 0.0000000  0.0220003 -0.0104598 0.0000000 0.0000000  0.0005588  0.0016768 0.0000000 0.0000000  0.0004502  0.0000196 0.0000000 0.0000000  0.0003565 -0.0012359 0.0000000 0.0000000 -0.0002119 -0.0007361 0.0000000 0.0000000  0.0000333 -0.0000635 0.0000000 0.0000000 -0.0000278  0.0000174 0.0000000 0.0000000 -0.0148484  0.0088393 0.0000000 0.0000000  0.0028023  0.0064473 0.0000000 0.0000000  0.0157850 -0.0070364 0.0000000 0.0000000 -0.0000790  0.0004604 0.0000000 0.0000000 -0.0000574  0.0000580 0.0000000 0.0000000  0.0000534  0.0002243 0.0000000 0.0000000  0.0000397 -0.0000209
26 0 0.0000000       NaN -0.0063604        NaN 0.0000000       NaN  0.0368524        NaN 0.0000000       NaN  0.0064618        NaN 0.0000000       NaN -0.0091962        NaN 0.0000000       NaN -0.0395603        NaN 0.0000000       NaN -0.0150200        NaN 0.0000000       NaN  0.0001673        NaN 0.0000000       NaN -0.0004186        NaN 0.0000000       NaN -0.0002914        NaN 0.0000000       NaN  0.0009572        NaN 0.0000000       NaN  0.0001229        NaN 0.0000000       NaN  0.0014133        NaN 0.0000000       NaN  0.0076114        NaN 0.0000000       NaN -0.0091405        NaN 0.0000000       NaN -0.0097363        NaN 0.0000000       NaN -0.0012818        NaN 0.0000000       NaN  0.0001692        NaN 0.0000000       NaN  0.0013042        NaN 0.0000000       NaN  0.0001292        NaN
26 1 0.0000000 0.0000000 -0.0032388  0.1258048 0.0000000 0.0000000 -0.0081055 -0.0047600 0.0000000 0.0000000 -0.0025125 -0.0288371 0.0000000 0.0000000 -0.0165989  0.0260773 0.0000000 0.0000000 -0.0031540  0.0010377 0.0000000 0.0000000 -0.0161849  0.0066387 0.0000000 0.0000000  0.0008939  0.0007803 0.0000000 0.0000000  0.0014858  0.0010452 0.0000000 0.0000000 -0.0006807 -0.0007327 0.0000000 0.0000000  0.0007079  0.0007205 0.0000000 0.0000000 -0.0027189 -0.0003513 0.0000000 0.0000000  0.0010986  0.0010909 0.0000000 0.0000000  0.0188549  0.0102708 0.0000000 0.0000000 -0.0030673  0.0008229 0.0000000 0.0000000 -0.0117959 -0.0006231 0.0000000 0.0000000 -0.0008343 -0.0005570 0.0000000 0.0000000 -0.0024846  0.0001345 0.0000000 0.0000000  0.0010185  0.0007885 0.0000000 0.0000000 -0.0019694  0.0005067
26 2 0.0000000 0.0000000 -0.0081219 -0.0002606 0.0000000 0.0000000 -0.0229396  0.0086793 0.0000000 0.0000000 -0.0073096 -0.0037148 0.0000000 0.0000000 -0.0091587 -0.0190707 0.0000000 0.0000000  0.0138303 -0.0101024 0.0000000 0.0000000 -0.0060226 -0.0206994 0.0000000 0.0000000 -0.0007689  0.0031447 0.0000000 0.0000000  0.0001902 -0.0000135 0.0000000 0.0000000  0.0009897  0.0012989 0.0000000 0.0000000  0.0005180 -0.0005792 0.0000000 0.0000000  0.0001738 -0.0002417 0.0000000 0.0000000  0.0002225 -0.0000421 0.0000000 0.0000000  0.0073373  0.0148376 0.0000000 0.0000000  0.0126603 -0.0098075 0.0000000 0.0000000 -0.0068541 -0.0165054 0.0000000 0.0000000  0.0001582 -0.0005587 0.0000000 0.0000000 -0.0000306  0.0000005 0.0000000 0.0000000 -0.0003349 -0.0012529 0.0000000 0.0000000 -0.0000602 -0.0000058
26 3 0.0000000 0.0000000  0.0325271  0.0246018 0.0000000 0.0000000  0.0013937  0.0010340 0.0000000 0.0000000 -0.0008982 -0.0499900 0.0000000 0.0000000 -0.0121558 -0.0193460 0.0000000 0.0000000  0.0015154  0.0003010 0.0000000 0.0000000  0.0072242  0.0217792 0.0000000 0.0000000 -0.0008475  0.0004591 0.0000000 0.0000000 -0.0000035 -0.0003287 0.0000000 0.0000000 -0.0001246 -0.0003993 0.0000000 0.0000000 -0.0000672 -0.0006338 0.0000000 0.0000000  0.0009489 -0.0001744 0.0000000 0.0000000 -0.0001689 -0.0003337 0.0000000 0.0000000  0.0001237  0.0046656 0.0000000 0.0000000  0.0003577  0.0006085 0.0000000 0.0000000  0.0024612  0.0135217 0.0000000 0.0000000  0.0001112  0.0006764 0.0000000 0.0000000  0.0002364  0.0001590 0.0000000 0.0000000 -0.0000956 -0.0005484 0.0000000 0.0000000  0.0002678  0.0000527
27 0 0.0000000       NaN  0.0511223        NaN 0.0000000       NaN -0.0119290        NaN 0.0000000       NaN -0.0094433        NaN 0.0000000       NaN -0.0081846        NaN 0.0000000       NaN  0.0026905        NaN 0.0000000       NaN -0.0123889        NaN 0.0000000       NaN  0.0000600        NaN 0.0000000       NaN  0.0018844        NaN 0.0000000       NaN  0.0003323        NaN 0.0000000       NaN  0.0001648        NaN 0.0000000       NaN -0.0012826        NaN 0.0000000       NaN  0.0002823        NaN 0.0000000       NaN  0.0000808        NaN 0.0000000       NaN  0.0006198        NaN 0.0000000       NaN  0.0058646        NaN 0.0000000       NaN -0.0000676        NaN 0.0000000       NaN -0.0001993        NaN 0.0000000       NaN  0.0000045        NaN 0.0000000       NaN -0.0015426        NaN
27 1 0.0000000 0.0000000  0.0164892  0.0223717 0.0000000 0.0000000  0.0088271  0.0271532 0.0000000 0.0000000 -0.0239735 -0.0106632 0.0000000 0.0000000  0.0070116 -0.0106242 0.0000000 0.0000000 -0.0475517 -0.0123416 0.0000000 0.0000000  0.0098259 -0.0074307 0.0000000 0.0000000 -0.0024213  0.0064032 0.0000000 0.0000000 -0.0005913 -0.0003989 0.0000000 0.0000000  0.0006786 -0.0006354 0.0000000 0.0000000 -0.0000710 -0.0002776 0.0000000 0.0000000  0.0000061  0.0000160 0.0000000 0.0000000 -0.0005096 -0.0010072 0.0000000 0.0000000 -0.0064354  0.0067838 0.0000000 0.0000000 -0.0431989 -0.0021552 0.0000000 0.0000000  0.0118300 -0.0052645 0.0000000 0.0000000  0.0007131  0.0009190 0.0000000 0.0000000 -0.0000987  0.0000994 0.0000000 0.0000000 -0.0003169 -0.0004883 0.0000000 0.0000000 -0.0003272  0.0000347
27 2 0.0000000 0.0000000  0.0639742  0.1655411 0.0000000 0.0000000  0.0050826 -0.0008190 0.0000000 0.0000000  0.0014365  0.0017332 0.0000000 0.0000000 -0.0168618 -0.0534111 0.0000000 0.0000000  0.0025709 -0.0062242 0.0000000 0.0000000  0.0049307  0.0121110 0.0000000 0.0000000 -0.0009664  0.0012822 0.0000000 0.0000000 -0.0030070  0.0004105 0.0000000 0.0000000 -0.0006415 -0.0008477 0.0000000 0.0000000 -0.0009086 -0.0010136 0.0000000 0.0000000  0.0011167 -0.0001549 0.0000000 0.0000000 -0.0008564 -0.0010874 0.0000000 0.0000000  0.0019743 -0.0265386 0.0000000 0.0000000  0.0004114 -0.0006455 0.0000000 0.0000000 -0.0143779 -0.0205660 0.0000000 0.0000000  0.0009015  0.0010501 0.0000000 0.0000000  0.0008048 -0.0003612 0.0000000 0.0000000 -0.0008347 -0.0011800 0.0000000 0.0000000  0.0007888 -0.0008963
27 3 0.0000000 0.0000000 -0.0088644 -0.0137433 0.0000000 0.0000000  0.0057501 -0.0068348 0.0000000 0.0000000  0.0038790  0.0060745 0.0000000 0.0000000  0.0108098 -0.0039091 0.0000000 0.0000000  0.0144198 -0.0014019 0.0000000 0.0000000  0.0067702 -0.0068799 0.0000000 0.0000000  0.0006101  0.0012642 0.0000000 0.0000000  0.0004801  0.0000180 0.0000000 0.0000000  0.0001620 -0.0012106 0.0000000 0.0000000 -0.0001977 -0.0008629 0.0000000 0.0000000 -0.0000600 -0.0000162 0.0000000 0.0000000  0.0001182 -0.0000005 0.0000000 0.0000000 -0.0049719  0.0047092 0.0000000 0.0000000  0.0028047  0.0045899 0.0000000 0.0000000  0.0052527 -0.0032799 0.0000000 0.0000000 -0.0003292  0.0004091 0.0000000 0.0000000 -0.0000809  0.0000803 0.0000000 0.0000000  0.0002686  0.0003168 0.0000000 0.0000000  0.0000550  0.0000058
28 0 0.0000000       NaN -0.0205656        NaN 0.0000000       NaN  0.0435889        NaN 0.0000000       NaN  0.0109854        NaN 0.0000000       NaN  0.0066985        NaN 0.0000000       NaN -0.0502061        NaN 0.0000000       NaN  0.0036349        NaN 0.0000000       NaN  0.0004394        NaN 0.0000000       NaN -0.0000849        NaN 0.0000000       NaN  0.0004758        NaN 0.0000000       NaN  0.0003664        NaN 0.0000000       NaN -0.0000326        NaN 0.0000000       NaN  0.0002857        NaN 0.0000000       NaN -0.0047738        NaN 0.0000000       NaN -0.0188382        NaN 0.0000000       NaN  0.0034850        NaN 0.0000000       NaN -0.0002852        NaN 0.0000000       NaN  0.0001336        NaN 0.0000000       NaN  0.0002768        NaN 0.0000000       NaN -0.0001695        NaN
28 1 0.0000000 0.0000000 -0.0907497  0.0656619 0.0000000 0.0000000 -0.0059759 -0.0039490 0.0000000 0.0000000  0.0331456  0.0030259 0.0000000 0.0000000 -0.0181444 -0.0111766 0.0000000 0.0000000 -0.0003772  0.0003564 0.0000000 0.0000000 -0.0352478 -0.0187550 0.0000000 0.0000000 -0.0007251  0.0011123 0.0000000 0.0000000  0.0000100  0.0015343 0.0000000 0.0000000 -0.0019378 -0.0008239 0.0000000 0.0000000  0.0001816 -0.0002113 0.0000000 0.0000000 -0.0022215 -0.0004814 0.0000000 0.0000000  0.0005205 -0.0001427 0.0000000 0.0000000  0.0342018  0.0072202 0.0000000 0.0000000 -0.0005753  0.0002481 0.0000000 0.0000000 -0.0312413 -0.0130377 0.0000000 0.0000000 -0.0002483  0.0002869 0.0000000 0.0000000 -0.0018921  0.0000453 0.0000000 0.0000000  0.0006281 -0.0001720 0.0000000 0.0000000  0.0024505  0.0008179
28 2 0.0000000 0.0000000 -0.0128441 -0.0021439 0.0000000 0.0000000 -0.0347366  0.0112571 0.0000000 0.0000000 -0.0005442 -0.0008563 0.0000000 0.0000000 -0.0101889 -0.0127068 0.0000000 0.0000000  0.0218964 -0.0090214 0.0000000 0.0000000 -0.0122997 -0.0131612 0.0000000 0.0000000 -0.0001118  0.0015231 0.0000000 0.0000000  0.0004357 -0.0001812 0.0000000 0.0000000  0.0001056  0.0016700 0.0000000 0.0000000  0.0010259 -0.0004178 0.0000000 0.0000000 -0.0000341 -0.0002839 0.0000000 0.0000000  0.0012898  0.0005107 0.0000000 0.0000000  0.0113179  0.0092858 0.0000000 0.0000000  0.0138985 -0.0103724 0.0000000 0.0000000 -0.0112432 -0.0115681 0.0000000 0.0000000 -0.0007081 -0.0010224 0.0000000 0.0000000 -0.0000081  0.0000582 0.0000000 0.0000000  0.0005128 -0.0006781 0.0000000 0.0000000  0.0002043  0.0000188
28 3 0.0000000 0.0000000  0.0082066  0.0363298 0.0000000 0.0000000  0.0090401 -0.0061403 0.0000000 0.0000000 -0.0116527 -0.0561093 0.0000000 0.0000000 -0.0138442 -0.0236574 0.0000000 0.0000000 -0.0042842  0.0016929 0.0000000 0.0000000  0.0141064  0.0227200 0.0000000 0.0000000  0.0005396 -0.0000219 0.0000000 0.0000000  0.0005139 -0.0003893 0.0000000 0.0000000  0.0000624 -0.0003863 0.0000000 0.0000000  0.0009713 -0.0003257 0.0000000 0.0000000  0.0007590  0.0000025 0.0000000 0.0000000  0.0010248  0.0001131 0.0000000 0.0000000 -0.0069034 -0.0010798 0.0000000 0.0000000 -0.0011060  0.0019037 0.0000000 0.0000000  0.0092073  0.0204182 0.0000000 0.0000000 -0.0007931  0.0001821 0.0000000 0.0000000  0.0001921  0.0001083 0.0000000 0.0000000  0.0008374 -0.0000398 0.0000000 0.0000000 -0.0002881  0.0001034
29 0 0.0000000       NaN -0.0509173        NaN 0.0000000       NaN -0.0121392        NaN 0.0000000       NaN  0.0155413        NaN 0.0000000       NaN  0.0057657        NaN 0.0000000       NaN  0.0047482        NaN 0.0000000       NaN -0.0059458        NaN 0.0000000       NaN -0.0009841        NaN 0.0000000       NaN  0.0011590        NaN 0.0000000       NaN -0.0006554        NaN 0.0000000       NaN -0.0001615        NaN 0.0000000       NaN -0.0018655        NaN 0.0000000       NaN -0.0002330        NaN 0.0000000       NaN  0.0026539        NaN 0.0000000       NaN  0.0042072        NaN 0.0000000       NaN -0.0005459        NaN 0.0000000       NaN  0.0002331        NaN 0.0000000       NaN -0.0005608        NaN 0.0000000       NaN -0.0000680        NaN 0.0000000       NaN  0.0019366        NaN
29 1 0.0000000 0.0000000  0.0040738  0.0183182 0.0000000 0.0000000 -0.0176896  0.0310818 0.0000000 0.0000000 -0.0202943 -0.0090092 0.0000000 0.0000000 -0.0037984 -0.0077677 0.0000000 0.0000000 -0.0235089 -0.0107122 0.0000000 0.0000000 -0.0070530 -0.0011060 0.0000000 0.0000000 -0.0011571  0.0060027 0.0000000 0.0000000 -0.0004860 -0.0003903 0.0000000 0.0000000 -0.0002407 -0.0001987 0.0000000 0.0000000  0.0007743 -0.0010640 0.0000000 0.0000000 -0.0000421  0.0001189 0.0000000 0.0000000  0.0004061 -0.0012965 0.0000000 0.0000000  0.0068938  0.0006503 0.0000000 0.0000000 -0.0294870 -0.0053078 0.0000000 0.0000000 -0.0015575 -0.0013243 0.0000000 0.0000000  0.0000003  0.0008136 0.0000000 0.0000000 -0.0001198  0.0000482 0.0000000 0.0000000  0.0005343 -0.0008494 0.0000000 0.0000000 -0.0000138  0.0001189
29 2 0.0000000 0.0000000  0.0124207  0.1581566 0.0000000 0.0000000  0.0008690 -0.0139284 0.0000000 0.0000000 -0.0152673 -0.0059504 0.0000000 0.0000000 -0.0166128 -0.0718128 0.0000000 0.0000000  0.0000744 -0.0035361 0.0000000 0.0000000  0.0187594  0.0077371 0.0000000 0.0000000  0.0014486  0.0002199 0.0000000 0.0000000 -0.0024841  0.0002713 0.0000000 0.0000000 -0.0000164 -0.0002232 0.0000000 0.0000000 -0.0001940 -0.0001106 0.0000000 0.0000000  0.0015818 -0.0001290 0.0000000 0.0000000 -0.0000044  0.0002874 0.0000000 0.0000000 -0.0115646 -0.0247133 0.0000000 0.0000000 -0.0002780  0.0014939 0.0000000 0.0000000  0.0016123 -0.0142808 0.0000000 0.0000000  0.0002359  0.0000682 0.0000000 0.0000000  0.0009164 -0.0004167 0.0000000 0.0000000 -0.0003006 -0.0002214 0.0000000 0.0000000 -0.0011673 -0.0014632
29 3 0.0000000 0.0000000 -0.0003061 -0.0015258 0.0000000 0.0000000  0.0158674 -0.0054082 0.0000000 0.0000000 -0.0023863  0.0046200 0.0000000 0.0000000  0.0108134 -0.0052198 0.0000000 0.0000000  0.0067832 -0.0005198 0.0000000 0.0000000  0.0083581 -0.0068046 0.0000000 0.0000000 -0.0000353 -0.0004967 0.0000000 0.0000000  0.0003027 -0.0002968 0.0000000 0.0000000 -0.0002326 -0.0006447 0.0000000 0.0000000 -0.0004551 -0.0004491 0.0000000 0.0000000 -0.0000443  0.0000071 0.0000000 0.0000000 -0.0000925  0.0000215 0.0000000 0.0000000 -0.0080948  0.0023531 0.0000000 0.0000000  0.0010493  0.0044444 0.0000000 0.0000000  0.0086492 -0.0012979 0.0000000 0.0000000 -0.0002169  0.0001901 0.0000000 0.0000000 -0.0001094  0.0000682 0.0000000 0.0000000  0.0002377  0.0005742 0.0000000 0.0000000 -0.0000625 -0.0000016
30 0 0.0000000       NaN -0.0340907        NaN 0.0000000       NaN  0.0310918        NaN 0.0000000       NaN  0.0085093        NaN 0.0000000       NaN  0.0058835        NaN 0.0000000       NaN -0.0507066        NaN 0.0000000       NaN  0.0000682        NaN 0.0000000       NaN  0.0023138        NaN 0.0000000       NaN -0.0001870        NaN 0.0000000       NaN -0.0010560        NaN 0.0000000       NaN  0.0004819        NaN 0.0000000       NaN -0.0001109        NaN 0.0000000       NaN  0.0009804        NaN 0.0000000       NaN -0.0003028        NaN 0.0000000       NaN -0.0228205        NaN 0.0000000       NaN  0.0003873        NaN 0.0000000       NaN -0.0005651        NaN 0.0000000       NaN  0.0000979        NaN 0.0000000       NaN  0.0007582        NaN 0.0000000       NaN  0.0001516        NaN
30 1 0.0000000 0.0000000 -0.0307822  0.1572203 0.0000000 0.0000000 -0.0099200 -0.0122145 0.0000000 0.0000000  0.0245183 -0.0039664 0.0000000 0.0000000 -0.0198169 -0.0521670 0.0000000 0.0000000  0.0004565  0.0023342 0.0000000 0.0000000 -0.0332521 -0.0368304 0.0000000 0.0000000  0.0009170  0.0010762 0.0000000 0.0000000  0.0006023  0.0014716 0.0000000 0.0000000 -0.0001979 -0.0002980 0.0000000 0.0000000  0.0012795  0.0005609 0.0000000 0.0000000 -0.0013824 -0.0005204 0.0000000 0.0000000  0.0016565  0.0010346 0.0000000 0.0000000  0.0200073  0.0116500 0.0000000 0.0000000 -0.0036821  0.0001467 0.0000000 0.0000000 -0.0204808 -0.0281618 0.0000000 0.0000000 -0.0012180 -0.0005892 0.0000000 0.0000000 -0.0017855 -0.0001012 0.0000000 0.0000000  0.0013582  0.0006379 0.0000000 0.0000000 -0.0015926 -0.0003189
30 2 0.0000000 0.0000000  0.0019654  0.0031033 0.0000000 0.0000000 -0.0275362  0.0066950 0.0000000 0.0000000  0.0010221 -0.0068951 0.0000000 0.0000000 -0.0119276 -0.0164020 0.0000000 0.0000000  0.0258452 -0.0073874 0.0000000 0.0000000 -0.0162706 -0.0186362 0.0000000 0.0000000 -0.0011047 -0.0014086 0.0000000 0.0000000  0.0001809 -0.0001157 0.0000000 0.0000000  0.0007472  0.0015501 0.0000000 0.0000000  0.0008705 -0.0001337 0.0000000 0.0000000  0.0001918 -0.0001974 0.0000000 0.0000000  0.0007246  0.0007949 0.0000000 0.0000000  0.0105021  0.0098296 0.0000000 0.0000000  0.0132954 -0.0071552 0.0000000 0.0000000 -0.0114197 -0.0117929 0.0000000 0.0000000 -0.0004018 -0.0011056 0.0000000 0.0000000 -0.0000278  0.0000040 0.0000000 0.0000000  0.0002071 -0.0003281 0.0000000 0.0000000 -0.0000805 -0.0000343
30 3 0.0000000 0.0000000  0.0128417 -0.0458365 0.0000000 0.0000000  0.0127683 -0.0121200 0.0000000 0.0000000 -0.0050393 -0.0256518 0.0000000 0.0000000 -0.0210993 -0.0224483 0.0000000 0.0000000 -0.0025857  0.0050418 0.0000000 0.0000000 -0.0048408  0.0066132 0.0000000 0.0000000 -0.0003818  0.0012465 0.0000000 0.0000000  0.0005842 -0.0006710 0.0000000 0.0000000  0.0003379 -0.0010272 0.0000000 0.0000000 -0.0003674 -0.0008307 0.0000000 0.0000000  0.0006461  0.0002555 0.0000000 0.0000000 -0.0007517 -0.0004730 0.0000000 0.0000000  0.0021323  0.0009240 0.0000000 0.0000000 -0.0030231  0.0008630 0.0000000 0.0000000  0.0000174  0.0186125 0.0000000 0.0000000  0.0003152  0.0004277 0.0000000 0.0000000  0.0001971  0.0002381 0.0000000 0.0000000 -0.0003590 -0.0002653 0.0000000 0.0000000  0.0003128 -0.0000441
31 0 0.0000000       NaN  0.0218441        NaN 0.0000000       NaN -0.0092311        NaN 0.0000000       NaN -0.0018019        NaN 0.0000000       NaN -0.0014358        NaN 0.0000000       NaN -0.0003191        NaN 0.0000000       NaN -0.0016267        NaN 0.0000000       NaN -0.0003406        NaN 0.0000000       NaN  0.0019164        NaN 0.0000000       NaN  0.0007750        NaN 0.0000000       NaN  0.0001515        NaN 0.0000000       NaN -0.0021214        NaN 0.0000000       NaN -0.0003520        NaN 0.0000000       NaN -0.0037686        NaN 0.0000000       NaN  0.0005964        NaN 0.0000000       NaN  0.0022850        NaN 0.0000000       NaN  0.0001367        NaN 0.0000000       NaN -0.0011674        NaN 0.0000000       NaN -0.0000638        NaN 0.0000000       NaN -0.0012252        NaN
31 1 0.0000000 0.0000000  0.0189042  0.0169716 0.0000000 0.0000000 -0.0229702  0.0316305 0.0000000 0.0000000 -0.0300950 -0.0077500 0.0000000 0.0000000 -0.0098380 -0.0144995 0.0000000 0.0000000 -0.0033705 -0.0102169 0.0000000 0.0000000 -0.0047041 -0.0115038 0.0000000 0.0000000 -0.0012125  0.0045933 0.0000000 0.0000000 -0.0002203 -0.0006721 0.0000000 0.0000000  0.0010583  0.0000411 0.0000000 0.0000000  0.0002299 -0.0011523 0.0000000 0.0000000 -0.0000713  0.0001083 0.0000000 0.0000000 -0.0008564 -0.0006564 0.0000000 0.0000000  0.0065456  0.0036953 0.0000000 0.0000000 -0.0185216 -0.0068333 0.0000000 0.0000000 -0.0031034 -0.0055227 0.0000000 0.0000000  0.0009196  0.0002422 0.0000000 0.0000000 -0.0001725  0.0001117 0.0000000 0.0000000 -0.0005948 -0.0007069 0.0000000 0.0000000 -0.0003238  0.0000228
31 2 0.0000000 0.0000000  0.0130604  0.0070640 0.0000000 0.0000000  0.0067234 -0.0117752 0.0000000 0.0000000  0.0071588  0.0190419 0.0000000 0.0000000 -0.0211623 -0.0696354 0.0000000 0.0000000  0.0022577 -0.0016457 0.0000000 0.0000000 -0.0028133 -0.0169294 0.0000000 0.0000000 -0.0002281  0.0005906 0.0000000 0.0000000 -0.0031060 -0.0002284 0.0000000 0.0000000 -0.0002717 -0.0000660 0.0000000 0.0000000 -0.0013579 -0.0015170 0.0000000 0.0000000  0.0018850  0.0000836 0.0000000 0.0000000 -0.0014286 -0.0017839 0.0000000 0.0000000  0.0027522 -0.0119147 0.0000000 0.0000000 -0.0005955  0.0008001 0.0000000 0.0000000 -0.0125283 -0.0166091 0.0000000 0.0000000  0.0012829  0.0011552 0.0000000 0.0000000  0.0013405 -0.0002098 0.0000000 0.0000000 -0.0012969 -0.0013362 0.0000000 0.0000000  0.0007932 -0.0011589
31 3 0.0000000 0.0000000  0.0084129 -0.0108604 0.0000000 0.0000000  0.0110839  0.0005140 0.0000000 0.0000000 -0.0072704  0.0147911 0.0000000 0.0000000  0.0012417  0.0030538 0.0000000 0.0000000  0.0045768 -0.0011306 0.0000000 0.0000000  0.0040615 -0.0016168 0.0000000 0.0000000 -0.0003167 -0.0015316 0.0000000 0.0000000  0.0006520 -0.0002029 0.0000000 0.0000000 -0.0003956 -0.0005204 0.0000000 0.0000000 -0.0003074  0.0002552 0.0000000 0.0000000 -0.0002056 -0.0000324 0.0000000 0.0000000  0.0000699  0.0007235 0.0000000 0.0000000 -0.0022396 -0.0034524 0.0000000 0.0000000  0.0000585  0.0032816 0.0000000 0.0000000  0.0019206  0.0035755 0.0000000 0.0000000 -0.0005117 -0.0003315 0.0000000 0.0000000 -0.0001845  0.0000676 0.0000000 0.0000000  0.0005856  0.0012746 0.0000000 0.0000000  0.0000138  0.0000633
32 0 0.0000000       NaN  0.0071831        NaN 0.0000000       NaN  0.0315339        NaN 0.0000000       NaN -0.0068147        NaN 0.0000000       NaN -0.0011746        NaN 0.0000000       NaN -0.0478398        NaN 0.0000000       NaN -0.0040670        NaN 0.0000000       NaN  0.0014343        NaN 0.0000000       NaN -0.0003543        NaN 0.0000000       NaN  0.0003373        NaN 0.0000000       NaN -0.0004400        NaN 0.0000000       NaN -0.0001837        NaN 0.0000000       NaN -0.0001558        NaN 0.0000000       NaN  0.0010578        NaN 0.0000000       NaN -0.0286097        NaN 0.0000000       NaN -0.0003273        NaN 0.0000000       NaN  0.0002592        NaN 0.0000000       NaN  0.0001615        NaN 0.0000000       NaN -0.0003528        NaN 0.0000000       NaN -0.0000973        NaN
32 1 0.0000000 0.0000000 -0.0439444  0.0853714 0.0000000 0.0000000 -0.0051324 -0.0107486 0.0000000 0.0000000  0.0378737  0.0188335 0.0000000 0.0000000 -0.0156966 -0.0599757 0.0000000 0.0000000  0.0042444  0.0038878 0.0000000 0.0000000 -0.0351366 -0.0390767 0.0000000 0.0000000 -0.0002277  0.0006604 0.0000000 0.0000000 -0.0010327  0.0008511 0.0000000 0.0000000 -0.0014148  0.0001268 0.0000000 0.0000000  0.0005276 -0.0006542 0.0000000 0.0000000 -0.0005387 -0.0003490 0.0000000 0.0000000  0.0010710 -0.0009927 0.0000000 0.0000000  0.0261197  0.0060167 0.0000000 0.0000000 -0.0012394 -0.0001808 0.0000000 0.0000000 -0.0295561 -0.0303729 0.0000000 0.0000000 -0.0006927  0.0005427 0.0000000 0.0000000 -0.0010541 -0.0000964 0.0000000 0.0000000  0.0009190 -0.0005912 0.0000000 0.0000000  0.0020887 -0.0001123
32 2 0.0000000 0.0000000  0.0075298 -0.0047100 0.0000000 0.0000000 -0.0373815  0.0022390 0.0000000 0.0000000 -0.0005874  0.0142525 0.0000000 0.0000000 -0.0193741  0.0059434 0.0000000 0.0000000  0.0313829 -0.0033417 0.0000000 0.0000000 -0.0234775  0.0015613 0.0000000 0.0000000 -0.0011727 -0.0034365 0.0000000 0.0000000  0.0003382  0.0000636 0.0000000 0.0000000  0.0010660  0.0014397 0.0000000 0.0000000  0.0010713 -0.0006099 0.0000000 0.0000000 -0.0000377 -0.0001872 0.0000000 0.0000000  0.0006479 -0.0001156 0.0000000 0.0000000  0.0168479 -0.0054757 0.0000000 0.0000000  0.0170976 -0.0053377 0.0000000 0.0000000 -0.0177737  0.0024546 0.0000000 0.0000000 -0.0004698 -0.0001989 0.0000000 0.0000000 -0.0000095  0.0000237 0.0000000 0.0000000  0.0002987 -0.0008714 0.0000000 0.0000000  0.0000876 -0.0000472
32 3 0.0000000 0.0000000 -0.0262484 -0.0758068 0.0000000 0.0000000  0.0074040 -0.0105495 0.0000000 0.0000000 -0.0013228 -0.0060555 0.0000000 0.0000000 -0.0052631 -0.0043022 0.0000000 0.0000000 -0.0028252  0.0025274 0.0000000 0.0000000  0.0005141  0.0068704 0.0000000 0.0000000  0.0007697  0.0003421 0.0000000 0.0000000  0.0016410 -0.0005659 0.0000000 0.0000000  0.0002270 -0.0004165 0.0000000 0.0000000  0.0006499  0.0002612 0.0000000 0.0000000  0.0001090  0.0002065 0.0000000 0.0000000  0.0007437  0.0007868 0.0000000 0.0000000 -0.0089053 -0.0017823 0.0000000 0.0000000 -0.0025285  0.0010580 0.0000000 0.0000000  0.0118552  0.0246481 0.0000000 0.0000000 -0.0005478 -0.0004711 0.0000000 0.0000000 -0.0000491  0.0002760 0.0000000 0.0000000  0.0005319  0.0006078 0.0000000 0.0000000 -0.0002286  0.0002106
33 0 0.0000000       NaN -0.0286542        NaN 0.0000000       NaN -0.0077224        NaN 0.0000000       NaN  0.0078267        NaN 0.0000000       NaN  0.0155643        NaN 0.0000000       NaN  0.0002695        NaN 0.0000000       NaN  0.0190829        NaN 0.0000000       NaN -0.0006017        NaN 0.0000000       NaN  0.0008556        NaN 0.0000000       NaN -0.0005028        NaN 0.0000000       NaN -0.0002374        NaN 0.0000000       NaN -0.0020566        NaN 0.0000000       NaN -0.0007520        NaN 0.0000000       NaN -0.0094670        NaN 0.0000000       NaN  0.0022030        NaN 0.0000000       NaN  0.0079075        NaN 0.0000000       NaN  0.0003997        NaN 0.0000000       NaN -0.0013279        NaN 0.0000000       NaN -0.0001769        NaN 0.0000000       NaN  0.0015847        NaN
33 1 0.0000000 0.0000000  0.0107333 -0.0023587 0.0000000 0.0000000 -0.0469280  0.0303790 0.0000000 0.0000000 -0.0196254  0.0104545 0.0000000 0.0000000  0.0082281 -0.0033442 0.0000000 0.0000000  0.0208609 -0.0099444 0.0000000 0.0000000  0.0152957 -0.0024901 0.0000000 0.0000000  0.0007051  0.0026704 0.0000000 0.0000000 -0.0003506 -0.0006498 0.0000000 0.0000000  0.0002517  0.0005750 0.0000000 0.0000000  0.0008897 -0.0018465 0.0000000 0.0000000  0.0000253  0.0002810 0.0000000 0.0000000  0.0001154 -0.0015302 0.0000000 0.0000000 -0.0031283 -0.0045773 0.0000000 0.0000000 -0.0024963 -0.0083043 0.0000000 0.0000000  0.0076438  0.0014188 0.0000000 0.0000000  0.0001035  0.0007173 0.0000000 0.0000000 -0.0001794  0.0000948 0.0000000 0.0000000  0.0001924 -0.0014459 0.0000000 0.0000000 -0.0000815  0.0001480
33 2 0.0000000 0.0000000 -0.0493599 -0.0440764 0.0000000 0.0000000 -0.0059020 -0.0119459 0.0000000 0.0000000  0.0175735  0.0152445 0.0000000 0.0000000 -0.0068557 -0.0547049 0.0000000 0.0000000  0.0014869 -0.0009487 0.0000000 0.0000000 -0.0049713 -0.0251156 0.0000000 0.0000000  0.0014878 -0.0005485 0.0000000 0.0000000 -0.0015496 -0.0002198 0.0000000 0.0000000  0.0002554  0.0006165 0.0000000 0.0000000 -0.0005741  0.0001230 0.0000000 0.0000000  0.0018828 -0.0001265 0.0000000 0.0000000 -0.0006650  0.0004106 0.0000000 0.0000000  0.0005581  0.0063458 0.0000000 0.0000000  0.0008204  0.0017264 0.0000000 0.0000000 -0.0054439 -0.0193038 0.0000000 0.0000000  0.0004454 -0.0002933 0.0000000 0.0000000  0.0011261 -0.0002032 0.0000000 0.0000000 -0.0005292  0.0001079 0.0000000 0.0000000 -0.0010121 -0.0009475
33 3 0.0000000 0.0000000  0.0172214  0.0062614 0.0000000 0.0000000  0.0244481 -0.0006772 0.0000000 0.0000000 -0.0169223 -0.0107347 0.0000000 0.0000000 -0.0015580  0.0023643 0.0000000 0.0000000 -0.0047845  0.0018747 0.0000000 0.0000000  0.0051276  0.0078338 0.0000000 0.0000000 -0.0004543 -0.0028866 0.0000000 0.0000000  0.0003977 -0.0007912 0.0000000 0.0000000 -0.0010138  0.0002648 0.0000000 0.0000000 -0.0005503  0.0014433 0.0000000 0.0000000 -0.0002068  0.0000890 0.0000000 0.0000000 -0.0002405  0.0015274 0.0000000 0.0000000 -0.0049213 -0.0067928 0.0000000 0.0000000 -0.0037906  0.0046358 0.0000000 0.0000000  0.0050083  0.0084451 0.0000000 0.0000000 -0.0002415 -0.0009751 0.0000000 0.0000000 -0.0001168  0.0000955 0.0000000 0.0000000  0.0003844  0.0019548 0.0000000 0.0000000 -0.0000577  0.0000453
34 0 0.0000000       NaN -0.0316739        NaN 0.0000000       NaN  0.0030369        NaN 0.0000000       NaN  0.0005142        NaN 0.0000000       NaN  0.0174880        NaN 0.0000000       NaN -0.0325080        NaN 0.0000000       NaN  0.0122299        NaN 0.0000000       NaN  0.0012561        NaN 0.0000000       NaN -0.0008085        NaN 0.0000000       NaN  0.0001598        NaN 0.0000000       NaN  0.0011452        NaN 0.0000000       NaN  0.0000879        NaN 0.0000000       NaN  0.0017807        NaN 0.0000000       NaN -0.0083538        NaN 0.0000000       NaN -0.0262989        NaN 0.0000000       NaN  0.0118101        NaN 0.0000000       NaN -0.0009885        NaN 0.0000000       NaN  0.0000758        NaN 0.0000000       NaN  0.0010415        NaN 0.0000000       NaN  0.0001944        NaN
34 1 0.0000000 0.0000000  0.0027528  0.1210279 0.0000000 0.0000000 -0.0003416 -0.0170477 0.0000000 0.0000000  0.0089120  0.0009885 0.0000000 0.0000000 -0.0115108 -0.0695320 0.0000000 0.0000000  0.0020322  0.0064337 0.0000000 0.0000000 -0.0147122 -0.0399256 0.0000000 0.0000000  0.0006905  0.0003333 0.0000000 0.0000000 -0.0007927  0.0009322 0.0000000 0.0000000 -0.0000094  0.0006121 0.0000000 0.0000000  0.0006353  0.0002466 0.0000000 0.0000000  0.0003411 -0.0004541 0.0000000 0.0000000  0.0007135  0.0003881 0.0000000 0.0000000  0.0116154  0.0096642 0.0000000 0.0000000 -0.0044594  0.0003542 0.0000000 0.0000000 -0.0157440 -0.0357671 0.0000000 0.0000000 -0.0006721 -0.0002491 0.0000000 0.0000000 -0.0007731 -0.0002363 0.0000000 0.0000000  0.0007080  0.0001225 0.0000000 0.0000000 -0.0015752 -0.0007734
34 2 0.0000000 0.0000000  0.0053268  0.0003173 0.0000000 0.0000000 -0.0229352 -0.0109052 0.0000000 0.0000000  0.0069395 -0.0093397 0.0000000 0.0000000 -0.0165972 -0.0006238 0.0000000 0.0000000  0.0289228  0.0017774 0.0000000 0.0000000 -0.0243210  0.0024790 0.0000000 0.0000000 -0.0006412 -0.0053097 0.0000000 0.0000000  0.0004650  0.0003784 0.0000000 0.0000000  0.0004104  0.0015179 0.0000000 0.0000000 -0.0004862  0.0006259 0.0000000 0.0000000 -0.0001945 -0.0003038 0.0000000 0.0000000 -0.0008803  0.0008499 0.0000000 0.0000000  0.0120675  0.0004404 0.0000000 0.0000000  0.0156410  0.0003363 0.0000000 0.0000000 -0.0133139 -0.0011943 0.0000000 0.0000000  0.0005567 -0.0005853 0.0000000 0.0000000  0.0000355 -0.0000635 0.0000000 0.0000000 -0.0007322 -0.0000335 0.0000000 0.0000000 -0.0000714 -0.0001087
34 3 0.0000000 0.0000000 -0.0309947 -0.1498389 0.0000000 0.0000000  0.0105333 -0.0101538 0.0000000 0.0000000  0.0034666  0.0213612 0.0000000 0.0000000 -0.0030105  0.0128527 0.0000000 0.0000000 -0.0035786  0.0049523 0.0000000 0.0000000 -0.0191039 -0.0048910 0.0000000 0.0000000  0.0001172  0.0005024 0.0000000 0.0000000  0.0011465 -0.0003333 0.0000000 0.0000000 -0.0000553 -0.0000916 0.0000000 0.0000000 -0.0006109 -0.0005021 0.0000000 0.0000000 -0.0002648  0.0003604 0.0000000 0.0000000 -0.0004876 -0.0006201 0.0000000 0.0000000  0.0016783  0.0029988 0.0000000 0.0000000 -0.0026671 -0.0004912 0.0000000 0.0000000  0.0031124  0.0210049 0.0000000 0.0000000  0.0003558  0.0001584 0.0000000 0.0000000  0.0000024  0.0002641 0.0000000 0.0000000 -0.0003740 -0.0000447 0.0000000 0.0000000  0.0004235  0.0003228
35 0 0.0000000       NaN -0.0073126        NaN 0.0000000       NaN -0.0032844        NaN 0.0000000       NaN  0.0119767        NaN 0.0000000       NaN  0.0052971        NaN 0.0000000       NaN -0.0019763        NaN 0.0000000       NaN  0.0108138        NaN 0.0000000       NaN -0.0000965        NaN 0.0000000       NaN  0.0007320        NaN 0.0000000       NaN  0.0005892        NaN 0.0000000       NaN  0.0004716        NaN 0.0000000       NaN -0.0016228        NaN 0.0000000       NaN -0.0001251        NaN 0.0000000       NaN -0.0033768        NaN 0.0000000       NaN -0.0014059        NaN 0.0000000       NaN  0.0015704        NaN 0.0000000       NaN -0.0002910        NaN 0.0000000       NaN -0.0015372        NaN 0.0000000       NaN  0.0003635        NaN 0.0000000       NaN -0.0011192        NaN
35 1 0.0000000 0.0000000  0.0219541 -0.0063422 0.0000000 0.0000000 -0.0397731  0.0141925 0.0000000 0.0000000 -0.0286441  0.0094048 0.0000000 0.0000000 -0.0036404 -0.0140434 0.0000000 0.0000000  0.0302930 -0.0063353 0.0000000 0.0000000  0.0078484 -0.0148787 0.0000000 0.0000000  0.0009161  0.0011949 0.0000000 0.0000000  0.0003341 -0.0002091 0.0000000 0.0000000  0.0003352  0.0007591 0.0000000 0.0000000 -0.0004745 -0.0013069 0.0000000 0.0000000 -0.0000962  0.0001611 0.0000000 0.0000000 -0.0010738 -0.0007478 0.0000000 0.0000000  0.0002857  0.0073087 0.0000000 0.0000000  0.0056507 -0.0060806 0.0000000 0.0000000  0.0021307 -0.0116241 0.0000000 0.0000000  0.0008595 -0.0000241 0.0000000 0.0000000 -0.0002263  0.0000561 0.0000000 0.0000000 -0.0007815 -0.0008345 0.0000000 0.0000000 -0.0001923  0.0000346
35 2 0.0000000 0.0000000 -0.0418320 -0.1795909 0.0000000 0.0000000 -0.0000289 -0.0021749 0.0000000 0.0000000  0.0259389  0.0590006 0.0000000 0.0000000  0.0046561  0.0124309 0.0000000 0.0000000 -0.0024069 -0.0043100 0.0000000 0.0000000 -0.0058041 -0.0033905 0.0000000 0.0000000 -0.0005201 -0.0001882 0.0000000 0.0000000 -0.0012025 -0.0003955 0.0000000 0.0000000  0.0005458  0.0006780 0.0000000 0.0000000 -0.0007427 -0.0013416 0.0000000 0.0000000  0.0015078  0.0001329 0.0000000 0.0000000 -0.0012675 -0.0017927 0.0000000 0.0000000  0.0034070  0.0007148 0.0000000 0.0000000  0.0031029  0.0012766 0.0000000 0.0000000 -0.0058157  0.0003790 0.0000000 0.0000000  0.0006998  0.0007924 0.0000000 0.0000000  0.0011350 -0.0001642 0.0000000 0.0000000 -0.0007190 -0.0010455 0.0000000 0.0000000  0.0008963 -0.0003495
35 3 0.0000000 0.0000000  0.0126352 -0.0010841 0.0000000 0.0000000  0.0176901  0.0002453 0.0000000 0.0000000 -0.0143440  0.0100106 0.0000000 0.0000000 -0.0137427  0.0279894 0.0000000 0.0000000 -0.0070274  0.0047211 0.0000000 0.0000000 -0.0086797  0.0285924 0.0000000 0.0000000 -0.0011077 -0.0027028 0.0000000 0.0000000  0.0004915 -0.0004318 0.0000000 0.0000000  0.0000765 -0.0002405 0.0000000 0.0000000  0.0003460  0.0012690 0.0000000 0.0000000 -0.0002197  0.0000866 0.0000000 0.0000000  0.0001458  0.0012046 0.0000000 0.0000000  0.0058546 -0.0251645 0.0000000 0.0000000 -0.0037949  0.0033935 0.0000000 0.0000000 -0.0059156  0.0269457 0.0000000 0.0000000 -0.0005649 -0.0005440 0.0000000 0.0000000 -0.0001585  0.0000156 0.0000000 0.0000000  0.0007453  0.0016109 0.0000000 0.0000000  0.0000246 -0.0000002
36 0 0.0000000       NaN  0.0000946        NaN 0.0000000       NaN -0.0035853        NaN 0.0000000       NaN -0.0095696        NaN 0.0000000       NaN  0.0108929        NaN 0.0000000       NaN -0.0223916        NaN 0.0000000       NaN  0.0082616        NaN 0.0000000       NaN -0.0008113        NaN 0.0000000       NaN -0.0003135        NaN 0.0000000       NaN  0.0012620        NaN 0.0000000       NaN -0.0000442        NaN 0.0000000       NaN -0.0001585        NaN 0.0000000       NaN -0.0002451        NaN 0.0000000       NaN -0.0087360        NaN 0.0000000       NaN -0.0263979        NaN 0.0000000       NaN  0.0129146        NaN 0.0000000       NaN  0.0004076        NaN 0.0000000       NaN  0.0000340        NaN 0.0000000       NaN -0.0003698        NaN 0.0000000       NaN -0.0000520        NaN
36 1 0.0000000 0.0000000  0.0026306  0.0277584 0.0000000 0.0000000  0.0068904 -0.0043465 0.0000000 0.0000000  0.0063671  0.0267744 0.0000000 0.0000000 -0.0020094 -0.0330063 0.0000000 0.0000000  0.0003232  0.0058245 0.0000000 0.0000000  0.0006484 -0.0115939 0.0000000 0.0000000 -0.0004015 -0.0003961 0.0000000 0.0000000 -0.0019522  0.0000615 0.0000000 0.0000000 -0.0003472  0.0010954 0.0000000 0.0000000  0.0000282 -0.0010479 0.0000000 0.0000000  0.0009530 -0.0001406 0.0000000 0.0000000  0.0000812 -0.0018903 0.0000000 0.0000000  0.0076818 -0.0084876 0.0000000 0.0000000 -0.0021293 -0.0011830 0.0000000 0.0000000 -0.0132062 -0.0154226 0.0000000 0.0000000 -0.0000733  0.0010039 0.0000000 0.0000000 -0.0001000 -0.0001150 0.0000000 0.0000000  0.0001483 -0.0012346 0.0000000 0.0000000  0.0013986 -0.0004037
36 2 0.0000000 0.0000000  0.0001828 -0.0038512 0.0000000 0.0000000 -0.0228748 -0.0215662 0.0000000 0.0000000  0.0045685  0.0065700 0.0000000 0.0000000 -0.0201030  0.0250851 0.0000000 0.0000000  0.0291749  0.0072878 0.0000000 0.0000000 -0.0290302  0.0263525 0.0000000 0.0000000  0.0004586 -0.0049298 0.0000000 0.0000000 -0.0002243  0.0004012 0.0000000 0.0000000 -0.0001896  0.0007203 0.0000000 0.0000000 -0.0005322 -0.0003241 0.0000000 0.0000000 -0.0000634 -0.0003556 0.0000000 0.0000000 -0.0005297 -0.0004836 0.0000000 0.0000000  0.0171640 -0.0202987 0.0000000 0.0000000  0.0162581  0.0023739 0.0000000 0.0000000 -0.0180628  0.0205810 0.0000000 0.0000000  0.0003647  0.0007466 0.0000000 0.0000000  0.0001860 -0.0000857 0.0000000 0.0000000 -0.0005460 -0.0010121 0.0000000 0.0000000  0.0001214 -0.0001034
36 3 0.0000000 0.0000000 -0.0402900 -0.1191910 0.0000000 0.0000000  0.0159583 -0.0129371 0.0000000 0.0000000 -0.0049227  0.0163048 0.0000000 0.0000000  0.0120325  0.0165796 0.0000000 0.0000000 -0.0054120  0.0069866 0.0000000 0.0000000 -0.0079956 -0.0162625 0.0000000 0.0000000  0.0009497 -0.0005775 0.0000000 0.0000000  0.0015629 -0.0002744 0.0000000 0.0000000 -0.0003698  0.0006730 0.0000000 0.0000000  0.0001789  0.0007101 0.0000000 0.0000000 -0.0006996  0.0001387 0.0000000 0.0000000  0.0004070  0.0006552 0.0000000 0.0000000 -0.0033804  0.0111001 0.0000000 0.0000000 -0.0036338  0.0003542 0.0000000 0.0000000  0.0097137  0.0126505 0.0000000 0.0000000 -0.0003826 -0.0006312 0.0000000 0.0000000 -0.0001995  0.0003305 0.0000000 0.0000000  0.0003828  0.0007201 0.0000000 0.0000000 -0.0001483  0.0006403
37 0 0.0000000       NaN -0.0487606        NaN 0.0000000       NaN  0.0005108        NaN 0.0000000       NaN  0.0082308        NaN 0.0000000       NaN -0.0018489        NaN 0.0000000       NaN -0.0052089        NaN 0.0000000       NaN  0.0008580        NaN 0.0000000       NaN -0.0004556        NaN 0.0000000       NaN -0.0004949        NaN 0.0000000       NaN -0.0007507        NaN 0.0000000       NaN -0.0001360        NaN 0.0000000       NaN -0.0012045        NaN 0.0000000       NaN -0.0005588        NaN 0.0000000       NaN  0.0118463        NaN 0.0000000       NaN  0.0009544        NaN 0.0000000       NaN -0.0112187        NaN 0.0000000       NaN  0.0000933        NaN 0.0000000       NaN -0.0012935        NaN 0.0000000       NaN  0.0001336        NaN 0.0000000       NaN  0.0012960        NaN
37 1 0.0000000 0.0000000  0.0039302 -0.0081908 0.0000000 0.0000000 -0.0440523  0.0004822 0.0000000 0.0000000 -0.0251180  0.0181894 0.0000000 0.0000000 -0.0149226  0.0120808 0.0000000 0.0000000  0.0358719 -0.0040951 0.0000000 0.0000000 -0.0085329  0.0114739 0.0000000 0.0000000  0.0020624 -0.0003081 0.0000000 0.0000000  0.0000410 -0.0004583 0.0000000 0.0000000 -0.0008614  0.0012753 0.0000000 0.0000000 -0.0001494 -0.0009595 0.0000000 0.0000000  0.0001170  0.0001907 0.0000000 0.0000000  0.0001649 -0.0004501 0.0000000 0.0000000  0.0148757 -0.0154347 0.0000000 0.0000000  0.0144067 -0.0036788 0.0000000 0.0000000 -0.0121102  0.0126364 0.0000000 0.0000000  0.0000107 -0.0000279 0.0000000 0.0000000 -0.0002475  0.0000566 0.0000000 0.0000000 -0.0000548 -0.0008448 0.0000000 0.0000000  0.0001882  0.0000669
37 2 0.0000000 0.0000000 -0.0384089 -0.1618598 0.0000000 0.0000000  0.0006009 -0.0084125 0.0000000 0.0000000  0.0077221  0.0386021 0.0000000 0.0000000  0.0223777  0.0212015 0.0000000 0.0000000 -0.0026759 -0.0001504 0.0000000 0.0000000  0.0145238 -0.0182298 0.0000000 0.0000000  0.0007904 -0.0006966 0.0000000 0.0000000  0.0007540 -0.0004268 0.0000000 0.0000000  0.0009348  0.0007994 0.0000000 0.0000000 -0.0000294 -0.0007506 0.0000000 0.0000000  0.0010607 -0.0000399 0.0000000 0.0000000 -0.0006702 -0.0009605 0.0000000 0.0000000 -0.0094003  0.0220697 0.0000000 0.0000000  0.0024135  0.0023083 0.0000000 0.0000000  0.0128123 -0.0101747 0.0000000 0.0000000  0.0000189  0.0003850 0.0000000 0.0000000  0.0007225 -0.0001489 0.0000000 0.0000000 -0.0001259 -0.0005762 0.0000000 0.0000000 -0.0008466  0.0001171
37 3 0.0000000 0.0000000  0.0079230 -0.0023794 0.0000000 0.0000000  0.0174761  0.0068131 0.0000000 0.0000000 -0.0081280  0.0039296 0.0000000 0.0000000  0.0015561  0.0056457 0.0000000 0.0000000 -0.0126613  0.0016081 0.0000000 0.0000000  0.0065620  0.0051356 0.0000000 0.0000000 -0.0007781 -0.0026001 0.0000000 0.0000000  0.0002653 -0.0006377 0.0000000 0.0000000 -0.0005343  0.0002238 0.0000000 0.0000000 -0.0001696  0.0025070 0.0000000 0.0000000 -0.0002070  0.0003134 0.0000000 0.0000000 -0.0004382  0.0022655 0.0000000 0.0000000 -0.0067339 -0.0031316 0.0000000 0.0000000 -0.0039586  0.0032499 0.0000000 0.0000000  0.0070695  0.0033414 0.0000000 0.0000000  0.0000729 -0.0014184 0.0000000 0.0000000 -0.0001045  0.0000434 0.0000000 0.0000000  0.0001714  0.0024895 0.0000000 0.0000000 -0.0000454  0.0000251
38 0 0.0000000       NaN -0.0113617        NaN 0.0000000       NaN -0.0283076        NaN 0.0000000       NaN -0.0172637        NaN 0.0000000       NaN  0.0144983        NaN 0.0000000       NaN -0.0067951        NaN 0.0000000       NaN  0.0160468        NaN 0.0000000       NaN -0.0002171        NaN 0.0000000       NaN -0.0009097        NaN 0.0000000       NaN -0.0000033        NaN 0.0000000       NaN  0.0004366        NaN 0.0000000       NaN  0.0000700        NaN 0.0000000       NaN  0.0008113        NaN 0.0000000       NaN -0.0107879        NaN 0.0000000       NaN -0.0193401        NaN 0.0000000       NaN  0.0162833        NaN 0.0000000       NaN -0.0001597        NaN 0.0000000       NaN  0.0000395        NaN 0.0000000       NaN  0.0003585        NaN 0.0000000       NaN  0.0002694        NaN
38 1 0.0000000 0.0000000  0.0324003  0.0519094 0.0000000 0.0000000  0.0045702 -0.0141742 0.0000000 0.0000000 -0.0104197  0.0099223 0.0000000 0.0000000  0.0134145 -0.0244701 0.0000000 0.0000000 -0.0000920  0.0088930 0.0000000 0.0000000  0.0299222  0.0027681 0.0000000 0.0000000  0.0005146 -0.0008555 0.0000000 0.0000000 -0.0010248 -0.0004125 0.0000000 0.0000000  0.0007117  0.0017589 0.0000000 0.0000000  0.0003328 -0.0004606 0.0000000 0.0000000  0.0012383 -0.0000078 0.0000000 0.0000000  0.0001789 -0.0012643 0.0000000 0.0000000 -0.0172099 -0.0114418 0.0000000 0.0000000 -0.0038518 -0.0001302 0.0000000 0.0000000  0.0140214 -0.0078661 0.0000000 0.0000000 -0.0002324  0.0006104 0.0000000 0.0000000  0.0001337 -0.0000980 0.0000000 0.0000000  0.0000892 -0.0008364 0.0000000 0.0000000 -0.0015393 -0.0006806
38 2 0.0000000 0.0000000  0.0035068  0.0027625 0.0000000 0.0000000 -0.0011311 -0.0097169 0.0000000 0.0000000  0.0073644 -0.0060834 0.0000000 0.0000000 -0.0137792  0.0009567 0.0000000 0.0000000  0.0191215  0.0040384 0.0000000 0.0000000 -0.0232259  0.0057694 0.0000000 0.0000000  0.0001470 -0.0047338 0.0000000 0.0000000 -0.0002530 -0.0001152 0.0000000 0.0000000  0.0001029  0.0005310 0.0000000 0.0000000 -0.0012562  0.0003265 0.0000000 0.0000000 -0.0001869 -0.0002414 0.0000000 0.0000000 -0.0013658 -0.0000864 0.0000000 0.0000000  0.0110805  0.0003863 0.0000000 0.0000000  0.0138589  0.0026172 0.0000000 0.0000000 -0.0124566 -0.0007113 0.0000000 0.0000000  0.0009425  0.0005521 0.0000000 0.0000000  0.0002386  0.0000404 0.0000000 0.0000000 -0.0011740 -0.0004802 0.0000000 0.0000000 -0.0001264 -0.0001273
38 3 0.0000000 0.0000000 -0.0298933 -0.1241641 0.0000000 0.0000000  0.0080540 -0.0024002 0.0000000 0.0000000  0.0115702  0.0181221 0.0000000 0.0000000 -0.0088281  0.0348010 0.0000000 0.0000000 -0.0013314  0.0050045 0.0000000 0.0000000 -0.0411089 -0.0071571 0.0000000 0.0000000 -0.0003502 -0.0005914 0.0000000 0.0000000  0.0012213  0.0002047 0.0000000 0.0000000 -0.0001123  0.0009972 0.0000000 0.0000000 -0.0007056  0.0008736 0.0000000 0.0000000 -0.0010252 -0.0000522 0.0000000 0.0000000 -0.0006865  0.0007105 0.0000000 0.0000000  0.0238611  0.0091510 0.0000000 0.0000000 -0.0023105 -0.0003356 0.0000000 0.0000000 -0.0199370  0.0112814 0.0000000 0.0000000  0.0004292 -0.0006431 0.0000000 0.0000000 -0.0002462  0.0002094 0.0000000 0.0000000 -0.0004056  0.0006647 0.0000000 0.0000000  0.0003971  0.0006896
39 0 0.0000000       NaN -0.0311378        NaN 0.0000000       NaN -0.0012099        NaN 0.0000000       NaN  0.0056918        NaN 0.0000000       NaN -0.0103410        NaN 0.0000000       NaN -0.0058700        NaN 0.0000000       NaN -0.0081733        NaN 0.0000000       NaN -0.0001255        NaN 0.0000000       NaN -0.0009619        NaN 0.0000000       NaN -0.0001824        NaN 0.0000000       NaN  0.0011412        NaN 0.0000000       NaN -0.0003402        NaN 0.0000000       NaN  0.0012261        NaN 0.0000000       NaN  0.0135438        NaN 0.0000000       NaN -0.0008759        NaN 0.0000000       NaN -0.0112329        NaN 0.0000000       NaN -0.0010139        NaN 0.0000000       NaN -0.0012029        NaN 0.0000000       NaN  0.0011877        NaN 0.0000000       NaN -0.0006775        NaN
39 1 0.0000000 0.0000000  0.0028402 -0.0079557 0.0000000 0.0000000 -0.0212279 -0.0034879 0.0000000 0.0000000  0.0059324  0.0168570 0.0000000 0.0000000 -0.0084966 -0.0101939 0.0000000 0.0000000  0.0337221 -0.0022930 0.0000000 0.0000000 -0.0071702 -0.0193809 0.0000000 0.0000000  0.0004110 -0.0007594 0.0000000 0.0000000  0.0004176 -0.0006160 0.0000000 0.0000000  0.0000579  0.0012588 0.0000000 0.0000000 -0.0008313  0.0005181 0.0000000 0.0000000  0.0000283  0.0000980 0.0000000 0.0000000 -0.0007566  0.0014014 0.0000000 0.0000000  0.0094127  0.0073258 0.0000000 0.0000000  0.0154636 -0.0010317 0.0000000 0.0000000 -0.0105045 -0.0115840 0.0000000 0.0000000  0.0005944 -0.0014867 0.0000000 0.0000000 -0.0002330  0.0001481 0.0000000 0.0000000 -0.0007721  0.0007104 0.0000000 0.0000000 -0.0001620 -0.0000077
39 2 0.0000000 0.0000000 -0.0175557 -0.1994042 0.0000000 0.0000000  0.0084935  0.0063756 0.0000000 0.0000000  0.0033485  0.0371048 0.0000000 0.0000000  0.0091501  0.0538686 0.0000000 0.0000000 -0.0048261 -0.0046874 0.0000000 0.0000000 -0.0016699 -0.0054319 0.0000000 0.0000000 -0.0013162  0.0002193 0.0000000 0.0000000  0.0005396 -0.0004221 0.0000000 0.0000000  0.0012287 -0.0000847 0.0000000 0.0000000 -0.0002396 -0.0010439 0.0000000 0.0000000  0.0007693  0.0001234 0.0000000 0.0000000 -0.0010480 -0.0010990 0.0000000 0.0000000  0.0052130  0.0230200 0.0000000 0.0000000  0.0036787  0.0012323 0.0000000 0.0000000 -0.0021955 -0.0027122 0.0000000 0.0000000  0.0003480  0.0004490 0.0000000 0.0000000  0.0006612 -0.0001636 0.0000000 0.0000000 -0.0003348 -0.0006795 0.0000000 0.0000000  0.0007787  0.0005022
39 3 0.0000000 0.0000000 -0.0032944 -0.0014617 0.0000000 0.0000000  0.0133631 -0.0090141 0.0000000 0.0000000  0.0000372  0.0040542 0.0000000 0.0000000  0.0069387  0.0215457 0.0000000 0.0000000 -0.0146946  0.0041261 0.0000000 0.0000000  0.0111687  0.0235112 0.0000000 0.0000000 -0.0006522 -0.0011383 0.0000000 0.0000000  0.0002453 -0.0001726 0.0000000 0.0000000  0.0000904 -0.0005666 0.0000000 0.0000000  0.0005945  0.0019865 0.0000000 0.0000000 -0.0001974  0.0004662 0.0000000 0.0000000 -0.0000573  0.0014892 0.0000000 0.0000000 -0.0099353 -0.0157792 0.0000000 0.0000000 -0.0045858  0.0042683 0.0000000 0.0000000  0.0098225  0.0170434 0.0000000 0.0000000 -0.0002806 -0.0009013 0.0000000 0.0000000 -0.0000537 -0.0001167 0.0000000 0.0000000  0.0005146  0.0019363 0.0000000 0.0000000  0.0001289  0.0000223
40 0 0.0000000       NaN  0.0252297        NaN 0.0000000       NaN -0.0152455        NaN 0.0000000       NaN -0.0176656        NaN 0.0000000       NaN  0.0035263        NaN 0.0000000       NaN  0.0028088        NaN 0.0000000       NaN  0.0070519        NaN 0.0000000       NaN -0.0019117        NaN 0.0000000       NaN -0.0007529        NaN 0.0000000       NaN  0.0012980        NaN 0.0000000       NaN  0.0002106        NaN 0.0000000       NaN -0.0000722        NaN 0.0000000       NaN -0.0002619        NaN 0.0000000       NaN -0.0068094        NaN 0.0000000       NaN -0.0184726        NaN 0.0000000       NaN  0.0102984        NaN 0.0000000       NaN  0.0003364        NaN 0.0000000       NaN  0.0000555        NaN 0.0000000       NaN -0.0002046        NaN 0.0000000       NaN -0.0002109        NaN
40 1 0.0000000 0.0000000  0.0125096 -0.0139994 0.0000000 0.0000000  0.0029477 -0.0064167 0.0000000 0.0000000 -0.0101108  0.0224578 0.0000000 0.0000000  0.0193906  0.0042815 0.0000000 0.0000000  0.0027181  0.0037467 0.0000000 0.0000000  0.0315670  0.0196901 0.0000000 0.0000000 -0.0001802 -0.0004845 0.0000000 0.0000000 -0.0019782 -0.0004137 0.0000000 0.0000000  0.0001447  0.0009428 0.0000000 0.0000000 -0.0007941 -0.0018651 0.0000000 0.0000000  0.0013219  0.0001410 0.0000000 0.0000000 -0.0009831 -0.0029710 0.0000000 0.0000000 -0.0129499 -0.0198406 0.0000000 0.0000000 -0.0015608  0.0006034 0.0000000 0.0000000  0.0110723  0.0068448 0.0000000 0.0000000  0.0006128  0.0015276 0.0000000 0.0000000  0.0006299 -0.0000895 0.0000000 0.0000000 -0.0007372 -0.0017948 0.0000000 0.0000000  0.0010957 -0.0002745
40 2 0.0000000 0.0000000 -0.0154640  0.0124727 0.0000000 0.0000000  0.0054608 -0.0245322 0.0000000 0.0000000  0.0134243 -0.0117365 0.0000000 0.0000000 -0.0066891  0.0138212 0.0000000 0.0000000  0.0129923  0.0091352 0.0000000 0.0000000 -0.0143747  0.0225389 0.0000000 0.0000000  0.0001084 -0.0035290 0.0000000 0.0000000 -0.0001306 -0.0001226 0.0000000 0.0000000 -0.0001115 -0.0001166 0.0000000 0.0000000 -0.0008068  0.0002365 0.0000000 0.0000000 -0.0001671  0.0000212 0.0000000 0.0000000 -0.0008426 -0.0004071 0.0000000 0.0000000  0.0064703 -0.0136302 0.0000000 0.0000000  0.0111411  0.0043876 0.0000000 0.0000000 -0.0073018  0.0151141 0.0000000 0.0000000  0.0006334  0.0008544 0.0000000 0.0000000  0.0001807 -0.0000364 0.0000000 0.0000000 -0.0007749 -0.0005108 0.0000000 0.0000000  0.0002039 -0.0001197
40 3 0.0000000 0.0000000 -0.0149201 -0.0518130 0.0000000 0.0000000  0.0014748  0.0029135 0.0000000 0.0000000  0.0084649  0.0107153 0.0000000 0.0000000  0.0042475  0.0235052 0.0000000 0.0000000 -0.0005758  0.0046158 0.0000000 0.0000000 -0.0209559 -0.0125027 0.0000000 0.0000000  0.0009243 -0.0014514 0.0000000 0.0000000  0.0011827  0.0000418 0.0000000 0.0000000 -0.0006746  0.0013614 0.0000000 0.0000000 -0.0005517  0.0017243 0.0000000 0.0000000 -0.0011229 -0.0002796 0.0000000 0.0000000 -0.0002355  0.0015832 0.0000000 0.0000000  0.0104091  0.0114755 0.0000000 0.0000000 -0.0013568 -0.0001560 0.0000000 0.0000000 -0.0065853  0.0010720 0.0000000 0.0000000  0.0001118 -0.0011212 0.0000000 0.0000000 -0.0004108  0.0002142 0.0000000 0.0000000 -0.0001293  0.0012138 0.0000000 0.0000000 -0.0002212  0.0007965
41 0 0.0000000       NaN -0.0183607        NaN 0.0000000       NaN -0.0081316        NaN 0.0000000       NaN  0.0122788        NaN 0.0000000       NaN -0.0106487        NaN 0.0000000       NaN -0.0027177        NaN 0.0000000       NaN -0.0155302        NaN 0.0000000       NaN  0.0000334        NaN 0.0000000       NaN -0.0020450        NaN 0.0000000       NaN -0.0012012        NaN 0.0000000       NaN  0.0005224        NaN 0.0000000       NaN  0.0001368        NaN 0.0000000       NaN  0.0009396        NaN 0.0000000       NaN  0.0176759        NaN 0.0000000       NaN  0.0019558        NaN 0.0000000       NaN -0.0159529        NaN 0.0000000       NaN -0.0005931        NaN 0.0000000       NaN -0.0007305        NaN 0.0000000       NaN  0.0008167        NaN 0.0000000       NaN  0.0013840        NaN
41 1 0.0000000 0.0000000 -0.0223381 -0.0032869 0.0000000 0.0000000 -0.0288002 -0.0130004 0.0000000 0.0000000  0.0133140  0.0072552 0.0000000 0.0000000  0.0028484 -0.0085239 0.0000000 0.0000000  0.0305702  0.0006380 0.0000000 0.0000000 -0.0013618 -0.0180118 0.0000000 0.0000000  0.0006286 -0.0013385 0.0000000 0.0000000  0.0004799 -0.0005197 0.0000000 0.0000000 -0.0011821  0.0010421 0.0000000 0.0000000  0.0004231  0.0006487 0.0000000 0.0000000  0.0000147  0.0002701 0.0000000 0.0000000  0.0013513  0.0013362 0.0000000 0.0000000  0.0046487  0.0063030 0.0000000 0.0000000  0.0204541  0.0014893 0.0000000 0.0000000 -0.0059782 -0.0083298 0.0000000 0.0000000 -0.0008249 -0.0012124 0.0000000 0.0000000 -0.0002578  0.0000633 0.0000000 0.0000000  0.0007687  0.0006082 0.0000000 0.0000000  0.0002231  0.0000176
41 2 0.0000000 0.0000000 -0.0165264 -0.1179131 0.0000000 0.0000000  0.0145955  0.0143865 0.0000000 0.0000000 -0.0062277  0.0185739 0.0000000 0.0000000  0.0100750  0.0484238 0.0000000 0.0000000 -0.0119730 -0.0026899 0.0000000 0.0000000  0.0059066  0.0012593 0.0000000 0.0000000 -0.0000629 -0.0002763 0.0000000 0.0000000  0.0017127 -0.0005984 0.0000000 0.0000000  0.0017035  0.0003602 0.0000000 0.0000000  0.0003987 -0.0005050 0.0000000 0.0000000  0.0002233 -0.0000918 0.0000000 0.0000000 -0.0001661 -0.0005625 0.0000000 0.0000000 -0.0011455  0.0209313 0.0000000 0.0000000  0.0008581 -0.0003130 0.0000000 0.0000000  0.0056692 -0.0001375 0.0000000 0.0000000 -0.0002413  0.0003504 0.0000000 0.0000000  0.0003410 -0.0000419 0.0000000 0.0000000  0.0000560 -0.0004911 0.0000000 0.0000000 -0.0005945  0.0005857
41 3 0.0000000 0.0000000  0.0023771 -0.0128773 0.0000000 0.0000000  0.0154572 -0.0053045 0.0000000 0.0000000 -0.0080505  0.0129624 0.0000000 0.0000000  0.0012161  0.0141459 0.0000000 0.0000000 -0.0183770  0.0013765 0.0000000 0.0000000  0.0025977  0.0122255 0.0000000 0.0000000 -0.0003586  0.0000566 0.0000000 0.0000000 -0.0000929 -0.0004545 0.0000000 0.0000000  0.0005224 -0.0002421 0.0000000 0.0000000  0.0002819  0.0015109 0.0000000 0.0000000  0.0001022  0.0003210 0.0000000 0.0000000 -0.0001055  0.0010376 0.0000000 0.0000000 -0.0071083 -0.0042601 0.0000000 0.0000000 -0.0052370  0.0031149 0.0000000 0.0000000  0.0086085  0.0053346 0.0000000 0.0000000  0.0000754 -0.0008608 0.0000000 0.0000000  0.0000020  0.0000400 0.0000000 0.0000000  0.0000478  0.0015661 0.0000000 0.0000000  0.0000110  0.0000086
42 0 0.0000000       NaN -0.0022068        NaN 0.0000000       NaN -0.0306284        NaN 0.0000000       NaN -0.0175784        NaN 0.0000000       NaN  0.0020197        NaN 0.0000000       NaN  0.0083615        NaN 0.0000000       NaN  0.0039731        NaN 0.0000000       NaN -0.0012504        NaN 0.0000000       NaN -0.0010792        NaN 0.0000000       NaN  0.0002924        NaN 0.0000000       NaN  0.0007914        NaN 0.0000000       NaN  0.0001397        NaN 0.0000000       NaN  0.0008242        NaN 0.0000000       NaN -0.0014966        NaN 0.0000000       NaN -0.0085750        NaN 0.0000000       NaN  0.0045080        NaN 0.0000000       NaN -0.0003667        NaN 0.0000000       NaN  0.0000619        NaN 0.0000000       NaN  0.0005832        NaN 0.0000000       NaN -0.0000068        NaN
42 1 0.0000000 0.0000000  0.0117816  0.0119935 0.0000000 0.0000000  0.0114256 -0.0045769 0.0000000 0.0000000 -0.0246826  0.0112472 0.0000000 0.0000000  0.0072732  0.0092551 0.0000000 0.0000000 -0.0018254  0.0014488 0.0000000 0.0000000  0.0236235  0.0221163 0.0000000 0.0000000  0.0004028 -0.0004804 0.0000000 0.0000000 -0.0008548 -0.0004928 0.0000000 0.0000000  0.0008519  0.0009052 0.0000000 0.0000000  0.0002300 -0.0006021 0.0000000 0.0000000  0.0010607  0.0000926 0.0000000 0.0000000  0.0001992 -0.0009600 0.0000000 0.0000000 -0.0086487 -0.0195947 0.0000000 0.0000000 -0.0043477  0.0004428 0.0000000 0.0000000  0.0093341  0.0119061 0.0000000 0.0000000 -0.0002754  0.0005696 0.0000000 0.0000000  0.0005665 -0.0000091 0.0000000 0.0000000  0.0000712 -0.0007833 0.0000000 0.0000000 -0.0009149 -0.0004477
42 2 0.0000000 0.0000000  0.0154126  0.0128109 0.0000000 0.0000000  0.0128319 -0.0175926 0.0000000 0.0000000 -0.0017681 -0.0080824 0.0000000 0.0000000 -0.0033779  0.0041281 0.0000000 0.0000000  0.0047802  0.0042131 0.0000000 0.0000000 -0.0030296  0.0102057 0.0000000 0.0000000 -0.0001537 -0.0029784 0.0000000 0.0000000 -0.0001410 -0.0002459 0.0000000 0.0000000  0.0004161  0.0005772 0.0000000 0.0000000 -0.0009064  0.0004291 0.0000000 0.0000000 -0.0000133 -0.0000936 0.0000000 0.0000000 -0.0006379 -0.0003324 0.0000000 0.0000000 -0.0027809 -0.0053929 0.0000000 0.0000000  0.0058132  0.0047016 0.0000000 0.0000000  0.0023612  0.0057678 0.0000000 0.0000000  0.0007152  0.0005733 0.0000000 0.0000000  0.0001717  0.0000172 0.0000000 0.0000000 -0.0009043 -0.0002316 0.0000000 0.0000000 -0.0001247 -0.0001080
42 3 0.0000000 0.0000000  0.0119513 -0.0137722 0.0000000 0.0000000 -0.0075716 -0.0030270 0.0000000 0.0000000  0.0081043  0.0049665 0.0000000 0.0000000 -0.0004050  0.0159861 0.0000000 0.0000000  0.0034040  0.0038655 0.0000000 0.0000000 -0.0196742 -0.0130994 0.0000000 0.0000000 -0.0005359 -0.0007037 0.0000000 0.0000000  0.0010632 -0.0004932 0.0000000 0.0000000  0.0000862  0.0006034 0.0000000 0.0000000 -0.0007950  0.0008563 0.0000000 0.0000000 -0.0009690  0.0001691 0.0000000 0.0000000 -0.0010822  0.0008999 0.0000000 0.0000000  0.0111379  0.0104397 0.0000000 0.0000000  0.0019556  0.0024773 0.0000000 0.0000000 -0.0101753 -0.0042539 0.0000000 0.0000000  0.0005453 -0.0006009 0.0000000 0.0000000 -0.0004251  0.0002231 0.0000000 0.0000000 -0.0005366  0.0006576 0.0000000 0.0000000  0.0001055  0.0004349
43 0 0.0000000       NaN  0.0797385        NaN 0.0000000       NaN -0.0013055        NaN 0.0000000       NaN  0.0005680        NaN 0.0000000       NaN -0.0128918        NaN 0.0000000       NaN -0.0046148        NaN 0.0000000       NaN -0.0169662        NaN 0.0000000       NaN  0.0003224        NaN 0.0000000       NaN -0.0012873        NaN 0.0000000       NaN -0.0005579        NaN 0.0000000       NaN  0.0012492        NaN 0.0000000       NaN  0.0001604        NaN 0.0000000       NaN  0.0019503        NaN 0.0000000       NaN  0.0117502        NaN 0.0000000       NaN -0.0001010        NaN 0.0000000       NaN -0.0099720        NaN 0.0000000       NaN -0.0011699        NaN 0.0000000       NaN -0.0004573        NaN 0.0000000       NaN  0.0012984        NaN 0.0000000       NaN -0.0002456        NaN
43 1 0.0000000 0.0000000  0.0113306 -0.0001317 0.0000000 0.0000000 -0.0025348 -0.0109334 0.0000000 0.0000000  0.0171751  0.0065149 0.0000000 0.0000000  0.0151123 -0.0140491 0.0000000 0.0000000  0.0198086  0.0017666 0.0000000 0.0000000  0.0160967 -0.0256311 0.0000000 0.0000000 -0.0010870 -0.0021453 0.0000000 0.0000000  0.0009320 -0.0004158 0.0000000 0.0000000  0.0005237  0.0023058 0.0000000 0.0000000 -0.0004327  0.0010847 0.0000000 0.0000000 -0.0001180  0.0001176 0.0000000 0.0000000 -0.0000915  0.0012855 0.0000000 0.0000000 -0.0117116  0.0155126 0.0000000 0.0000000  0.0130572  0.0022085 0.0000000 0.0000000  0.0098494 -0.0171839 0.0000000 0.0000000  0.0002680 -0.0012907 0.0000000 0.0000000 -0.0002426  0.0001115 0.0000000 0.0000000 -0.0004164  0.0007941 0.0000000 0.0000000 -0.0002622 -0.0001122
43 2 0.0000000 0.0000000  0.0044559 -0.0851791 0.0000000 0.0000000  0.0166551  0.0115494 0.0000000 0.0000000 -0.0001109 -0.0052904 0.0000000 0.0000000  0.0076434  0.0505394 0.0000000 0.0000000 -0.0112525 -0.0019394 0.0000000 0.0000000  0.0067310  0.0243096 0.0000000 0.0000000 -0.0011312  0.0002054 0.0000000 0.0000000  0.0011005 -0.0009592 0.0000000 0.0000000  0.0013593 -0.0001622 0.0000000 0.0000000  0.0005868 -0.0003240 0.0000000 0.0000000  0.0000718  0.0003196 0.0000000 0.0000000 -0.0000829 -0.0005377 0.0000000 0.0000000 -0.0016276  0.0032430 0.0000000 0.0000000  0.0010446 -0.0010363 0.0000000 0.0000000  0.0033757  0.0162698 0.0000000 0.0000000 -0.0004125  0.0000628 0.0000000 0.0000000  0.0002349  0.0000941 0.0000000 0.0000000  0.0003761 -0.0000717 0.0000000 0.0000000  0.0005536  0.0005395
43 3 0.0000000 0.0000000 -0.0060424 -0.0194925 0.0000000 0.0000000  0.0153505  0.0005590 0.0000000 0.0000000 -0.0031801  0.0143974 0.0000000 0.0000000 -0.0030537  0.0042438 0.0000000 0.0000000 -0.0159372  0.0017678 0.0000000 0.0000000 -0.0020245 -0.0034334 0.0000000 0.0000000 -0.0001269  0.0011132 0.0000000 0.0000000 -0.0005298  0.0002188 0.0000000 0.0000000  0.0004953 -0.0009486 0.0000000 0.0000000  0.0004381 -0.0000005 0.0000000 0.0000000  0.0002171  0.0003311 0.0000000 0.0000000 -0.0003626 -0.0005123 0.0000000 0.0000000  0.0010885  0.0058622 0.0000000 0.0000000 -0.0053354 -0.0005241 0.0000000 0.0000000  0.0002621 -0.0054922 0.0000000 0.0000000 -0.0001226  0.0002376 0.0000000 0.0000000  0.0000685 -0.0001373 0.0000000 0.0000000  0.0001979  0.0002610 0.0000000 0.0000000  0.0001205  0.0000647
44 0 0.0000000       NaN  0.0182882        NaN 0.0000000       NaN -0.0099783        NaN 0.0000000       NaN -0.0129181        NaN 0.0000000       NaN  0.0038682        NaN 0.0000000       NaN  0.0087436        NaN 0.0000000       NaN  0.0104390        NaN 0.0000000       NaN -0.0017060        NaN 0.0000000       NaN -0.0001981        NaN 0.0000000       NaN  0.0012196        NaN 0.0000000       NaN -0.0002081        NaN 0.0000000       NaN -0.0000456        NaN 0.0000000       NaN -0.0006913        NaN 0.0000000       NaN -0.0097680        NaN 0.0000000       NaN -0.0070516        NaN 0.0000000       NaN  0.0104775        NaN 0.0000000       NaN  0.0004278        NaN 0.0000000       NaN  0.0000174        NaN 0.0000000       NaN -0.0004031        NaN 0.0000000       NaN -0.0003527        NaN
44 1 0.0000000 0.0000000 -0.0217172 -0.0365158 0.0000000 0.0000000  0.0068873 -0.0097906 0.0000000 0.0000000 -0.0021899  0.0161990 0.0000000 0.0000000 -0.0125783  0.0110365 0.0000000 0.0000000  0.0003479  0.0026898 0.0000000 0.0000000 -0.0116292  0.0135603 0.0000000 0.0000000  0.0000984 -0.0002453 0.0000000 0.0000000 -0.0011328 -0.0004245 0.0000000 0.0000000 -0.0008565  0.0004534 0.0000000 0.0000000  0.0001921 -0.0011445 0.0000000 0.0000000  0.0005779  0.0000734 0.0000000 0.0000000  0.0007600 -0.0018063 0.0000000 0.0000000  0.0122831 -0.0095370 0.0000000 0.0000000 -0.0018709  0.0014199 0.0000000 0.0000000 -0.0137161  0.0069001 0.0000000 0.0000000 -0.0005154  0.0009149 0.0000000 0.0000000  0.0005073 -0.0000266 0.0000000 0.0000000  0.0005343 -0.0010818 0.0000000 0.0000000  0.0012982 -0.0000138
44 2 0.0000000 0.0000000 -0.0108036  0.0048651 0.0000000 0.0000000  0.0091201 -0.0203297 0.0000000 0.0000000  0.0053442 -0.0094146 0.0000000 0.0000000 -0.0023834 -0.0029889 0.0000000 0.0000000 -0.0002693  0.0104930 0.0000000 0.0000000 -0.0051843  0.0015078 0.0000000 0.0000000  0.0004631 -0.0012815 0.0000000 0.0000000 -0.0001348  0.0000267 0.0000000 0.0000000 -0.0003505 -0.0011407 0.0000000 0.0000000  0.0002792 -0.0002077 0.0000000 0.0000000  0.0000126  0.0002197 0.0000000 0.0000000  0.0006614 -0.0004360 0.0000000 0.0000000  0.0048317  0.0027033 0.0000000 0.0000000  0.0043942  0.0026089 0.0000000 0.0000000 -0.0047295 -0.0011220 0.0000000 0.0000000 -0.0005031  0.0009032 0.0000000 0.0000000  0.0000406 -0.0001407 0.0000000 0.0000000  0.0004743 -0.0004693 0.0000000 0.0000000  0.0001359 -0.0000155
44 3 0.0000000 0.0000000  0.0141324  0.0441374 0.0000000 0.0000000 -0.0110127  0.0029846 0.0000000 0.0000000 -0.0008477 -0.0113162 0.0000000 0.0000000  0.0004041 -0.0042754 0.0000000 0.0000000  0.0019660  0.0017910 0.0000000 0.0000000 -0.0037017 -0.0121952 0.0000000 0.0000000  0.0007664 -0.0009807 0.0000000 0.0000000  0.0004294 -0.0001519 0.0000000 0.0000000 -0.0009981  0.0008610 0.0000000 0.0000000 -0.0007038  0.0016128 0.0000000 0.0000000 -0.0004656 -0.0000801 0.0000000 0.0000000 -0.0003710  0.0017369 0.0000000 0.0000000 -0.0011173  0.0061379 0.0000000 0.0000000  0.0022546  0.0013943 0.0000000 0.0000000  0.0008962 -0.0052002 0.0000000 0.0000000  0.0004267 -0.0010867 0.0000000 0.0000000 -0.0002896  0.0001217 0.0000000 0.0000000 -0.0003162  0.0010983 0.0000000 0.0000000 -0.0002409  0.0002675
45 0 0.0000000       NaN  0.1232911        NaN 0.0000000       NaN -0.0038318        NaN 0.0000000       NaN  0.0139626        NaN 0.0000000       NaN -0.0097448        NaN 0.0000000       NaN -0.0025705        NaN 0.0000000       NaN -0.0164377        NaN 0.0000000       NaN  0.0003286        NaN 0.0000000       NaN -0.0009789        NaN 0.0000000       NaN -0.0012118        NaN 0.0000000       NaN  0.0003744        NaN 0.0000000       NaN  0.0001218        NaN 0.0000000       NaN  0.0010787        NaN 0.0000000       NaN  0.0093566        NaN 0.0000000       NaN  0.0016407        NaN 0.0000000       NaN -0.0089794        NaN 0.0000000       NaN -0.0004980        NaN 0.0000000       NaN -0.0002041        NaN 0.0000000       NaN  0.0006473        NaN 0.0000000       NaN  0.0010555        NaN
45 1 0.0000000 0.0000000 -0.0141157 -0.0018598 0.0000000 0.0000000 -0.0141174 -0.0151440 0.0000000 0.0000000  0.0029469  0.0048125 0.0000000 0.0000000  0.0140245 -0.0033351 0.0000000 0.0000000  0.0129778  0.0045202 0.0000000 0.0000000  0.0157367 -0.0096226 0.0000000 0.0000000  0.0005092 -0.0013513 0.0000000 0.0000000  0.0005190 -0.0001926 0.0000000 0.0000000 -0.0009201  0.0001759 0.0000000 0.0000000 -0.0002319  0.0002748 0.0000000 0.0000000 -0.0000708  0.0002206 0.0000000 0.0000000  0.0002399  0.0003853 0.0000000 0.0000000 -0.0048165  0.0072960 0.0000000 0.0000000  0.0146511  0.0021874 0.0000000 0.0000000  0.0058861 -0.0075172 0.0000000 0.0000000 -0.0001657 -0.0001742 0.0000000 0.0000000 -0.0001982  0.0000374 0.0000000 0.0000000  0.0001764  0.0000568 0.0000000 0.0000000  0.0000712 -0.0000590
45 2 0.0000000 0.0000000  0.0178450  0.0005237 0.0000000 0.0000000 -0.0037298  0.0073051 0.0000000 0.0000000 -0.0121258 -0.0218890 0.0000000 0.0000000  0.0141905  0.0090051 0.0000000 0.0000000 -0.0048152 -0.0031998 0.0000000 0.0000000  0.0231853  0.0019581 0.0000000 0.0000000 -0.0000181 -0.0005738 0.0000000 0.0000000  0.0005810 -0.0004544 0.0000000 0.0000000  0.0010629  0.0007835 0.0000000 0.0000000  0.0000158  0.0010276 0.0000000 0.0000000 -0.0000243  0.0002123 0.0000000 0.0000000 -0.0004032  0.0008645 0.0000000 0.0000000 -0.0139241  0.0122836 0.0000000 0.0000000  0.0022683  0.0002130 0.0000000 0.0000000  0.0155878 -0.0005026 0.0000000 0.0000000  0.0001209 -0.0005308 0.0000000 0.0000000  0.0001435  0.0000200 0.0000000 0.0000000 -0.0002220  0.0005023 0.0000000 0.0000000 -0.0005654  0.0003146
45 3 0.0000000 0.0000000 -0.0006515 -0.0046934 0.0000000 0.0000000 -0.0026213 -0.0023106 0.0000000 0.0000000 -0.0092714  0.0042414 0.0000000 0.0000000 -0.0021201  0.0030925 0.0000000 0.0000000 -0.0063909 -0.0044409 0.0000000 0.0000000  0.0022749  0.0027534 0.0000000 0.0000000 -0.0003640  0.0012999 0.0000000 0.0000000 -0.0003646 -0.0000502 0.0000000 0.0000000  0.0008541 -0.0006823 0.0000000 0.0000000 -0.0001430 -0.0004860 0.0000000 0.0000000  0.0004124  0.0000650 0.0000000 0.0000000 -0.0006297 -0.0006762 0.0000000 0.0000000 -0.0039614 -0.0013076 0.0000000 0.0000000 -0.0035904  0.0009107 0.0000000 0.0000000  0.0052565  0.0011617 0.0000000 0.0000000  0.0004389  0.0002597 0.0000000 0.0000000  0.0000491  0.0000302 0.0000000 0.0000000 -0.0004618 -0.0000799 0.0000000 0.0000000  0.0000745  0.0000609
46 0 0.0000000       NaN        NaN        NaN 0.0000000       NaN        NaN        NaN 0.0000000       NaN        NaN        NaN 0.0000000       NaN        NaN        NaN 0.0000000       NaN        NaN        NaN 0.0000000       NaN        NaN        NaN 0.0000000       NaN        NaN        NaN 0.0000000       NaN        NaN        NaN 0.0000000       NaN        NaN        NaN 0.0000000       NaN        NaN        NaN 0.0000000       NaN        NaN        NaN 0.0000000       NaN        NaN        NaN 0.0000000       NaN        NaN        NaN 0.0000000       NaN        NaN        NaN 0.0000000       NaN        NaN        NaN 0.0000000       NaN        NaN        NaN 0.0000000       NaN        NaN        NaN 0.0000000       NaN        NaN        NaN 0.0000000       NaN        NaN        NaN
46 1 0.0000000 0.0000000        NaN        NaN 0.0000000 0.0000000        NaN        NaN 0.0000000 0.0000000        NaN        NaN 0.0000000 0.0000000        NaN        NaN 0.0000000 0.0000000        NaN        NaN 0.0000000 0.0000000        NaN        NaN 0.0000000 0.0000000        NaN        NaN 0.0000000 0.0000000        NaN        NaN 0.0000000 0.0000000        NaN        NaN 0.0000000 0.0000000        NaN        NaN 0.0000000 0.0000000        NaN        NaN 0.0000000 0.0000000        NaN        NaN 0.0000000 0.0000000        NaN        NaN 0.0000000 0.0000000        NaN        NaN 0.0000000 0.0000000        NaN        NaN 0.0000000 0.0000000        NaN        NaN 0.0000000 0.0000000        NaN        NaN 0.0000000 0.0000000        NaN        NaN 0.0000000 0.0000000        NaN        NaN
46 2 0.0000000 0.0000000        NaN        NaN 0.0000000 0.0000000        NaN        NaN 0.0000000 0.0000000        NaN        NaN 0.0000000 0.0000000        NaN        NaN 0.0000000 0.0000000        NaN        NaN 0.0000000 0.0000000        NaN        NaN 0.0000000 0.0000000        NaN        NaN 0.0000000 0.0000000        NaN        NaN 0.0000000 0.0000000        NaN        NaN 0.0000000 0.0000000        NaN        NaN 0.0000000 0.0000000        NaN        NaN 0.0000000 0.0000000        NaN        NaN 0.0000000 0.0000000        NaN        NaN 0.0000000 0.0000000        NaN        NaN 0.0000000 0.0000000        NaN        NaN 0.0000000 0.0000000        NaN        NaN 0.0000000 0.0000000        NaN        NaN 0.0000000 0.0000000        NaN        NaN 0.0000000 0.0000000        NaN        NaN
46 3 0.0000000 0.0000000        NaN        NaN 0.0000000 0.0000000        NaN        NaN 0.0000000 0.0000000        NaN        NaN 0.0000000 0.0000000        NaN        NaN 0.0000000 0.0000000        NaN        NaN 0.0000000 0.0000000        NaN        NaN 0.0000000 0.0000000        NaN        NaN 0.0000000 0.0000000        NaN        NaN 0.0000000 0.0000000        NaN        NaN 0.0000000 0.0000000        NaN        NaN 0.0000000 0.0000000        NaN        NaN 0.0000000 0.0000000        NaN        NaN 0.0000000 0.0000000        NaN        NaN 0.0000000 0.0000000        NaN        NaN 0.0000000 0.0000000        NaN        NaN 0.0000000 0.0000000        NaN        NaN 0.0000000 0.0000000        NaN        NaN 0.0000000 0.0000000        NaN        NaN 0.0000000 0.0000000        NaN        NaN
47 0 0.0000000       NaN        NaN        NaN 0.0000000       NaN        NaN        NaN 0.0000000       NaN        NaN        NaN 0.0000000       NaN        NaN        NaN 0.0000000       NaN        NaN        NaN 0.0000000       NaN        NaN        NaN 0.0000000       NaN        NaN        NaN 0.0000000       NaN        NaN        NaN 0.0000000       NaN        NaN        NaN 0.0000000       NaN        NaN        NaN 0.0000000       NaN        NaN        NaN 0.0000000       NaN        NaN        NaN 0.0000000       NaN        NaN        NaN 0.0000000       NaN        NaN        NaN 0.0000000       NaN        NaN        NaN 0.0000000       NaN        NaN        NaN 0.0000000       NaN        NaN        NaN 0.0000000       NaN        NaN        NaN 0.0000000       NaN        NaN        NaN
47 1 0.0000000 0.0000000        NaN        NaN 0.0000000 0.0000000        NaN        NaN 0.0000000 0.0000000        NaN        NaN 0.0000000 0.0000000        NaN        NaN 0.0000000 0.0000000        NaN        NaN 0.0000000 0.0000000        NaN        NaN 0.0000000 0.0000000        NaN        NaN 0.0000000 0.0000000        NaN        NaN 0.0000000 0.0000000        NaN        NaN 0.0000000 0.0000000        NaN        NaN 0.0000000 0.0000000        NaN        NaN 0.0000000 0.0000000        NaN        NaN 0.0000000 0.0000000        NaN        NaN 0.0000000 0.0000000        NaN        NaN 0.0000000 0.0000000        NaN        NaN 0.0000000 0.0000000        NaN        NaN 0.0000000 0.0000000        NaN        NaN 0.0000000 0.0000000        NaN        NaN 0.0000000 0.0000000        NaN        NaN
47 2 0.0000000 0.0000000        NaN        NaN 0.0000000 0.0000000        NaN        NaN 0.0000000 0.0000000        NaN        NaN 0.0000000 0.0000000        NaN        NaN 0.0000000 0.0000000        NaN        NaN 0.0000000 0.0000000        NaN        NaN 0.0000000 0.0000000        NaN        NaN 0.0000000 0.0000000        NaN        NaN 0.0000000 0.0000000        NaN        NaN 0.0000000 0.0000000        NaN        NaN 0.0000000 0.0000000        NaN        NaN 0.0000000 0.0000000        NaN        NaN 0.0000000 0.0000000        NaN        NaN 0.0000000 0.0000000        NaN        NaN 0.0000000 0.0000000        NaN        NaN 0.0000000 0.0000000        NaN        NaN 0.0000000 0.0000000        NaN        NaN 0.0000000 0.0000000        NaN        NaN 0.0000000 0.0000000        NaN        NaN
47 3 0.0000000 0.0000000        NaN        NaN 0.0000000 0.0000000        NaN        NaN 0.0000000 0.0000000        NaN        NaN 0.0000000 0.0000000        NaN        NaN 0.0000000 0.0000000        NaN        NaN 0.0000000 0.0000000        NaN        NaN 0.0000000 0.0000000        NaN        NaN 0.0000000 0.0000000        NaN        NaN 0.0000000 0.0000000        NaN        NaN 0.0000000 0.0000000        NaN        NaN 0.0000000 0.0000000        NaN        NaN 0.0000000 0.0000000        NaN        NaN 0.0000000 0.0000000        NaN        NaN 0.0000000 0.0000000        NaN        NaN 0.0000000 0.0000000        NaN        NaN 0.0000000 0.0000000        NaN        NaN 0.0000000 0.0000000        NaN        NaN 0.0000000 0.0000000        NaN        NaN 0.0000000 0.0000000        NaN        NaN
48 0 0.0000000       NaN        NaN        NaN 0.0000000       NaN        NaN        NaN 0.0000000       NaN        NaN        NaN 0.0000000       NaN        NaN        NaN 0.0000000       NaN        NaN        NaN 0.0000000       NaN        NaN        NaN 0.0000000       NaN        NaN        NaN 0.0000000       NaN        NaN        NaN 0.0000000       NaN        NaN        NaN 0.0000000       NaN        NaN        NaN 0.0000000       NaN        NaN        NaN 0.0000000       NaN        NaN        NaN 0.0000000       NaN        NaN        NaN 0.0000000       NaN        NaN        NaN 0.0000000       NaN        NaN        NaN 0.0000000       NaN        NaN        NaN 0.0000000       NaN        NaN        NaN 0.0000000       NaN        NaN        NaN 0.0000000       NaN        NaN        NaN
48 1 0.0000000 0.0000000        NaN        NaN 0.0000000 0.0000000        NaN        NaN 0.0000000 0.0000000        NaN        NaN 0.0000000 0.0000000        NaN        NaN 0.0000000 0.0000000        NaN        NaN 0.0000000 0.0000000        NaN        NaN 0.0000000 0.0000000        NaN        NaN 0.0000000 0.0000000        NaN        NaN 0.0000000 0.0000000        NaN        NaN 0.0000000 0.0000000        NaN        NaN 0.0000000 0.0000000        NaN        NaN 0.0000000 0.0000000        NaN        NaN 0.0000000 0.0000000        NaN        NaN 0.0000000 0.0000000        NaN        NaN 0.0000000 0.0000000        NaN        NaN 0.0000000 0.0000000        NaN        NaN 0.0000000 0.0000000        NaN        NaN 0.0000000 0.0000000        NaN        NaN 0.0000000 0.0000000        NaN        NaN
48 2 0.0000000 0.0000000        NaN        NaN 0.0000000 0.0000000        NaN        NaN 0.0000000 0.0000000        NaN        NaN 0.0000000 0.0000000        NaN        NaN 0.0000000 0.0000000        NaN        NaN 0.0000000 0.0000000        NaN        NaN 0.0000000 0.0000000        NaN        NaN 0.0000000 0.0000000        NaN        NaN 0.0000000 0.0000000        NaN        NaN 0.0000000 0.0000000        NaN        NaN 0.0000000 0.0000000        NaN        NaN 0.0000000 0.0000000        NaN        NaN 0.0000000 0.0000000        NaN        NaN 0.0000000 0.0000000        NaN        NaN 0.0000000 0.0000000        NaN        NaN 0.0000000 0.0000000        NaN        NaN 0.0000000 0.0000000        NaN        NaN 0.0000000 0.0000000        NaN        NaN 0.0000000 0.0000000        NaN        NaN
48 3 0.0000000 0.0000000        NaN        NaN 0.0000000 0.0000000        NaN        NaN 0.0000000 0.0000000        NaN        NaN 0.0000000 0.0000000        NaN        NaN 0.0000000 0.0000000        NaN        NaN 0.0000000 0.0000000        NaN        NaN 0.0000000 0.0000000        NaN        NaN 0.0000000 0.0000000        NaN        NaN 0.0000000 0.0000000        NaN        NaN 0.0000000 0.0000000        NaN        NaN 0.0000000 0.0000000        NaN        NaN 0.0000000 0.0000000        NaN        NaN 0.0000000 0.0000000        NaN        NaN 0.0000000 0.0000000        NaN        NaN 0.0000000 0.0000000        NaN        NaN 0.0000000 0.0000000        NaN        NaN 0.0000000 0.0000000        NaN        NaN 0.0000000 0.0000000        NaN        NaN 0.0000000 0.0000000        NaN        NaN
49 0 0.0000000       NaN        NaN        NaN 0.0000000       NaN        NaN        NaN 0.0000000       NaN        NaN        NaN 0.0000000       NaN        NaN        NaN 0.0000000       NaN        NaN        NaN 0.0000000       NaN        NaN        NaN 0.0000000       NaN        NaN        NaN 0.0000000       NaN        NaN        NaN 0.0000000       NaN        NaN        NaN 0.0000000       NaN        NaN        NaN 0.0000000       NaN        NaN        NaN 0.0000000       NaN        NaN        NaN 0.0000000       NaN        NaN        NaN 0.0000000       NaN        NaN        NaN 0.0000000       NaN        NaN        NaN 0.0000000       NaN        NaN        NaN 0.0000000       NaN        NaN        NaN 0.0000000       NaN        NaN        NaN 0.0000000       NaN        NaN        NaN
49 1 0.0000000 0.0000000        NaN        NaN 0.0000000 0.0000000        NaN        NaN 0.0000000 0.0000000        NaN        NaN 0.0000000 0.0000000        NaN        NaN 0.0000000 0.0000000        NaN        NaN 0.0000000 0.0000000        NaN        NaN 0.0000000 0.0000000        NaN        NaN 0.0000000 0.0000000        NaN        NaN 0.0000000 0.0000000        NaN        NaN 0.0000000 0.0000000        NaN        NaN 0.0000000 0.0000000        NaN        NaN 0.0000000 0.0000000        NaN        NaN 0.0000000 0.0000000        NaN        NaN 0.0000000 0.0000000        NaN        NaN 0.0000000 0.0000000        NaN        NaN 0.0000000 0.0000000        NaN        NaN 0.0000000 0.0000000        NaN        NaN 0.0000000 0.0000000        NaN        NaN 0.0000000 0.0000000        NaN        NaN
49 2 0.0000000 0.0000000        NaN        NaN 0.0000000 0.0000000        NaN        NaN 0.0000000 0.0000000        NaN        NaN 0.0000000 0.0000000        NaN        NaN 0.0000000 0.0000000        NaN        NaN 0.0000000 0.0000000        NaN        NaN 0.0000000 0.0000000        NaN        NaN 0.0000000 0.0000000        NaN        NaN 0.0000000 0.0000000        NaN        NaN 0.0000000 0.0000000        NaN        NaN 0.0000000 0.0000000        NaN        NaN 0.0000000 0.0000000        NaN        NaN 0.0000000 0.0000000        NaN        NaN 0.0000000 0.0000000        NaN        NaN 0.0000000 0.0000000        NaN        NaN 0.0000000 0.0000000        NaN        NaN 0.0000000 0.0000000        NaN        NaN 0.0000000 0.0000000        NaN        NaN 0.0000000 0.0000000        NaN        NaN
49 3 0.0000000 0.0000000        NaN        NaN 0.0000000 0.0000000        NaN        NaN 0.0000000 0.0000000        NaN        NaN 0.0000000 0.0000000        NaN        NaN 0.0000000 0.0000000        NaN        NaN 0.0000000 0.0000000        NaN        NaN 0.0000000 0.0000000        NaN        NaN 0.0000000 0.0000000        NaN        NaN 0.0000000 0.0000000        NaN        NaN 0.0000000 0.0000000        NaN        NaN 0.0000000 0.0000000        NaN        NaN 0.0000000 0.0000000        NaN        NaN 0.0000000 0.0000000        NaN        NaN 0.0000000 0.0000000        NaN        NaN 0.0000000 0.0000000        NaN        NaN 0.0000000 0.0000000        NaN        NaN 0.0000000 0.0000000        NaN        NaN 0.0000000 0.0000000        NaN        NaN 0.0000000 0.0000000        NaN        NaN
50 0 0.0000000       NaN        NaN        NaN 0.0000000       NaN        NaN        NaN 0.0000000       NaN        NaN        NaN 0.0000000       NaN        NaN        NaN 0.0000000       NaN        NaN        NaN 0.0000000       NaN        NaN        NaN 0.0000000       NaN        NaN        NaN 0.0000000       NaN        NaN        NaN 0.0000000       NaN        NaN        NaN 0.0000000       NaN        NaN        NaN 0.0000000       NaN        NaN        NaN 0.0000000       NaN        NaN        NaN 0.0000000       NaN        NaN        NaN 0.0000000       NaN        NaN        NaN 0.0000000       NaN        NaN        NaN 0.0000000       NaN        NaN        NaN 0.0000000       NaN        NaN        NaN 0.0000000       NaN        NaN        NaN 0.0000000       NaN        NaN        NaN
50 1 0.0000000 0.0000000        NaN        NaN 0.0000000 0.0000000        NaN        NaN 0.0000000 0.0000000        NaN        NaN 0.0000000 0.0000000        NaN        NaN 0.0000000 0.0000000        NaN        NaN 0.0000000 0.0000000        NaN        NaN 0.0000000 0.0000000        NaN        NaN 0.0000000 0.0000000        NaN        NaN 0.0000000 0.0000000        NaN        NaN 0.0000000 0.0000000        NaN        NaN 0.0000000 0.0000000        NaN        NaN 0.0000000 0.0000000        NaN        NaN 0.0000000 0.0000000        NaN        NaN 0.0000000 0.0000000        NaN        NaN 0.0000000 0.0000000        NaN        NaN 0.0000000 0.0000000        NaN        NaN 0.0000000 0.0000000        NaN        NaN 0.0000000 0.0000000        NaN        NaN 0.0000000 0.0000000        NaN        NaN
50 2 0.0000000 0.0000000        NaN        NaN 0.0000000 0.0000000        NaN        NaN 0.0000000 0.0000000        NaN        NaN 0.0000000 0.0000000        NaN        NaN 0.0000000 0.0000000        NaN        NaN 0.0000000 0.0000000        NaN        NaN 0.0000000 0.0000000        NaN        NaN 0.0000000 0.0000000        NaN        NaN 0.0000000 0.0000000        NaN        NaN 0.0000000 0.0000000        NaN        NaN 0.0000000 0.0000000        NaN        NaN 0.0000000 0.0000000        NaN        NaN 0.0000000 0.0000000        NaN        NaN 0.0000000 0.0000000        NaN        NaN 0.0000000 0.0000000        NaN        NaN 0.0000000 0.0000000        NaN        NaN 0.0000000 0.0000000        NaN        NaN 0.0000000 0.0000000        NaN        NaN 0.0000000 0.0000000        NaN        NaN
50 3 0.0000000 0.0000000        NaN        NaN 0.0000000 0.0000000        NaN        NaN 0.0000000 0.0000000        NaN        NaN 0.0000000 0.0000000        NaN        NaN 0.0000000 0.0000000        NaN        NaN 0.0000000 0.0000000        NaN        NaN 0.0000000 0.0000000        NaN        NaN 0.0000000 0.0000000        NaN        NaN 0.0000000 0.0000000        NaN        NaN 0.0000000 0.0000000        NaN        NaN 0.0000000 0.0000000        NaN        NaN 0.0000000 0.0000000        NaN        NaN 0.0000000 0.0000000        NaN        NaN 0.0000000 0.0000000        NaN        NaN 0.0000000 0.0000000        NaN        NaN 0.0000000 0.0000000        NaN        NaN 0.0000000 0.0000000        NaN        NaN 0.0000000 0.0000000        NaN        NaN 0.0000000 0.0000000        NaN        NaN
51 0 0.0000000       NaN        NaN        NaN 0.0000000       NaN        NaN        NaN 0.0000000       NaN        NaN        NaN 0.0000000       NaN        NaN        NaN 0.0000000       NaN        NaN        NaN 0.0000000       NaN        NaN        NaN 0.0000000       NaN        NaN        NaN 0.0000000       NaN        NaN        NaN 0.0000000       NaN        NaN        NaN 0.0000000       NaN        NaN        NaN 0.0000000       NaN        NaN        NaN 0.0000000       NaN        NaN        NaN 0.0000000       NaN        NaN        NaN 0.0000000       NaN        NaN        NaN 0.0000000       NaN        NaN        NaN 0.0000000       NaN        NaN        NaN 0.0000000       NaN        NaN        NaN 0.0000000       NaN        NaN        NaN 0.0000000       NaN        NaN        NaN
51 1 0.0000000 0.0000000        NaN        NaN 0.0000000 0.0000000        NaN        NaN 0.0000000 0.0000000        NaN        NaN 0.0000000 0.0000000        NaN        NaN 0.0000000 0.0000000        NaN        NaN 0.0000000 0.0000000        NaN        NaN 0.0000000 0.0000000        NaN        NaN 0.0000000 0.0000000        NaN        NaN 0.0000000 0.0000000        NaN        NaN 0.0000000 0.0000000        NaN        NaN 0.0000000 0.0000000        NaN        NaN 0.0000000 0.0000000        NaN        NaN 0.0000000 0.0000000        NaN        NaN 0.0000000 0.0000000        NaN        NaN 0.0000000 0.0000000        NaN        NaN 0.0000000 0.0000000        NaN        NaN 0.0000000 0.0000000        NaN        NaN 0.0000000 0.0000000        NaN        NaN 0.0000000 0.0000000        NaN        NaN
51 2 0.0000000 0.0000000        NaN        NaN 0.0000000 0.0000000        NaN        NaN 0.0000000 0.0000000        NaN        NaN 0.0000000 0.0000000        NaN        NaN 0.0000000 0.0000000        NaN        NaN 0.0000000 0.0000000        NaN        NaN 0.0000000 0.0000000        NaN        NaN 0.0000000 0.0000000        NaN        NaN 0.0000000 0.0000000        NaN        NaN 0.0000000 0.0000000        NaN        NaN 0.0000000 0.0000000        NaN        NaN 0.0000000 0.0000000        NaN        NaN 0.0000000 0.0000000        NaN        NaN 0.0000000 0.0000000        NaN        NaN 0.0000000 0.0000000        NaN        NaN 0.0000000 0.0000000        NaN        NaN 0.0000000 0.0000000        NaN        NaN 0.0000000 0.0000000        NaN        NaN 0.0000000 0.0000000        NaN        NaN
51 3 0.0000000 0.0000000        NaN        NaN 0.0000000 0.0000000        NaN        NaN 0.0000000 0.0000000        NaN        NaN 0.0000000 0.0000000        NaN        NaN 0.0000000 0.0000000        NaN        NaN 0.0000000 0.0000000        NaN        NaN 0.0000000 0.0000000        NaN        NaN 0.0000000 0.0000000        NaN        NaN 0.0000000 0.0000000        NaN        NaN 0.0000000 0.0000000        NaN        NaN 0.0000000 0.0000000        NaN        NaN 0.0000000 0.0000000        NaN        NaN 0.0000000 0.0000000        NaN        NaN 0.0000000 0.0000000        NaN        NaN 0.0000000 0.0000000        NaN        NaN 0.0000000 0.0000000        NaN        NaN 0.0000000 0.0000000        NaN        NaN 0.0000000 0.0000000        NaN        NaN 0.0000000 0.0000000        NaN        NaN
52 0 0.0000000       NaN        NaN        NaN 0.0000000       NaN        NaN        NaN 0.0000000       NaN        NaN        NaN 0.0000000       NaN        NaN        NaN 0.0000000       NaN        NaN        NaN 0.0000000       NaN        NaN        NaN 0.0000000       NaN        NaN        NaN 0.0000000       NaN        NaN        NaN 0.0000000       NaN        NaN        NaN 0.0000000       NaN        NaN        NaN 0.0000000       NaN        NaN        NaN 0.0000000       NaN        NaN        NaN 0.0000000       NaN        NaN        NaN 0.0000000       NaN        NaN        NaN 0.0000000       NaN        NaN        NaN 0.0000000       NaN        NaN        NaN 0.0000000       NaN        NaN        NaN 0.0000000       NaN        NaN        NaN 0.0000000       NaN        NaN        NaN
52 1 0.0000000 0.0000000        NaN        NaN 0.0000000 0.0000000        NaN        NaN 0.0000000 0.0000000        NaN        NaN 0.0000000 0.0000000        NaN        NaN 0.0000000 0.0000000        NaN        NaN 0.0000000 0.0000000        NaN        NaN 0.0000000 0.0000000        NaN        NaN 0.0000000 0.0000000        NaN        NaN 0.0000000 0.0000000        NaN        NaN 0.0000000 0.0000000        NaN        NaN 0.0000000 0.0000000        NaN        NaN 0.0000000 0.0000000        NaN        NaN 0.0000000 0.0000000        NaN        NaN 0.0000000 0.0000000        NaN        NaN 0.0000000 0.0000000        NaN        NaN 0.0000000 0.0000000        NaN        NaN 0.0000000 0.0000000        NaN        NaN 0.0000000 0.0000000        NaN        NaN 0.0000000 0.0000000        NaN        NaN
52 2 0.0000000 0.0000000        NaN        NaN 0.0000000 0.0000000        NaN        NaN 0.0000000 0.0000000        NaN        NaN 0.0000000 0.0000000        NaN        NaN 0.0000000 0.0000000        NaN        NaN 0.0000000 0.0000000        NaN        NaN 0.0000000 0.0000000        NaN        NaN 0.0000000 0.0000000        NaN        NaN 0.0000000 0.0000000        NaN        NaN 0.0000000 0.0000000        NaN        NaN 0.0000000 0.0000000        NaN        NaN 0.0000000 0.0000000        NaN        NaN 0.0000000 0.0000000        NaN        NaN 0.0000000 0.0000000        NaN        NaN 0.0000000 0.0000000        NaN        NaN 0.0000000 0.0000000        NaN        NaN 0.0000000 0.0000000        NaN        NaN 0.0000000 0.0000000        NaN        NaN 0.0000000 0.0000000        NaN        NaN
52 3 0.0000000 0.0000000        NaN        NaN 0.0000000 0.0000000        NaN        NaN 0.0000000 0.0000000        NaN        NaN 0.0000000 0.0000000        NaN        NaN 0.0000000 0.0000000        NaN        NaN 0.0000000 0.0000000        NaN        NaN 0.0000000 0.0000000        NaN        NaN 0.0000000 0.0000000        NaN        NaN 0.0000000 0.0000000        NaN        NaN 0.0000000 0.0000000        NaN        NaN 0.0000000 0.0000000        NaN        NaN 0.0000000 0.0000000        NaN        NaN 0.0000000 0.0000000        NaN        NaN 0.0000000 0.0000000        NaN        NaN 0.0000000 0.0000000        NaN        NaN 0.0000000 0.0000000        NaN        NaN 0.0000000 0.0000000        NaN        NaN 0.0000000 0.0000000        NaN        NaN 0.0000000 0.0000000        NaN        NaN
53 0 0.0000000       NaN        NaN        NaN 0.0000000       NaN        NaN        NaN 0.0000000       NaN        NaN        NaN 0.0000000       NaN        NaN        NaN 0.0000000       NaN        NaN        NaN 0.0000000       NaN        NaN        NaN 0.0000000       NaN        NaN        NaN 0.0000000       NaN        NaN        NaN 0.0000000       NaN        NaN        NaN 0.0000000       NaN        NaN        NaN 0.0000000       NaN        NaN        NaN 0.0000000       NaN        NaN        NaN 0.0000000       NaN        NaN        NaN 0.0000000       NaN        NaN        NaN 0.0000000       NaN        NaN        NaN 0.0000000       NaN        NaN        NaN 0.0000000       NaN        NaN        NaN 0.0000000       NaN        NaN        NaN 0.0000000       NaN        NaN        NaN
53 1 0.0000000 0.0000000        NaN        NaN 0.0000000 0.0000000        NaN        NaN 0.0000000 0.0000000        NaN        NaN 0.0000000 0.0000000        NaN        NaN 0.0000000 0.0000000        NaN        NaN 0.0000000 0.0000000        NaN        NaN 0.0000000 0.0000000        NaN        NaN 0.0000000 0.0000000        NaN        NaN 0.0000000 0.0000000        NaN        NaN 0.0000000 0.0000000        NaN        NaN 0.0000000 0.0000000        NaN        NaN 0.0000000 0.0000000        NaN        NaN 0.0000000 0.0000000        NaN        NaN 0.0000000 0.0000000        NaN        NaN 0.0000000 0.0000000        NaN        NaN 0.0000000 0.0000000        NaN        NaN 0.0000000 0.0000000        NaN        NaN 0.0000000 0.0000000        NaN        NaN 0.0000000 0.0000000        NaN        NaN
53 2 0.0000000 0.0000000        NaN        NaN 0.0000000 0.0000000        NaN        NaN 0.0000000 0.0000000        NaN        NaN 0.0000000 0.0000000        NaN        NaN 0.0000000 0.0000000        NaN        NaN 0.0000000 0.0000000        NaN        NaN 0.0000000 0.0000000        NaN        NaN 0.0000000 0.0000000        NaN        NaN 0.0000000 0.0000000        NaN        NaN 0.0000000 0.0000000        NaN        NaN 0.0000000 0.0000000        NaN        NaN 0.0000000 0.0000000        NaN        NaN 0.0000000 0.0000000        NaN        NaN 0.0000000 0.0000000        NaN        NaN 0.0000000 0.0000000        NaN        NaN 0.0000000 0.0000000        NaN        NaN 0.0000000 0.0000000        NaN        NaN 0.0000000 0.0000000        NaN        NaN 0.0000000 0.0000000        NaN        NaN
53 3 0.0000000 0.0000000        NaN        NaN 0.0000000 0.0000000        NaN        NaN 0.0000000 0.0000000        NaN        NaN 0.0000000 0.0000000        NaN        NaN 0.0000000 0.0000000        NaN        NaN 0.0000000 0.0000000        NaN        NaN 0.0000000 0.0000000        NaN        NaN 0.0000000 0.0000000        NaN        NaN 0.0000000 0.0000000        NaN        NaN 0.0000000 0.0000000        NaN        NaN 0.0000000 0.0000000        NaN        NaN 0.0000000 0.0000000        NaN        NaN 0.0000000 0.0000000        NaN        NaN 0.0000000 0.0000000        NaN        NaN 0.0000000 0.0000000        NaN        NaN 0.0000000 0.0000000        NaN        NaN 0.0000000 0.0000000        NaN        NaN 0.0000000 0.0000000        NaN        NaN 0.0000000 0.0000000        NaN        NaN
54 0 0.0000000       NaN        NaN        NaN 0.0000000       NaN        NaN        NaN 0.0000000       NaN        NaN        NaN 0.0000000       NaN        NaN        NaN 0.0000000       NaN        NaN        NaN 0.0000000       NaN        NaN        NaN 0.0000000       NaN        NaN        NaN 0.0000000       NaN        NaN        NaN 0.0000000       NaN        NaN        NaN 0.0000000       NaN        NaN        NaN 0.0000000       NaN        NaN        NaN 0.0000000       NaN        NaN        NaN 0.0000000       NaN        NaN        NaN 0.0000000       NaN        NaN        NaN 0.0000000       NaN        NaN        NaN 0.0000000       NaN        NaN        NaN 0.0000000       NaN        NaN        NaN 0.0000000       NaN        NaN        NaN 0.0000000       NaN        NaN        NaN
54 1 0.0000000 0.0000000        NaN        NaN 0.0000000 0.0000000        NaN        NaN 0.0000000 0.0000000        NaN        NaN 0.0000000 0.0000000        NaN        NaN 0.0000000 0.0000000        NaN        NaN 0.0000000 0.0000000        NaN        NaN 0.0000000 0.0000000        NaN        NaN 0.0000000 0.0000000        NaN        NaN 0.0000000 0.0000000        NaN        NaN 0.0000000 0.0000000        NaN        NaN 0.0000000 0.0000000        NaN        NaN 0.0000000 0.0000000        NaN        NaN 0.0000000 0.0000000        NaN        NaN 0.0000000 0.0000000        NaN        NaN 0.0000000 0.0000000        NaN        NaN 0.0000000 0.0000000        NaN        NaN 0.0000000 0.0000000        NaN        NaN 0.0000000 0.0000000        NaN        NaN 0.0000000 0.0000000        NaN        NaN
54 2 0.0000000 0.0000000        NaN        NaN 0.0000000 0.0000000        NaN        NaN 0.0000000 0.0000000        NaN        NaN 0.0000000 0.0000000        NaN        NaN 0.0000000 0.0000000        NaN        NaN 0.0000000 0.0000000        NaN        NaN 0.0000000 0.0000000        NaN        NaN 0.0000000 0.0000000        NaN        NaN 0.0000000 0.0000000        NaN        NaN 0.0000000 0.0000000        NaN        NaN 0.0000000 0.0000000        NaN        NaN 0.0000000 0.0000000        NaN        NaN 0.0000000 0.0000000        NaN        NaN 0.0000000 0.0000000        NaN        NaN 0.0000000 0.0000000        NaN        NaN 0.0000000 0.0000000        NaN        NaN 0.0000000 0.0000000        NaN        NaN 0.0000000 0.0000000        NaN        NaN 0.0000000 0.0000000        NaN        NaN
54 3 0.0000000 0.0000000        NaN        NaN 0.0000000 0.0000000        NaN        NaN 0.0000000 0.0000000        NaN        NaN 0.0000000 0.0000000        NaN        NaN 0.0000000 0.0000000        NaN        NaN 0.0000000 0.0000000        NaN        NaN 0.0000000 0.0000000        NaN        NaN 0.0000000 0.0000000        NaN        NaN 0.0000000 0.0000000        NaN        NaN 0.0000000 0.0000000        NaN        NaN 0.0000000 0.0000000        NaN        NaN 0.0000000 0.0000000        NaN        NaN 0.0000000 0.0000000        NaN        NaN 0.0000000 0.0000000        NaN        NaN 0.0000000 0.0000000        NaN        NaN 0.0000000 0.0000000        NaN        NaN 0.0000000 0.0000000        NaN        NaN 0.0000000 0.0000000        NaN        NaN 0.0000000 0.0000000        NaN        NaN
55 0 0.0000000       NaN        NaN        NaN 0.0000000       NaN        NaN        NaN 0.0000000       NaN        NaN        NaN 0.0000000       NaN        NaN        NaN 0.0000000       NaN        NaN        NaN 0.0000000       NaN        NaN        NaN 0.0000000       NaN        NaN        NaN 0.0000000       NaN        NaN        NaN 0.0000000       NaN        NaN        NaN 0.0000000       NaN        NaN        NaN 0.0000000       NaN        NaN        NaN 0.0000000       NaN        NaN        NaN 0.0000000       NaN        NaN        NaN 0.0000000       NaN        NaN        NaN 0.0000000       NaN        NaN        NaN 0.0000000       NaN        NaN        NaN 0.0000000       NaN        NaN        NaN 0.0000000       NaN        NaN        NaN 0.0000000       NaN        NaN        NaN
55 1 0.0000000 0.0000000        NaN        NaN 0.0000000 0.0000000        NaN        NaN 0.0000000 0.0000000        NaN        NaN 0.0000000 0.0000000        NaN        NaN 0.0000000 0.0000000        NaN        NaN 0.0000000 0.0000000        NaN        NaN 0.0000000 0.0000000        NaN        NaN 0.0000000 0.0000000        NaN        NaN 0.0000000 0.0000000        NaN        NaN 0.0000000 0.0000000        NaN        NaN 0.0000000 0.0000000        NaN        NaN 0.0000000 0.0000000        NaN        NaN 0.0000000 0.0000000        NaN        NaN 0.0000000 0.0000000        NaN        NaN 0.0000000 0.0000000        NaN        NaN 0.0000000 0.0000000        NaN        NaN 0.0000000 0.0000000        NaN        NaN 0.0000000 0.0000000        NaN        NaN 0.0000000 0.0000000        NaN        NaN
55 2 0.0000000 0.0000000        NaN        NaN 0.0000000 0.0000000        NaN        NaN 0.0000000 0.0000000        NaN        NaN 0.0000000 0.0000000        NaN        NaN 0.0000000 0.0000000        NaN        NaN 0.0000000 0.0000000        NaN        NaN 0.0000000 0.0000000        NaN        NaN 0.0000000 0.0000000        NaN        NaN 0.0000000 0.0000000        NaN        NaN 0.0000000 0.0000000        NaN        NaN 0.0000000 0.0000000        NaN        NaN 0.0000000 0.0000000        NaN        NaN 0.0000000 0.0000000        NaN        NaN 0.0000000 0.0000000        NaN        NaN 0.0000000 0.0000000        NaN        NaN 0.0000000 0.0000000        NaN        NaN 0.0000000 0.0000000        NaN        NaN 0.0000000 0.0000000        NaN        NaN 0.0000000 0.0000000        NaN        NaN
55 3 0.0000000 0.0000000        NaN        NaN 0.0000000 0.0000000        NaN        NaN 0.0000000 0.0000000        NaN        NaN 0.0000000 0.0000000        NaN        NaN 0.0000000 0.0000000        NaN        NaN 0.0000000 0.0000000        NaN        NaN 0.0000000 0.0000000        NaN        NaN 0.0000000 0.0000000        NaN        NaN 0.0000000 0.0000000        NaN        NaN 0.0000000 0.0000000        NaN        NaN 0.0000000 0.0000000        NaN        NaN 0.0000000 0.0000000        NaN        NaN 0.0000000 0.0000000        NaN        NaN 0.0000000 0.0000000        NaN        NaN 0.0000000 0.0000000        NaN        NaN 0.0000000 0.0000000        NaN        NaN 0.0000000 0.0000000        NaN        NaN 0.0000000 0.0000000        NaN        NaN 0.0000000 0.0000000        NaN        NaN
56 0 0.0000000       NaN        NaN        NaN 0.0000000       NaN        NaN        NaN 0.0000000       NaN        NaN        NaN 0.0000000       NaN        NaN        NaN 0.0000000       NaN        NaN        NaN 0.0000000       NaN        NaN        NaN 0.0000000       NaN        NaN        NaN 0.0000000       NaN        NaN        NaN 0.0000000       NaN        NaN        NaN 0.0000000       NaN        NaN        NaN 0.0000000       NaN        NaN        NaN 0.0000000       NaN        NaN        NaN 0.0000000       NaN        NaN        NaN 0.0000000       NaN        NaN        NaN 0.0000000       NaN        NaN        NaN 0.0000000       NaN        NaN        NaN 0.0000000       NaN        NaN        NaN 0.0000000       NaN        NaN        NaN 0.0000000       NaN        NaN        NaN
56 1 0.0000000 0.0000000        NaN        NaN 0.0000000 0.0000000        NaN        NaN 0.0000000 0.0000000        NaN        NaN 0.0000000 0.0000000        NaN        NaN 0.0000000 0.0000000        NaN        NaN 0.0000000 0.0000000        NaN        NaN 0.0000000 0.0000000        NaN        NaN 0.0000000 0.0000000        NaN        NaN 0.0000000 0.0000000        NaN        NaN 0.0000000 0.0000000        NaN        NaN 0.0000000 0.0000000        NaN        NaN 0.0000000 0.0000000        NaN        NaN 0.0000000 0.0000000        NaN        NaN 0.0000000 0.0000000        NaN        NaN 0.0000000 0.0000000        NaN        NaN 0.0000000 0.0000000        NaN        NaN 0.0000000 0.0000000        NaN        NaN 0.0000000 0.0000000        NaN        NaN 0.0000000 0.0000000        NaN        NaN
56 2 0.0000000 0.0000000        NaN        NaN 0.0000000 0.0000000        NaN        NaN 0.0000000 0.0000000        NaN        NaN 0.0000000 0.0000000        NaN        NaN 0.0000000 0.0000000        NaN        NaN 0.0000000 0.0000000        NaN        NaN 0.0000000 0.0000000        NaN        NaN 0.0000000 0.0000000        NaN        NaN 0.0000000 0.0000000        NaN        NaN 0.0000000 0.0000000        NaN        NaN 0.0000000 0.0000000        NaN        NaN 0.0000000 0.0000000        NaN        NaN 0.0000000 0.0000000        NaN        NaN 0.0000000 0.0000000        NaN        NaN 0.0000000 0.0000000        NaN        NaN 0.0000000 0.0000000        NaN        NaN 0.0000000 0.0000000        NaN        NaN 0.0000000 0.0000000        NaN        NaN 0.0000000 0.0000000        NaN        NaN
56 3 0.0000000 0.0000000        NaN        NaN 0.0000000 0.0000000        NaN        NaN 0.0000000 0.0000000        NaN        NaN 0.0000000 0.0000000        NaN        NaN 0.0000000 0.0000000        NaN        NaN 0.0000000 0.0000000        NaN        NaN 0.0000000 0.0000000        NaN        NaN 0.0000000 0.0000000        NaN        NaN 0.0000000 0.0000000        NaN        NaN 0.0000000 0.0000000        NaN        NaN 0.0000000 0.0000000        NaN        NaN 0.0000000 0.0000000        NaN        NaN 0.0000000 0.0000000        NaN        NaN 0.0000000 0.0000000        NaN        NaN 0.0000000 0.0000000        NaN        NaN 0.0000000 0.0000000        NaN        NaN 0.0000000 0.0000000        NaN        NaN 0.0000000 0.0000000        NaN        NaN 0.0000000 0.0000000        NaN        NaN
57 0 0.0000000       NaN        NaN        NaN 0.0000000       NaN        NaN        NaN 0.0000000       NaN        NaN        NaN 0.0000000       NaN        NaN        NaN 0.0000000       NaN        NaN        NaN 0.0000000       NaN        NaN        NaN 0.0000000       NaN        NaN        NaN 0.0000000       NaN        NaN        NaN 0.0000000       NaN        NaN        NaN 0.0000000       NaN        NaN        NaN 0.0000000       NaN        NaN        NaN 0.0000000       NaN        NaN        NaN 0.0000000       NaN        NaN        NaN 0.0000000       NaN        NaN        NaN 0.0000000       NaN        NaN        NaN 0.0000000       NaN        NaN        NaN 0.0000000       NaN        NaN        NaN 0.0000000       NaN        NaN        NaN 0.0000000       NaN        NaN        NaN
57 1 0.0000000 0.0000000        NaN        NaN 0.0000000 0.0000000        NaN        NaN 0.0000000 0.0000000        NaN        NaN 0.0000000 0.0000000        NaN        NaN 0.0000000 0.0000000        NaN        NaN 0.0000000 0.0000000        NaN        NaN 0.0000000 0.0000000        NaN        NaN 0.0000000 0.0000000        NaN        NaN 0.0000000 0.0000000        NaN        NaN 0.0000000 0.0000000        NaN        NaN 0.0000000 0.0000000        NaN        NaN 0.0000000 0.0000000        NaN        NaN 0.0000000 0.0000000        NaN        NaN 0.0000000 0.0000000        NaN        NaN 0.0000000 0.0000000        NaN        NaN 0.0000000 0.0000000        NaN        NaN 0.0000000 0.0000000        NaN        NaN 0.0000000 0.0000000        NaN        NaN 0.0000000 0.0000000        NaN        NaN
57 2 0.0000000 0.0000000        NaN        NaN 0.0000000 0.0000000        NaN        NaN 0.0000000 0.0000000        NaN        NaN 0.0000000 0.0000000        NaN        NaN 0.0000000 0.0000000        NaN        NaN 0.0000000 0.0000000        NaN        NaN 0.0000000 0.0000000        NaN        NaN 0.0000000 0.0000000        NaN        NaN 0.0000000 0.0000000        NaN        NaN 0.0000000 0.0000000        NaN        NaN 0.0000000 0.0000000        NaN        NaN 0.0000000 0.0000000        NaN        NaN 0.0000000 0.0000000        NaN        NaN 0.0000000 0.0000000        NaN        NaN 0.0000000 0.0000000        NaN        NaN 0.0000000 0.0000000        NaN        NaN 0.0000000 0.0000000        NaN        NaN 0.0000000 0.0000000        NaN        NaN 0.0000000 0.0000000        NaN        NaN
57 3 0.0000000 0.0000000        NaN        NaN 0.0000000 0.0000000        NaN        NaN 0.0000000 0.0000000        NaN        NaN 0.0000000 0.0000000        NaN        NaN 0.0000000 0.0000000        NaN        NaN 0.0000000 0.0000000        NaN        NaN 0.0000000 0.0000000        NaN        NaN 0.0000000 0.0000000        NaN        NaN 0.0000000 0.0000000        NaN        NaN 0.0000000 0.0000000        NaN        NaN 0.0000000 0.0000000        NaN        NaN 0.0000000 0.0000000        NaN        NaN 0.0000000 0.0000000        NaN        NaN 0.0000000 0.0000000        NaN        NaN 0.0000000 0.0000000        NaN        NaN 0.0000000 0.0000000        NaN        NaN 0.0000000 0.0000000        NaN        NaN 0.0000000 0.0000000        NaN        NaN 0.0000000 0.0000000        NaN        NaN
58 0 0.0000000       NaN        NaN        NaN 0.0000000       NaN        NaN        NaN 0.0000000       NaN        NaN        NaN 0.0000000       NaN        NaN        NaN 0.0000000       NaN        NaN        NaN 0.0000000       NaN        NaN        NaN 0.0000000       NaN        NaN        NaN 0.0000000       NaN        NaN        NaN 0.0000000       NaN        NaN        NaN 0.0000000       NaN        NaN        NaN 0.0000000       NaN        NaN        NaN 0.0000000       NaN        NaN        NaN 0.0000000       NaN        NaN        NaN 0.0000000       NaN        NaN        NaN 0.0000000       NaN        NaN        NaN 0.0000000       NaN        NaN        NaN 0.0000000       NaN        NaN        NaN 0.0000000       NaN        NaN        NaN 0.0000000       NaN        NaN        NaN
58 1 0.0000000 0.0000000        NaN        NaN 0.0000000 0.0000000        NaN        NaN 0.0000000 0.0000000        NaN        NaN 0.0000000 0.0000000        NaN        NaN 0.0000000 0.0000000        NaN        NaN 0.0000000 0.0000000        NaN        NaN 0.0000000 0.0000000        NaN        NaN 0.0000000 0.0000000        NaN        NaN 0.0000000 0.0000000        NaN        NaN 0.0000000 0.0000000        NaN        NaN 0.0000000 0.0000000        NaN        NaN 0.0000000 0.0000000        NaN        NaN 0.0000000 0.0000000        NaN        NaN 0.0000000 0.0000000        NaN        NaN 0.0000000 0.0000000        NaN        NaN 0.0000000 0.0000000        NaN        NaN 0.0000000 0.0000000        NaN        NaN 0.0000000 0.0000000        NaN        NaN 0.0000000 0.0000000        NaN        NaN
58 2 0.0000000 0.0000000        NaN        NaN 0.0000000 0.0000000        NaN        NaN 0.0000000 0.0000000        NaN        NaN 0.0000000 0.0000000        NaN        NaN 0.0000000 0.0000000        NaN        NaN 0.0000000 0.0000000        NaN        NaN 0.0000000 0.0000000        NaN        NaN 0.0000000 0.0000000        NaN        NaN 0.0000000 0.0000000        NaN        NaN 0.0000000 0.0000000        NaN        NaN 0.0000000 0.0000000        NaN        NaN 0.0000000 0.0000000        NaN        NaN 0.0000000 0.0000000        NaN        NaN 0.0000000 0.0000000        NaN        NaN 0.0000000 0.0000000        NaN        NaN 0.0000000 0.0000000        NaN        NaN 0.0000000 0.0000000        NaN        NaN 0.0000000 0.0000000        NaN        NaN 0.0000000 0.0000000        NaN        NaN
58 3 0.0000000 0.0000000        NaN        NaN 0.0000000 0.0000000        NaN        NaN 0.0000000 0.0000000        NaN        NaN 0.0000000 0.0000000        NaN        NaN 0.0000000 0.0000000        NaN        NaN 0.0000000 0.0000000        NaN        NaN 0.0000000 0.0000000        NaN        NaN 0.0000000 0.0000000        NaN        NaN 0.0000000 0.0000000        NaN        NaN 0.0000000 0.0000000        NaN        NaN 0.0000000 0.0000000        NaN        NaN 0.0000000 0.0000000        NaN        NaN 0.0000000 0.0000000        NaN        NaN 0.0000000 0.0000000        NaN        NaN 0.0000000 0.0000000        NaN        NaN 0.0000000 0.0000000        NaN        NaN 0.0000000 0.0000000        NaN        NaN 0.0000000 0.0000000        NaN        NaN 0.0000000 0.0000000        NaN        NaN
59 0 0.0000000       NaN        NaN        NaN 0.0000000       NaN        NaN        NaN 0.0000000       NaN        NaN        NaN 0.0000000       NaN        NaN        NaN 0.0000000       NaN        NaN        NaN 0.0000000       NaN        NaN        NaN 0.0000000       NaN        NaN        NaN 0.0000000       NaN        NaN        NaN 0.0000000       NaN        NaN        NaN 0.0000000       NaN        NaN        NaN 0.0000000       NaN        NaN        NaN 0.0000000       NaN        NaN        NaN 0.0000000       NaN        NaN        NaN 0.0000000       NaN        NaN        NaN 0.0000000       NaN        NaN        NaN 0.0000000       NaN        NaN        NaN 0.0000000       NaN        NaN        NaN 0.0000000       NaN        NaN        NaN 0.0000000       NaN        NaN        NaN
59 1 0.0000000 0.0000000        NaN        NaN 0.0000000 0.0000000        NaN        NaN 0.0000000 0.0000000        NaN        NaN 0.0000000 0.0000000        NaN        NaN 0.0000000 0.0000000        NaN        NaN 0.0000000 0.0000000        NaN        NaN 0.0000000 0.0000000        NaN        NaN 0.0000000 0.0000000        NaN        NaN 0.0000000 0.0000000        NaN        NaN 0.0000000 0.0000000        NaN        NaN 0.0000000 0.0000000        NaN        NaN 0.0000000 0.0000000        NaN        NaN 0.0000000 0.0000000        NaN        NaN 0.0000000 0.0000000        NaN        NaN 0.0000000 0.0000000        NaN        NaN 0.0000000 0.0000000        NaN        NaN 0.0000000 0.0000000        NaN        NaN 0.0000000 0.0000000        NaN        NaN 0.0000000 0.0000000        NaN        NaN
59 2 0.0000000 0.0000000        NaN        NaN 0.0000000 0.0000000        NaN        NaN 0.0000000 0.0000000        NaN        NaN 0.0000000 0.0000000        NaN        NaN 0.0000000 0.0000000        NaN        NaN 0.0000000 0.0000000        NaN        NaN 0.0000000 0.0000000        NaN        NaN 0.0000000 0.0000000        NaN        NaN 0.0000000 0.0000000        NaN        NaN 0.0000000 0.0000000        NaN        NaN 0.0000000 0.0000000        NaN        NaN 0.0000000 0.0000000        NaN        NaN 0.0000000 0.0000000        NaN        NaN 0.0000000 0.0000000        NaN        NaN 0.0000000 0.0000000        NaN        NaN 0.0000000 0.0000000        NaN        NaN 0.0000000 0.0000000        NaN        NaN 0.0000000 0.0000000        NaN        NaN 0.0000000 0.0000000        NaN        NaN
59 3 0.0000000 0.0000000        NaN        NaN 0.0000000 0.0000000        NaN        NaN 0.0000000 0.0000000        NaN        NaN 0.0000000 0.0000000        NaN        NaN 0.0000000 0.0000000        NaN        NaN 0.0000000 0.0000000        NaN        NaN 0.0000000 0.0000000        NaN        NaN 0.0000000 0.0000000        NaN        NaN 0.0000000 0.0000000        NaN        NaN 0.0000000 0.0000000        NaN        NaN 0.0000000 0.0000000        NaN        NaN 0.0000000 0.0000000        NaN        NaN 0.0000000 0.0000000        NaN        NaN 0.0000000 0.0000000        NaN        NaN 0.0000000 0.0000000        NaN        NaN 0.0000000 0.0000000        NaN        NaN 0.0000000 0.0000000        NaN        NaN 0.0000000 0.0000000        NaN        NaN 0.0000000 0.0000000        NaN        NaN
60 0 0.0000000       NaN        NaN        NaN 0.0000000       NaN        NaN        NaN 0.0000000       NaN        NaN        NaN 0.0000000       NaN        NaN        NaN 0.0000000       NaN        NaN        NaN 0.0000000       NaN        NaN        NaN 0.0000000       NaN        NaN        NaN 0.0000000       NaN        NaN        NaN 0.0000000       NaN        NaN        NaN 0.0000000       NaN        NaN        NaN 0.0000000       NaN        NaN        NaN 0.0000000       NaN        NaN        NaN 0.0000000       NaN        NaN        NaN 0.0000000       NaN        NaN        NaN 0.0000000       NaN        NaN        NaN 0.0000000       NaN        NaN        NaN 0.0000000       NaN        NaN        NaN 0.0000000       NaN        NaN        NaN 0.0000000       NaN        NaN        NaN
60 1 0.0000000 0.0000000        NaN        NaN 0.0000000 0.0000000        NaN        NaN 0.0000000 0.0000000        NaN        NaN 0.0000000 0.0000000        NaN        NaN 0.0000000 0.0000000        NaN        NaN 0.0000000 0.0000000        NaN        NaN 0.0000000 0.0000000        NaN        NaN 0.0000000 0.0000000        NaN        NaN 0.0000000 0.0000000        NaN        NaN 0.0000000 0.0000000        NaN        NaN 0.0000000 0.0000000        NaN        NaN 0.0000000 0.0000000        NaN        NaN 0.0000000 0.0000000        NaN        NaN 0.0000000 0.0000000        NaN        NaN 0.0000000 0.0000000        NaN        NaN 0.0000000 0.0000000        NaN        NaN 0.0000000 0.0000000        NaN        NaN 0.0000000 0.0000000        NaN        NaN 0.0000000 0.0000000        NaN        NaN
60 2 0.0000000 0.0000000        NaN        NaN 0.0000000 0.0000000        NaN        NaN 0.0000000 0.0000000        NaN        NaN 0.0000000 0.0000000        NaN        NaN 0.0000000 0.0000000        NaN        NaN 0.0000000 0.0000000        NaN        NaN 0.0000000 0.0000000        NaN        NaN 0.0000000 0.0000000        NaN        NaN 0.0000000 0.0000000        NaN        NaN 0.0000000 0.0000000        NaN        NaN 0.0000000 0.0000000        NaN        NaN 0.0000000 0.0000000        NaN        NaN 0.0000000 0.0000000        NaN        NaN 0.0000000 0.0000000        NaN        NaN 0.0000000 0.0000000        NaN        NaN 0.0000000 0.0000000        NaN        NaN 0.0000000 0.0000000        NaN        NaN 0.0000000 0.0000000        NaN        NaN 0.0000000 0.0000000        NaN        NaN
60 3 0.0000000 0.0000000        NaN        NaN 0.0000000 0.0000000        NaN        NaN 0.0000000 0.0000000        NaN        NaN 0.0000000 0.0000000        NaN        NaN 0.0000000 0.0000000        NaN        NaN 0.0000000 0.0000000        NaN        NaN 0.0000000 0.0000000        NaN        NaN 0.0000000 0.0000000        NaN        NaN 0.0000000 0.0000000        NaN        NaN 0.0000000 0.0000000        NaN        NaN 0.0000000 0.0000000        NaN        NaN 0.0000000 0.0000000        NaN        NaN 0.0000000 0.0000000        NaN        NaN 0.0000000 0.0000000        NaN        NaN 0.0000000 0.0000000        NaN        NaN 0.0000000 0.0000000        NaN        NaN 0.0000000 0.0000000        NaN        NaN 0.0000000 0.0000000        NaN        NaN 0.0000000 0.0000000        NaN        NaN
61 0 0.0000000       NaN        NaN        NaN 0.0000000       NaN        NaN        NaN 0.0000000       NaN        NaN        NaN 0.0000000       NaN        NaN        NaN 0.0000000       NaN        NaN        NaN 0.0000000       NaN        NaN        NaN 0.0000000       NaN        NaN        NaN 0.0000000       NaN        NaN        NaN 0.0000000       NaN        NaN        NaN 0.0000000       NaN        NaN        NaN 0.0000000       NaN        NaN        NaN 0.0000000       NaN        NaN        NaN 0.0000000       NaN        NaN        NaN 0.0000000       NaN        NaN        NaN 0.0000000       NaN        NaN        NaN 0.0000000       NaN        NaN        NaN 0.0000000       NaN        NaN        NaN 0.0000000       NaN        NaN        NaN 0.0000000       NaN        NaN        NaN
61 1 0.0000000 0.0000000        NaN        NaN 0.0000000 0.0000000        NaN        NaN 0.0000000 0.0000000        NaN        NaN 0.0000000 0.0000000        NaN        NaN 0.0000000 0.0000000        NaN        NaN 0.0000000 0.0000000        NaN        NaN 0.0000000 0.0000000        NaN        NaN 0.0000000 0.0000000        NaN        NaN 0.0000000 0.0000000        NaN        NaN 0.0000000 0.0000000        NaN        NaN 0.0000000 0.0000000        NaN        NaN 0.0000000 0.0000000        NaN        NaN 0.0000000 0.0000000        NaN        NaN 0.0000000 0.0000000        NaN        NaN 0.0000000 0.0000000        NaN        NaN 0.0000000 0.0000000        NaN        NaN 0.0000000 0.0000000        NaN        NaN 0.0000000 0.0000000        NaN        NaN 0.0000000 0.0000000        NaN        NaN
61 2 0.0000000 0.0000000        NaN        NaN 0.0000000 0.0000000        NaN        NaN 0.0000000 0.0000000        NaN        NaN 0.0000000 0.0000000        NaN        NaN 0.0000000 0.0000000        NaN        NaN 0.0000000 0.0000000        NaN        NaN 0.0000000 0.0000000        NaN        NaN 0.0000000 0.0000000        NaN        NaN 0.0000000 0.0000000        NaN        NaN 0.0000000 0.0000000        NaN        NaN 0.0000000 0.0000000        NaN        NaN 0.0000000 0.0000000        NaN        NaN 0.0000000 0.0000000        NaN        NaN 0.0000000 0.0000000        NaN        NaN 0.0000000 0.0000000        NaN        NaN 0.0000000 0.0000000        NaN        NaN 0.0000000 0.0000000        NaN        NaN 0.0000000 0.0000000        NaN        NaN 0.0000000 0.0000000        NaN        NaN
61 3 0.0000000 0.0000000        NaN        NaN 0.0000000 0.0000000        NaN        NaN 0.0000000 0.0000000        NaN        NaN 0.0000000 0.0000000        NaN        NaN 0.0000000 0.0000000        NaN        NaN 0.0000000 0.0000000        NaN        NaN 0.0000000 0.0000000        NaN        NaN 0.0000000 0.0000000        NaN        NaN 0.0000000 0.0000000        NaN        NaN 0.0000000 0.0000000        NaN        NaN 0.0000000 0.0000000        NaN        NaN 0.0000000 0.0000000        NaN        NaN 0.0000000 0.0000000        NaN        NaN 0.0000000 0.0000000        NaN        NaN 0.0000000 0.0000000        NaN        NaN 0.0000000 0.0000000        NaN        NaN 0.0000000 0.0000000        NaN        NaN 0.0000000 0.0000000        NaN        NaN 0.0000000 0.0000000        NaN        NaN
62 0 0.0000000       NaN        NaN        NaN 0.0000000       NaN        NaN        NaN 0.0000000       NaN        NaN        NaN 0.0000000       NaN        NaN        NaN 0.0000000       NaN        NaN        NaN 0.0000000       NaN        NaN        NaN 0.0000000       NaN        NaN        NaN 0.0000000       NaN        NaN        NaN 0.0000000       NaN        NaN        NaN 0.0000000       NaN        NaN        NaN 0.0000000       NaN        NaN        NaN 0.0000000       NaN        NaN        NaN 0.0000000       NaN        NaN        NaN 0.0000000       NaN        NaN        NaN 0.0000000       NaN        NaN        NaN 0.0000000       NaN        NaN        NaN 0.0000000       NaN        NaN        NaN 0.0000000       NaN        NaN        NaN 0.0000000       NaN        NaN        NaN
62 1 0.0000000 0.0000000        NaN        NaN 0.0000000 0.0000000        NaN        NaN 0.0000000 0.0000000        NaN        NaN 0.0000000 0.0000000        NaN        NaN 0.0000000 0.0000000        NaN        NaN 0.0000000 0.0000000        NaN        NaN 0.0000000 0.0000000        NaN        NaN 0.0000000 0.0000000        NaN        NaN 0.0000000 0.0000000        NaN        NaN 0.0000000 0.0000000        NaN        NaN 0.0000000 0.0000000        NaN        NaN 0.0000000 0.0000000        NaN        NaN 0.0000000 0.0000000        NaN        NaN 0.0000000 0.0000000        NaN        NaN 0.0000000 0.0000000        NaN        NaN 0.0000000 0.0000000        NaN        NaN 0.0000000 0.0000000        NaN        NaN 0.0000000 0.0000000        NaN        NaN 0.0000000 0.0000000        NaN        NaN
62 2 0.0000000 0.0000000        NaN        NaN 0.0000000 0.0000000        NaN        NaN 0.0000000 0.0000000        NaN        NaN 0.0000000 0.0000000        NaN        NaN 0.0000000 0.0000000        NaN        NaN 0.0000000 0.0000000        NaN        NaN 0.0000000 0.0000000        NaN        NaN 0.0000000 0.0000000        NaN        NaN 0.0000000 0.0000000        NaN        NaN 0.0000000 0.0000000        NaN        NaN 0.0000000 0.0000000        NaN        NaN 0.0000000 0.0000000        NaN        NaN 0.0000000 0.0000000        NaN        NaN 0.0000000 0.0000000        NaN        NaN 0.0000000 0.0000000        NaN        NaN 0.0000000 0.0000000        NaN        NaN 0.0000000 0.0000000        NaN        NaN 0.0000000 0.0000000        NaN        NaN 0.0000000 0.0000000        NaN        NaN
62 3 0.0000000 0.0000000        NaN        NaN 0.0000000 0.0000000        NaN        NaN 0.0000000 0.0000000        NaN        NaN 0.0000000 0.0000000        NaN        NaN 0.0000000 0.0000000        NaN        NaN 0.0000000 0.0000000        NaN        NaN 0.0000000 0.0000000        NaN        NaN 0.0000000 0.0000000        NaN        NaN 0.0000000 0.0000000        NaN        NaN 0.0000000 0.0000000        NaN        NaN 0.0000000 0.0000000        NaN        NaN 0.0000000 0.0000000        NaN        NaN 0.0000000 0.0000000        NaN        NaN 0.0000000 0.0000000        NaN        NaN 0.0000000 0.0000000        NaN        NaN 0.0000000 0.0000000        NaN        NaN 0.0000000 0.0000000        NaN        NaN 0.0000000 0.0000000        NaN        NaN 0.0000000 0.0000000        NaN        NaN
63 0 0.0000000       NaN        NaN        NaN 0.0000000       NaN        NaN        NaN 0.0000000       NaN        NaN        NaN 0.0000000       NaN        NaN        NaN 0.0000000       NaN        NaN        NaN 0.0000000       NaN        NaN        NaN 0.0000000       NaN        NaN        NaN 0.0000000       NaN        NaN        NaN 0.0000000       NaN        NaN        NaN 0.0000000       NaN        NaN        NaN 0.0000000       NaN        NaN        NaN 0.0000000       NaN        NaN        NaN 0.0000000       NaN        NaN        NaN 0.0000000       NaN        NaN        NaN 0.0000000       NaN        NaN        NaN 0.0000000       NaN        NaN        NaN 0.0000000       NaN        NaN        NaN 0.0000000       NaN        NaN        NaN 0.0000000       NaN        NaN        NaN
63 1 0.0000000 0.0000000        NaN        NaN 0.0000000 0.0000000        NaN        NaN 0.0000000 0.0000000        NaN        NaN 0.0000000 0.0000000        NaN        NaN 0.0000000 0.0000000        NaN        NaN 0.0000000 0.0000000        NaN        NaN 0.0000000 0.0000000        NaN        NaN 0.0000000 0.0000000        NaN        NaN 0.0000000 0.0000000        NaN        NaN 0.0000000 0.0000000        NaN        NaN 0.0000000 0.0000000        NaN        NaN 0.0000000 0.0000000        NaN        NaN 0.0000000 0.0000000        NaN        NaN 0.0000000 0.0000000        NaN        NaN 0.0000000 0.0000000        NaN        NaN 0.0000000 0.0000000        NaN        NaN 0.0000000 0.0000000        NaN        NaN 0.0000000 0.0000000        NaN        NaN 0.0000000 0.0000000        NaN        NaN
63 2 0.0000000 0.0000000        NaN        NaN 0.0000000 0.0000000        NaN        NaN 0.0000000 0.0000000        NaN        NaN 0.0000000 0.0000000        NaN        NaN 0.0000000 0.0000000        NaN        NaN 0.0000000 0.0000000        NaN        NaN 0.0000000 0.0000000        NaN        NaN 0.0000000 0.0000000        NaN        NaN 0.0000000 0.0000000        NaN        NaN 0.0000000 0.0000000        NaN        NaN 0.0000000 0.0000000        NaN        NaN 0.0000000 0.0000000        NaN        NaN 0.0000000 0.0000000        NaN        NaN 0.0000000 0.0000000        NaN        NaN 0.0000000 0.0000000        NaN        NaN 0.0000000 0.0000000        NaN        NaN 0.0000000 0.0000000        NaN        NaN 0.0000000 0.0000000        NaN        NaN 0.0000000 0.0000000        NaN        NaN
63 3 0.0000000 0.0000000        NaN        NaN 0.0000000 0.0000000        NaN        NaN 0.0000000 0.0000000        NaN        NaN 0.0000000 0.0000000        NaN        NaN 0.0000000 0.0000000        NaN        NaN 0.0000000 0.0000000        NaN        NaN 0.0000000 0.0000000        NaN        NaN 0.0000000 0.0000000        NaN        NaN 0.0000000 0.0000000        NaN        NaN 0.0000000 0.0000000        NaN        NaN 0.0000000 0.0000000        NaN        NaN 0.0000000 0.0000000        NaN        NaN 0.0000000 0.0000000        NaN        NaN 0.0000000 0.0000000        NaN        NaN 0.0000000 0.0000000        NaN        NaN 0.0000000 0.0000000        NaN        NaN 0.0000000 0.0000000        NaN        NaN 0.0000000 0.0000000        NaN        NaN 0.0000000 0.0000000        NaN        NaN
64 0 0.0000000       NaN        NaN        NaN 0.0000000       NaN        NaN        NaN 0.0000000       NaN        NaN        NaN 0.0000000       NaN        NaN        NaN 0.0000000       NaN        NaN        NaN 0.0000000       NaN        NaN        NaN 0.0000000       NaN        NaN        NaN 0.0000000       NaN        NaN        NaN 0.0000000       NaN        NaN        NaN 0.0000000       NaN        NaN        NaN 0.0000000       NaN        NaN        NaN 0.0000000       NaN        NaN        NaN 0.0000000       NaN        NaN        NaN 0.0000000       NaN        NaN        NaN 0.0000000       NaN        NaN        NaN 0.0000000       NaN        NaN        NaN 0.0000000       NaN        NaN        NaN 0.0000000       NaN        NaN        NaN 0.0000000       NaN        NaN        NaN
64 1 0.0000000 0.0000000        NaN        NaN 0.0000000 0.0000000        NaN        NaN 0.0000000 0.0000000        NaN        NaN 0.0000000 0.0000000        NaN        NaN 0.0000000 0.0000000        NaN        NaN 0.0000000 0.0000000        NaN        NaN 0.0000000 0.0000000        NaN        NaN 0.0000000 0.0000000        NaN        NaN 0.0000000 0.0000000        NaN        NaN 0.0000000 0.0000000        NaN        NaN 0.0000000 0.0000000        NaN        NaN 0.0000000 0.0000000        NaN        NaN 0.0000000 0.0000000        NaN        NaN 0.0000000 0.0000000        NaN        NaN 0.0000000 0.0000000        NaN        NaN 0.0000000 0.0000000        NaN        NaN 0.0000000 0.0000000        NaN        NaN 0.0000000 0.0000000        NaN        NaN 0.0000000 0.0000000        NaN        NaN
64 2 0.0000000 0.0000000        NaN        NaN 0.0000000 0.0000000        NaN        NaN 0.0000000 0.0000000        NaN        NaN 0.0000000 0.0000000        NaN        NaN 0.0000000 0.0000000        NaN        NaN 0.0000000 0.0000000        NaN        NaN 0.0000000 0.0000000        NaN        NaN 0.0000000 0.0000000        NaN        NaN 0.0000000 0.0000000        NaN        NaN 0.0000000 0.0000000        NaN        NaN 0.0000000 0.0000000        NaN        NaN 0.0000000 0.0000000        NaN        NaN 0.0000000 0.0000000        NaN        NaN 0.0000000 0.0000000        NaN        NaN 0.0000000 0.0000000        NaN        NaN 0.0000000 0.0000000        NaN        NaN 0.0000000 0.0000000        NaN        NaN 0.0000000 0.0000000        NaN        NaN 0.0000000 0.0000000        NaN        NaN
64 3 0.0000000 0.0000000        NaN        NaN 0.0000000 0.0000000        NaN        NaN 0.0000000 0.0000000        NaN        NaN 0.0000000 0.0000000        NaN        NaN 0.0000000 0.0000000        NaN        NaN 0.0000000 0.0000000        NaN        NaN 0.0000000 0.0000000        NaN        NaN 0.0000000 0.0000000        NaN        NaN 0.0000000 0.0000000        NaN        NaN 0.0000000 0.0000000        NaN        NaN 0.0000000 0.0000000        NaN        NaN 0.0000000 0.0000000        NaN        NaN 0.0000000 0.0000000        NaN        NaN 0.0000000 0.0000000        NaN        NaN 0.0000000 0.0000000        NaN        NaN 0.0000000 0.0000000        NaN        NaN 0.0000000 0.0000000        NaN        NaN 0.0000000 0.0000000        NaN        NaN 0.0000000 0.0000000        NaN        NaN
65 0 0.0000000       NaN        NaN        NaN 0.0000000       NaN        NaN        NaN 0.0000000       NaN        NaN        NaN 0.0000000       NaN        NaN        NaN 0.0000000       NaN        NaN        NaN 0.0000000       NaN        NaN        NaN 0.0000000       NaN        NaN        NaN 0.0000000       NaN        NaN        NaN 0.0000000       NaN        NaN        NaN 0.0000000       NaN        NaN        NaN 0.0000000       NaN        NaN        NaN 0.0000000       NaN        NaN        NaN 0.0000000       NaN        NaN        NaN 0.0000000       NaN        NaN        NaN 0.0000000       NaN        NaN        NaN 0.0000000       NaN        NaN        NaN 0.0000000       NaN        NaN        NaN 0.0000000       NaN        NaN        NaN 0.0000000       NaN        NaN        NaN
65 1 0.0000000 0.0000000        NaN        NaN 0.0000000 0.0000000        NaN        NaN 0.0000000 0.0000000        NaN        NaN 0.0000000 0.0000000        NaN        NaN 0.0000000 0.0000000        NaN        NaN 0.0000000 0.0000000        NaN        NaN 0.0000000 0.0000000        NaN        NaN 0.0000000 0.0000000        NaN        NaN 0.0000000 0.0000000        NaN        NaN 0.0000000 0.0000000        NaN        NaN 0.0000000 0.0000000        NaN        NaN 0.0000000 0.0000000        NaN        NaN 0.0000000 0.0000000        NaN        NaN 0.0000000 0.0000000        NaN        NaN 0.0000000 0.0000000        NaN        NaN 0.0000000 0.0000000        NaN        NaN 0.0000000 0.0000000        NaN        NaN 0.0000000 0.0000000        NaN        NaN 0.0000000 0.0000000        NaN        NaN
65 2 0.0000000 0.0000000        NaN        NaN 0.0000000 0.0000000        NaN        NaN 0.0000000 0.0000000        NaN        NaN 0.0000000 0.0000000        NaN        NaN 0.0000000 0.0000000        NaN        NaN 0.0000000 0.0000000        NaN        NaN 0.0000000 0.0000000        NaN        NaN 0.0000000 0.0000000        NaN        NaN 0.0000000 0.0000000        NaN        NaN 0.0000000 0.0000000        NaN        NaN 0.0000000 0.0000000        NaN        NaN 0.0000000 0.0000000        NaN        NaN 0.0000000 0.0000000        NaN        NaN 0.0000000 0.0000000        NaN        NaN 0.0000000 0.0000000        NaN        NaN 0.0000000 0.0000000        NaN        NaN 0.0000000 0.0000000        NaN        NaN 0.0000000 0.0000000        NaN        NaN 0.0000000 0.0000000        NaN        NaN
65 3 0.0000000 0.0000000        NaN        NaN 0.0000000 0.0000000        NaN        NaN 0.0000000 0.0000000        NaN        NaN 0.0000000 0.0000000        NaN        NaN 0.0000000 0.0000000        NaN        NaN 0.0000000 0.0000000        NaN        NaN 0.0000000 0.0000000        NaN        NaN 0.0000000 0.0000000        NaN        NaN 0.0000000 0.0000000        NaN        NaN 0.0000000 0.0000000        NaN        NaN 0.0000000 0.0000000        NaN        NaN 0.0000000 0.0000000        NaN        NaN 0.0000000 0.0000000        NaN        NaN 0.0000000 0.0000000        NaN        NaN 0.0000000 0.0000000        NaN        NaN 0.0000000 0.0000000        NaN        NaN 0.0000000 0.0000000        NaN        NaN 0.0000000 0.0000000        NaN        NaN 0.0000000 0.0000000        NaN        NaN